case_id,step,age,kind,baseline_guided_noise_error,guided_noise_error,error_reduction,recovery_fraction,milliseconds
portrait_seed0,4,2,activation_only,0.06799347698688507,0.06799347698688507,0.0,0.0,359.7371826171875
portrait_seed0,4,2,suffix_only,0.06799347698688507,0.068428635597229,-0.0004351586103439331,-0.006400005259737912,1138.7484130859375
portrait_seed0,4,2,activation_plus_suffix,0.06799347698688507,0.00864174123853445,0.05935173574835062,0.8729033780666737,1171.3553466796875
portrait_seed0,9,2,activation_only,0.06715933233499527,0.06715933233499527,0.0,0.0,404.1350402832031
portrait_seed0,9,2,suffix_only,0.06715933233499527,0.06675555557012558,0.00040377676486968994,0.0060122212480556575,1387.717529296875
portrait_seed0,9,2,activation_plus_suffix,0.06715933233499527,0.01626039482653141,0.05089893750846386,0.7578833162690858,1398.821044921875
portrait_seed0,12,2,activation_only,0.08112117648124695,0.08112117648124695,0.0,0.0,432.2529296875
portrait_seed0,12,2,suffix_only,0.08112117648124695,0.07900997996330261,0.002111196517944336,0.02602522065779443,1463.606201171875
portrait_seed0,12,2,activation_plus_suffix,0.08112117648124695,0.023493515327572823,0.057627661153674126,0.7103898593851891,1465.656494140625
portrait_seed0,15,2,activation_only,0.09300296008586884,0.09300296008586884,0.0,0.0,457.0832824707031
portrait_seed0,15,2,suffix_only,0.09300296008586884,0.08819281309843063,0.004810146987438202,0.05172036441632647,1521.4573974609375
portrait_seed0,15,2,activation_plus_suffix,0.09300296008586884,0.035493455827236176,0.05750950425863266,0.6183620844490824,1518.7244873046875
portrait_seed0,18,2,activation_only,0.14289268851280212,0.14289268851280212,0.0,0.0,476.1686096191406
portrait_seed0,18,2,suffix_only,0.14289268851280212,0.13136164844036102,0.011531040072441101,0.08069720146253673,1563.1322021484375
portrait_seed0,18,2,activation_plus_suffix,0.14289268851280212,0.06819453835487366,0.07469815015792847,0.522756978928534,1554.3408203125
portrait_seed1,4,2,activation_only,0.062266118824481964,0.062266118824481964,0.0,0.0,357.9815368652344
portrait_seed1,4,2,suffix_only,0.062266118824481964,0.061757851392030716,0.0005082674324512482,0.00816282501698831,1150.4095458984375
portrait_seed1,4,2,activation_plus_suffix,0.062266118824481964,0.008573256433010101,0.05369286239147186,0.8623126574312956,1193.2230224609375
portrait_seed1,9,2,activation_only,0.08845136314630508,0.08845136314630508,0.0,0.0,393.8829650878906
portrait_seed1,9,2,suffix_only,0.08845136314630508,0.0878998190164566,0.0005515441298484802,0.006235563932872188,1378.3067626953125
portrait_seed1,9,2,activation_plus_suffix,0.08845136314630508,0.020425399765372276,0.06802596338093281,0.7690776146480959,1410.272216796875
portrait_seed1,12,2,activation_only,0.09623835235834122,0.09623835235834122,0.0,0.0,435.29901123046875
portrait_seed1,12,2,suffix_only,0.09623835235834122,0.09672194719314575,-0.0004835948348045349,-0.005024970014073818,1485.53759765625
portrait_seed1,12,2,activation_plus_suffix,0.09623835235834122,0.02265760861337185,0.07358074374496937,0.7645677834445171,1496.5333251953125
portrait_seed1,15,2,activation_only,0.09575147181749344,0.09575147181749344,0.0,0.0,461.0052185058594
portrait_seed1,15,2,suffix_only,0.09575147181749344,0.09221201390028,0.00353945791721344,0.03696504972748413,1548.177978515625
portrait_seed1,15,2,activation_plus_suffix,0.09575147181749344,0.03439975902438164,0.0613517127931118,0.6407391095778756,1549.962646484375
portrait_seed1,18,2,activation_only,0.13373014330863953,0.13373014330863953,0.0,0.0,477.07794189453125
portrait_seed1,18,2,suffix_only,0.13373014330863953,0.12383382767438889,0.009896315634250641,0.07400213137744613,1585.9146728515625
portrait_seed1,18,2,activation_plus_suffix,0.13373014330863953,0.06648363918066025,0.06724650412797928,0.5028522550280918,1587.630859375
animal_seed0,4,2,activation_only,0.08441682904958725,0.08441682904958725,0.0,0.0,367.1700134277344
animal_seed0,4,2,suffix_only,0.08441682904958725,0.08471202850341797,-0.000295199453830719,-0.0034969265862535067,1109.100341796875
animal_seed0,4,2,activation_plus_suffix,0.08441682904958725,0.013548891991376877,0.07086793705821037,0.8395001074558471,1120.974365234375
animal_seed0,9,2,activation_only,0.11084665358066559,0.11084665358066559,0.0,0.0,385.49884033203125
animal_seed0,9,2,suffix_only,0.11084665358066559,0.11188524216413498,-0.0010385885834693909,-0.009369597997954776,1350.7347412109375
animal_seed0,9,2,activation_plus_suffix,0.11084665358066559,0.02954210713505745,0.08130454644560814,0.7334867027486852,1379.09912109375
animal_seed0,12,2,activation_only,0.09670108556747437,0.09670108556747437,0.0,0.0,412.7339172363281
animal_seed0,12,2,suffix_only,0.09670108556747437,0.0957142561674118,0.000986829400062561,0.01020494645196086,1442.5340576171875
animal_seed0,12,2,activation_plus_suffix,0.09670108556747437,0.03243871033191681,0.06426237523555756,0.6645465752369212,1454.781982421875
animal_seed0,15,2,activation_only,0.11785932630300522,0.11785932630300522,0.0,0.0,433.7921447753906
animal_seed0,15,2,suffix_only,0.11785932630300522,0.11298028379678726,0.0048790425062179565,0.04139716948385059,1494.346435546875
animal_seed0,15,2,activation_plus_suffix,0.11785932630300522,0.04674741253256798,0.07111191377043724,0.6033626357884926,1495.65771484375
animal_seed0,18,2,activation_only,0.17912296950817108,0.17912296950817108,0.0,0.0,452.57135009765625
animal_seed0,18,2,suffix_only,0.17912296950817108,0.167374849319458,0.011748120188713074,0.06558689944104103,1525.391357421875
animal_seed0,18,2,activation_plus_suffix,0.17912296950817108,0.08544551581144333,0.09367745369672775,0.5229784541532763,1525.2333984375
animal_seed1,4,2,activation_only,0.17706084251403809,0.17706084251403809,0.0,0.0,366.1017150878906
animal_seed1,4,2,suffix_only,0.17706084251403809,0.1819961965084076,-0.004935353994369507,-0.027873774485051444,1126.86474609375
animal_seed1,4,2,activation_plus_suffix,0.17706084251403809,0.022896546870470047,0.15416429564356804,0.8706854291136974,1215.5771484375
animal_seed1,9,2,activation_only,0.08612292259931564,0.08612292259931564,0.0,0.0,405.9948425292969
animal_seed1,9,2,suffix_only,0.08612292259931564,0.08573462814092636,0.0003882944583892822,0.0045086075422197495,1388.765625
animal_seed1,9,2,activation_plus_suffix,0.08612292259931564,0.025582330301404,0.060540592297911644,0.7029556182106704,1390.0645751953125
animal_seed1,12,2,activation_only,0.08877876400947571,0.08877876400947571,0.0,0.0,423.7783508300781
animal_seed1,12,2,suffix_only,0.08877876400947571,0.08805200457572937,0.0007267594337463379,0.008186185534963834,1451.644775390625
animal_seed1,12,2,activation_plus_suffix,0.08877876400947571,0.03158250078558922,0.05719626322388649,0.6442561333449259,1460.0867919921875
animal_seed1,15,2,activation_only,0.11871221661567688,0.11871221661567688,0.0,0.0,450.69854736328125
animal_seed1,15,2,suffix_only,0.11871221661567688,0.11623264849185944,0.002479568123817444,0.020887219483441077,1509.6436767578125
animal_seed1,15,2,activation_plus_suffix,0.11871221661567688,0.04197942465543747,0.07673279196023941,0.6463765410821775,1514.80224609375
animal_seed1,18,2,activation_only,0.1405792087316513,0.1405792087316513,0.0,0.0,470.8227844238281
animal_seed1,18,2,suffix_only,0.1405792087316513,0.13579659163951874,0.004782617092132568,0.03402079962807306,1555.0806884765625
animal_seed1,18,2,activation_plus_suffix,0.1405792087316513,0.0671810507774353,0.073398157954216,0.522112470374792,1558.56103515625
interior_seed0,4,2,activation_only,0.11274353414773941,0.11274353414773941,0.0,0.0,366.3696594238281
interior_seed0,4,2,suffix_only,0.11274353414773941,0.11247493326663971,0.00026860088109970093,0.0023824060788064853,1104.308837890625
interior_seed0,4,2,activation_plus_suffix,0.11274353414773941,0.013149552047252655,0.09959398210048676,0.8833675727246456,1189.200927734375
interior_seed0,9,2,activation_only,0.09188322722911835,0.09188322722911835,0.0,0.0,410.838134765625
interior_seed0,9,2,suffix_only,0.09188322722911835,0.09204747527837753,-0.0001642480492591858,-0.0017875737957007086,1415.1761474609375
interior_seed0,9,2,activation_plus_suffix,0.09188322722911835,0.023296978324651718,0.06858624890446663,0.7464501517065917,1435.274658203125
interior_seed0,12,2,activation_only,0.08266641199588776,0.08266641199588776,0.0,0.0,435.3036804199219
interior_seed0,12,2,suffix_only,0.08266641199588776,0.08135495334863663,0.0013114586472511292,0.015864467993559072,1490.2110595703125
interior_seed0,12,2,activation_plus_suffix,0.08266641199588776,0.03629311919212341,0.04637329280376434,0.5609689798327183,1494.2073974609375
interior_seed0,15,2,activation_only,0.10022764652967453,0.10022764652967453,0.0,0.0,453.26995849609375
interior_seed0,15,2,suffix_only,0.10022764652967453,0.09525345265865326,0.004974193871021271,0.04962896010482053,1529.888916015625
interior_seed0,15,2,activation_plus_suffix,0.10022764652967453,0.04743872582912445,0.05278892070055008,0.5266902150088977,1530.4718017578125
interior_seed0,18,2,activation_only,0.15104755759239197,0.15104755759239197,0.0,0.0,466.9276428222656
interior_seed0,18,2,suffix_only,0.15104755759239197,0.13665777444839478,0.014389783143997192,0.09526657281562018,1560.009033203125
interior_seed0,18,2,activation_plus_suffix,0.15104755759239197,0.08323605358600616,0.0678115040063858,0.4489414134677896,1553.765625
interior_seed1,4,2,activation_only,0.05039342865347862,0.05039342865347862,0.0,0.0,366.346923828125
interior_seed1,4,2,suffix_only,0.05039342865347862,0.049340542405843735,0.0010528862476348877,0.02089332430374744,1101.0335693359375
interior_seed1,4,2,activation_plus_suffix,0.05039342865347862,0.00631718197837472,0.0440762466751039,0.8746427431676917,1107.961669921875
interior_seed1,9,2,activation_only,0.11161831766366959,0.11161831766366959,0.0,0.0,374.12115478515625
interior_seed1,9,2,suffix_only,0.11161831766366959,0.11468502879142761,-0.003066711127758026,-0.027474980737469075,1296.1048583984375
interior_seed1,9,2,activation_plus_suffix,0.11161831766366959,0.021879946812987328,0.08973837085068226,0.8039753037766042,1366.3453369140625
interior_seed1,12,2,activation_only,0.08473191410303116,0.08473191410303116,0.0,0.0,407.3958740234375
interior_seed1,12,2,suffix_only,0.08473191410303116,0.08147018402814865,0.0032617300748825073,0.03849470544140374,1410.1949462890625
interior_seed1,12,2,activation_plus_suffix,0.08473191410303116,0.0310845747590065,0.05364733934402466,0.633142068274196,1421.9586181640625
interior_seed1,15,2,activation_only,0.10265862941741943,0.10265862941741943,0.0,0.0,428.8495788574219
interior_seed1,15,2,suffix_only,0.10265862941741943,0.09685059636831284,0.005808033049106598,0.0565761795386007,1456.0076904296875
interior_seed1,15,2,activation_plus_suffix,0.10265862941741943,0.04801338165998459,0.054645247757434845,0.532300577823246,1457.6082763671875
interior_seed1,18,2,activation_only,0.14604464173316956,0.14604464173316956,0.0,0.0,448.7890625
interior_seed1,18,2,suffix_only,0.14604464173316956,0.1320275068283081,0.01401713490486145,0.09597842644902657,1486.841552734375
interior_seed1,18,2,activation_plus_suffix,0.14604464173316956,0.08124884963035583,0.06479579210281372,0.4436711359886704,1480.631103515625
architecture_seed0,4,2,activation_only,0.12567295134067535,0.12567295134067535,0.0,0.0,357.5343017578125
architecture_seed0,4,2,suffix_only,0.12567295134067535,0.1293821781873703,-0.0037092268466949463,-0.029514917944752816,1107.256591796875
architecture_seed0,4,2,activation_plus_suffix,0.12567295134067535,0.012841921299695969,0.11283103004097939,0.8978147551824102,1243.1917724609375
architecture_seed0,9,2,activation_only,0.062867671251297,0.062867671251297,0.0,0.0,423.22918701171875
architecture_seed0,9,2,suffix_only,0.062867671251297,0.061566416174173355,0.001301255077123642,0.02069831840791775,1455.0418701171875
architecture_seed0,9,2,activation_plus_suffix,0.062867671251297,0.017539888620376587,0.04532778263092041,0.7210030486056102,1471.450927734375
architecture_seed0,12,2,activation_only,0.07837463170289993,0.07837463170289993,0.0,0.0,449.14984130859375
architecture_seed0,12,2,suffix_only,0.07837463170289993,0.07572395354509354,0.0026506781578063965,0.03382061389270068,1538.0972900390625
architecture_seed0,12,2,activation_plus_suffix,0.07837463170289993,0.02499845065176487,0.05337618105113506,0.6810390032003186,1550.0419921875
architecture_seed0,15,2,activation_only,0.08981996774673462,0.08981996774673462,0.0,0.0,471.30462646484375
architecture_seed0,15,2,suffix_only,0.08981996774673462,0.08358234167098999,0.006237626075744629,0.06944587303051437,1589.5504150390625
architecture_seed0,15,2,activation_plus_suffix,0.08981996774673462,0.04012380167841911,0.049696166068315506,0.5532863940504165,1593.4971923828125
architecture_seed0,18,2,activation_only,0.14421792328357697,0.14421792328357697,0.0,0.0,485.7693786621094
architecture_seed0,18,2,suffix_only,0.14421792328357697,0.12895096838474274,0.015266954898834229,0.10586031577236542,1613.7657470703125
architecture_seed0,18,2,activation_plus_suffix,0.14421792328357697,0.07600496709346771,0.06821295619010925,0.47298528946351226,1612.5504150390625
architecture_seed1,4,2,activation_only,0.09213633835315704,0.09213633835315704,0.0,0.0,366.8153991699219
architecture_seed1,4,2,suffix_only,0.09213633835315704,0.09166204929351807,0.00047428905963897705,0.005147687309007604,1076.732177734375
architecture_seed1,4,2,activation_plus_suffix,0.09213633835315704,0.013416159898042679,0.07872017845511436,0.8543879631224461,1116.554443359375
architecture_seed1,9,2,activation_only,0.08025186508893967,0.08025186508893967,0.0,0.0,377.6203918457031
architecture_seed1,9,2,suffix_only,0.08025186508893967,0.08082757890224457,-0.0005757138133049011,-0.007173837177078221,1233.82958984375
architecture_seed1,9,2,activation_plus_suffix,0.08025186508893967,0.017138101160526276,0.06311376392841339,0.7864460702373351,1245.123291015625
architecture_seed1,12,2,activation_only,0.0651201605796814,0.0651201605796814,0.0,0.0,395.5824279785156
architecture_seed1,12,2,suffix_only,0.0651201605796814,0.062046296894550323,0.003073863685131073,0.047202950019907826,1285.5711669921875
architecture_seed1,12,2,activation_plus_suffix,0.0651201605796814,0.022359773516654968,0.04276038706302643,0.6566382312694787,1302.1337890625
architecture_seed1,15,2,activation_only,0.08755138516426086,0.08755138516426086,0.0,0.0,410.6578674316406
architecture_seed1,15,2,suffix_only,0.08755138516426086,0.07978230714797974,0.007769078016281128,0.08873735123327922,1334.197998046875
architecture_seed1,15,2,activation_plus_suffix,0.08755138516426086,0.03461495414376259,0.052936431020498276,0.6046327070803139,1348.482177734375
architecture_seed1,18,2,activation_only,0.14171749353408813,0.14171749353408813,0.0,0.0,424.0768737792969
architecture_seed1,18,2,suffix_only,0.14171749353408813,0.12647642195224762,0.015241071581840515,0.10754544976604805,1379.2135009765625
architecture_seed1,18,2,activation_plus_suffix,0.14171749353408813,0.07301552593708038,0.06870196759700775,0.48478113663845224,1385.53662109375
texture_seed0,4,2,activation_only,0.06164581701159477,0.06164581701159477,0.0,0.0,360.14727783203125
texture_seed0,4,2,suffix_only,0.06164581701159477,0.06265822798013687,-0.001012410968542099,-0.016423027832556388,1209.5008544921875
texture_seed0,4,2,activation_plus_suffix,0.06164581701159477,0.011078694835305214,0.05056712217628956,0.8202847269714755,1180.872802734375
texture_seed0,9,2,activation_only,0.123855359852314,0.123855359852314,0.0,0.0,424.0732116699219
texture_seed0,9,2,suffix_only,0.123855359852314,0.1269095540046692,-0.003054194152355194,-0.024659361984794494,1391.4969482421875
texture_seed0,9,2,activation_plus_suffix,0.123855359852314,0.013320205733180046,0.11053515411913395,0.8924535381507659,1393.794921875
texture_seed0,12,2,activation_only,0.07955754548311234,0.07955754548311234,0.0,0.0,456.6920471191406
texture_seed0,12,2,suffix_only,0.07955754548311234,0.07690456509590149,0.002652980387210846,0.033346684731167246,1473.270751953125
texture_seed0,12,2,activation_plus_suffix,0.07955754548311234,0.020102789625525475,0.05945475585758686,0.747317623948156,1482.236572265625
texture_seed0,15,2,activation_only,0.1352934092283249,0.1352934092283249,0.0,0.0,477.547119140625
texture_seed0,15,2,suffix_only,0.1352934092283249,0.13143590092658997,0.0038575083017349243,0.028512167176043934,1537.8399658203125
texture_seed0,15,2,activation_plus_suffix,0.1352934092283249,0.03857908770442009,0.0967143215239048,0.7148487282236125,1544.8314208984375
texture_seed0,18,2,activation_only,0.15759220719337463,0.15759220719337463,0.0,0.0,512.1074829101562
texture_seed0,18,2,suffix_only,0.15759220719337463,0.14688029885292053,0.010711908340454102,0.06797232256103869,1616.22314453125
texture_seed0,18,2,activation_plus_suffix,0.15759220719337463,0.07710219919681549,0.08049000799655914,0.5107486558506875,1594.4730224609375
texture_seed1,4,2,activation_only,0.03974316269159317,0.03974316269159317,0.0,0.0,379.3116455078125
texture_seed1,4,2,suffix_only,0.03974316269159317,0.04003267362713814,-0.00028951093554496765,-0.007284546974571996,1100.038818359375
texture_seed1,4,2,activation_plus_suffix,0.03974316269159317,0.009401769377291203,0.030341393314301968,0.7634368092381347,1099.8236083984375
texture_seed1,9,2,activation_only,0.08241243660449982,0.08241243660449982,0.0,0.0,378.8795166015625
texture_seed1,9,2,suffix_only,0.08241243660449982,0.08186711370944977,0.0005453228950500488,0.006616997597911982,1187.0108642578125
texture_seed1,9,2,activation_plus_suffix,0.08241243660449982,0.011394351720809937,0.07101808488368988,0.8617399000651828,1174.727294921875
texture_seed1,12,2,activation_only,0.1100216656923294,0.1100216656923294,0.0,0.0,391.4974365234375
texture_seed1,12,2,suffix_only,0.1100216656923294,0.10752096772193909,0.00250069797039032,0.022729141161918126,1219.404296875
texture_seed1,12,2,activation_plus_suffix,0.1100216656923294,0.02434593066573143,0.08567573502659798,0.778716941681162,1214.4295654296875
texture_seed1,15,2,activation_only,0.14363904297351837,0.14363904297351837,0.0,0.0,397.3977966308594
texture_seed1,15,2,suffix_only,0.14363904297351837,0.13932713866233826,0.004311904311180115,0.030019027013254797,1279.773193359375
texture_seed1,15,2,activation_plus_suffix,0.14363904297351837,0.052594903856515884,0.09104413911700249,0.633839778045497,1292.2982177734375
texture_seed1,18,2,activation_only,0.25645172595977783,0.25645172595977783,0.0,0.0,432.343017578125
texture_seed1,18,2,suffix_only,0.25645172595977783,0.2484939694404602,0.007957756519317627,0.031030231867364113,1387.56884765625
texture_seed1,18,2,activation_plus_suffix,0.25645172595977783,0.09600873291492462,0.1604429930448532,0.6256264895250394,1395.1744384765625
