case,prompt_id,seed,step,model,baseline_guided_noise_error,residual_relative_l1,corrected_feature_relative_l1,guided_noise_error,recovery_fraction,milliseconds
portrait_seed101,portrait,101,4,channel_mean,0.09339171648025513,0.9960013031959534,0.6744531989097595,0.09862542897462845,-0.05604043582901523,1174.456298828125
portrait_seed101,portrait,101,4,channel_affine,0.09339171648025513,0.9938571453094482,0.673001229763031,0.09258178621530533,0.008672399389093935,1156.0574951171875
portrait_seed101,portrait,101,4,oracle,0.09339171648025513,0.0,0.0,0.012994224205613136,0.8608632039827604,1274.7392578125
portrait_seed101,portrait,101,9,channel_mean,0.041792478412389755,0.9987393617630005,0.22369417548179626,0.04317568242549896,-0.0330969606411077,1415.6201171875
portrait_seed101,portrait,101,9,channel_affine,0.041792478412389755,1.0635673999786377,0.2382141351699829,0.04173404723405838,0.001398126661807467,1403.5303955078125
portrait_seed101,portrait,101,9,oracle,0.041792478412389755,0.0,0.0,0.013905830681324005,0.667264751707056,1416.9766845703125
portrait_seed101,portrait,101,12,channel_mean,0.05689717084169388,0.9825787544250488,0.20211513340473175,0.05242284759879112,0.07863876492825546,1481.236572265625
portrait_seed101,portrait,101,12,channel_affine,0.05689717084169388,1.0113221406936646,0.20802760124206543,0.05231358855962753,0.0805590544180015,1473.462158203125
portrait_seed101,portrait,101,12,oracle,0.05689717084169388,0.0,0.0,0.02095710299909115,0.6316670461981228,1480.40478515625
portrait_seed101,portrait,101,15,channel_mean,0.07916498929262161,0.9761703014373779,0.22252285480499268,0.07251056283712387,0.08405769412663777,1517.6121826171875
portrait_seed101,portrait,101,15,channel_affine,0.07916498929262161,0.9763011932373047,0.22255267202854156,0.07137063145637512,0.09845713245075807,1464.8079833984375
portrait_seed101,portrait,101,15,oracle,0.07916498929262161,0.0,0.0,0.033178143203258514,0.5808987849335716,1497.0810546875
portrait_seed101,portrait,101,18,channel_mean,0.1298809051513672,0.9351409077644348,0.2368788868188858,0.11235827207565308,0.13491308098979368,1567.4339599609375
portrait_seed101,portrait,101,18,channel_affine,0.1298809051513672,0.9167559742927551,0.2322218418121338,0.1085403561592102,0.16430859461047068,1538.359619140625
portrait_seed101,portrait,101,18,oracle,0.1298809051513672,0.0,0.0,0.06975013762712479,0.4629684975952713,1548.600341796875
portrait_seed202,portrait,202,4,channel_mean,0.07886802405118942,1.010360836982727,0.6163443922996521,0.08292774856090546,-0.051474910885063674,1186.474609375
portrait_seed202,portrait,202,4,channel_affine,0.07886802405118942,1.0118683576583862,0.6172640323638916,0.07881351560354233,0.0006911349473104071,1145.9306640625
portrait_seed202,portrait,202,4,oracle,0.07886802405118942,0.0,0.0,0.012841984629631042,0.8371712137570997,1217.7799072265625
portrait_seed202,portrait,202,9,channel_mean,0.07129688560962677,0.9869706034660339,0.37252968549728394,0.07291536033153534,-0.022700496775837246,1411.753173828125
portrait_seed202,portrait,202,9,channel_affine,0.07129688560962677,0.9981279373168945,0.376740962266922,0.07181963324546814,-0.007331984158516824,1399.1893310546875
portrait_seed202,portrait,202,9,oracle,0.07129688560962677,0.0,0.0,0.015042247250676155,0.7890195746692602,1432.44580078125
portrait_seed202,portrait,202,12,channel_mean,0.07528825849294662,0.9938002824783325,0.28476667404174805,0.0705329179763794,0.0631617812890802,1458.2291259765625
portrait_seed202,portrait,202,12,channel_affine,0.07528825849294662,1.0019229650497437,0.28709420561790466,0.07036648690700531,0.06537236595002939,1451.865966796875
portrait_seed202,portrait,202,12,oracle,0.07528825849294662,0.0,0.0,0.022357771173119545,0.7030377429275492,1474.305908203125
portrait_seed202,portrait,202,15,channel_mean,0.10268738865852356,0.9952119588851929,0.2951897382736206,0.0971759557723999,0.05367195483421402,1520.7889404296875
portrait_seed202,portrait,202,15,channel_affine,0.10268738865852356,0.9906073212623596,0.2938239574432373,0.09605544805526733,0.06458378862189268,1497.8353271484375
portrait_seed202,portrait,202,15,oracle,0.10268738865852356,0.0,0.0,0.037584684789180756,0.6339892826161468,1541.6861572265625
portrait_seed202,portrait,202,18,channel_mean,0.14284402132034302,0.9427305459976196,0.272491991519928,0.13244910538196564,0.07277109564890831,1526.0555419921875
portrait_seed202,portrait,202,18,channel_affine,0.14284402132034302,0.9219681620597839,0.2664906978607178,0.12910014390945435,0.0962159793868205,1551.5509033203125
portrait_seed202,portrait,202,18,oracle,0.14284402132034302,0.0,0.0,0.07298527657985687,0.4890561333597605,1573.6121826171875
people_seed101,people,101,4,channel_mean,0.08792447298765182,0.9987581968307495,0.56062251329422,0.08925826102495193,-0.01516970181313942,1121.8770751953125
people_seed101,people,101,4,channel_affine,0.08792447298765182,1.0182613134384155,0.5715700387954712,0.08756200969219208,0.00412243921565105,1128.5179443359375
people_seed101,people,101,4,oracle,0.08792447298765182,0.0,0.0,0.009669496677815914,0.8900249685980614,1156.14013671875
people_seed101,people,101,9,channel_mean,0.20442071557044983,0.987155020236969,0.5127698183059692,0.2104124128818512,-0.029310617051119946,1364.7872314453125
people_seed101,people,101,9,channel_affine,0.20442071557044983,0.9828521609306335,0.5105347633361816,0.2070818990468979,-0.013018169264410637,1348.3299560546875
people_seed101,people,101,9,oracle,0.20442071557044983,0.0,0.0,0.04080755636096001,0.8003746526026789,1371.417236328125
people_seed101,people,101,12,channel_mean,0.188351571559906,0.9865087866783142,0.34713003039360046,0.18737347424030304,0.005192934210755329,1447.0682373046875
people_seed101,people,101,12,channel_affine,0.188351571559906,0.984679639339447,0.3464864194393158,0.1840991973876953,0.02257679156586282,1443.8651123046875
people_seed101,people,101,12,oracle,0.188351571559906,0.0,0.0,0.048096247017383575,0.7446464257289918,1467.8695068359375
people_seed101,people,101,15,channel_mean,0.13168294727802277,0.9572712779045105,0.23469464480876923,0.1250087320804596,0.0506839749225226,1536.594970703125
people_seed101,people,101,15,channel_affine,0.13168294727802277,0.9504733681678772,0.23302800953388214,0.12282771617174149,0.0672466047375534,1535.408935546875
people_seed101,people,101,15,oracle,0.13168294727802277,0.0,0.0,0.05132513493299484,0.610237042882767,1503.017822265625
people_seed101,people,101,18,channel_mean,0.18060250580310822,0.9049107432365417,0.23752743005752563,0.16630138456821442,0.07918561911031731,1560.0423583984375
people_seed101,people,101,18,channel_affine,0.18060250580310822,0.8759593963623047,0.22992807626724243,0.16263708472251892,0.09947492699893705,1512.7802734375
people_seed101,people,101,18,oracle,0.18060250580310822,0.0,0.0,0.08620865643024445,0.5226607956136079,1519.169677734375
people_seed202,people,202,4,channel_mean,0.11157480627298355,0.9772539734840393,0.639197051525116,0.11668191850185394,-0.045772987643600466,1142.9200439453125
people_seed202,people,202,4,channel_affine,0.11157480627298355,0.9881219863891602,0.646305501461029,0.1136542409658432,-0.01863713469304189,1127.1727294921875
people_seed202,people,202,4,oracle,0.11157480627298355,0.0,0.0,0.011914587579667568,0.8932143556627216,1195.17724609375
people_seed202,people,202,9,channel_mean,0.11952675879001617,0.9824053049087524,0.38153040409088135,0.12015000730752945,-0.005214301164212058,1339.62060546875
people_seed202,people,202,9,channel_affine,0.11952675879001617,0.9842855930328369,0.38226065039634705,0.11846516281366348,0.008881659530462936,1334.9735107421875
people_seed202,people,202,9,oracle,0.11952675879001617,0.0,0.0,0.028475001454353333,0.7617688144260816,1368.4434814453125
people_seed202,people,202,12,channel_mean,0.10054997354745865,0.9801948666572571,0.26569145917892456,0.09765725582838058,0.028768955545400796,1423.2520751953125
people_seed202,people,202,12,channel_affine,0.10054997354745865,0.9863471984863281,0.26735907793045044,0.09652905911207199,0.03998921425363502,1419.980712890625
people_seed202,people,202,12,oracle,0.10054997354745865,0.0,0.0,0.03172216936945915,0.6845133991558279,1437.6866455078125
people_seed202,people,202,15,channel_mean,0.10300373286008835,0.9534314274787903,0.20167256891727448,0.09551377594470978,0.07271539299990518,1489.18017578125
people_seed202,people,202,15,channel_affine,0.10300373286008835,0.9536425471305847,0.20171722769737244,0.09477958083152771,0.07984324257191376,1461.8468017578125
people_seed202,people,202,15,oracle,0.10300373286008835,0.0,0.0,0.0415426529943943,0.5966878884785431,1447.27685546875
people_seed202,people,202,18,channel_mean,0.16006815433502197,0.8912610411643982,0.2205033153295517,0.14047867059707642,0.12238214290235927,1491.2113037109375
people_seed202,people,202,18,channel_affine,0.16006815433502197,0.8646819591522217,0.2139274775981903,0.1375308483839035,0.14079818715188022,1475.522216796875
people_seed202,people,202,18,oracle,0.16006815433502197,0.0,0.0,0.08142289519309998,0.4913235831864332,1504.1229248046875
animal_seed101,animal,101,4,channel_mean,0.09888575226068497,1.0186015367507935,0.5111168622970581,0.10019122809171677,-0.013201859733951085,1196.09716796875
animal_seed101,animal,101,4,channel_affine,0.09888575226068497,1.031420350074768,0.5175490975379944,0.09980212152004242,-0.009266949367404295,1150.7591552734375
animal_seed101,animal,101,4,oracle,0.09888575226068497,0.0,0.0,0.014877677895128727,0.8495467996652557,1275.497314453125
animal_seed101,animal,101,9,channel_mean,0.1005062386393547,0.9812257289886475,0.317754864692688,0.10181788355112076,-0.01305038303614775,1478.0892333984375
animal_seed101,animal,101,9,channel_affine,0.1005062386393547,1.000019907951355,0.32384106516838074,0.10011214017868042,0.00392113430976583,1417.754638671875
animal_seed101,animal,101,9,oracle,0.1005062386393547,0.0,0.0,0.029204344376921654,0.7094275462669015,1436.35009765625
animal_seed101,animal,101,12,channel_mean,0.10774538666009903,0.9840952754020691,0.26786962151527405,0.10568380355834961,0.019133841045584916,1532.2808837890625
animal_seed101,animal,101,12,channel_affine,0.10774538666009903,0.9908145666122437,0.2696985900402069,0.10433419048786163,0.03165978867381663,1504.953369140625
animal_seed101,animal,101,12,oracle,0.10774538666009903,0.0,0.0,0.03872125223278999,0.6406226435017334,1517.3939208984375
animal_seed101,animal,101,15,channel_mean,0.13683965802192688,0.9840654730796814,0.30539989471435547,0.13106516003608704,0.04219900918573292,1571.28369140625
animal_seed101,animal,101,15,channel_affine,0.13683965802192688,0.9814844131469727,0.304598867893219,0.12913721799850464,0.05628806834775939,1557.3193359375
animal_seed101,animal,101,15,oracle,0.13683965802192688,0.0,0.0,0.05461343005299568,0.6008947198315524,1573.612548828125
animal_seed101,animal,101,18,channel_mean,0.17167958617210388,0.9201764464378357,0.23451949656009674,0.16155943274497986,0.058947913684850445,1593.459228515625
animal_seed101,animal,101,18,channel_affine,0.17167958617210388,0.9044042825698853,0.2304997444152832,0.15635010600090027,0.08929122275397523,1588.5653076171875
animal_seed101,animal,101,18,oracle,0.17167958617210388,0.0,0.0,0.08747459203004837,0.4904776160028858,1600.6065673828125
animal_seed202,animal,202,4,channel_mean,0.07359253615140915,0.9867263436317444,0.599714457988739,0.0746767520904541,-0.014732688880490386,1098.762939453125
animal_seed202,animal,202,4,channel_affine,0.07359253615140915,0.989654541015625,0.6014941930770874,0.07374391704797745,-0.0020570142637406537,1108.531005859375
animal_seed202,animal,202,4,oracle,0.07359253615140915,0.0,0.0,0.012103009037673473,0.8355402643989227,1119.701904296875
animal_seed202,animal,202,9,channel_mean,0.1601426601409912,0.9836341738700867,0.40255337953567505,0.16043922305107117,-0.0018518670154402273,1290.5416259765625
animal_seed202,animal,202,9,channel_affine,0.1601426601409912,0.9893705248832703,0.4049009680747986,0.15905898809432983,0.006766916733538092,1282.155517578125
animal_seed202,animal,202,9,oracle,0.1601426601409912,0.0,0.0,0.034930307418107986,0.7818800600205155,1310.1207275390625
animal_seed202,animal,202,12,channel_mean,0.1966877579689026,0.9798467755317688,0.3565022647380829,0.196697399020195,-4.901703792842937e-05,1396.20703125
animal_seed202,animal,202,12,channel_affine,0.1966877579689026,0.9770592451095581,0.35548803210258484,0.19344258308410645,0.01649911981461105,1387.1461181640625
animal_seed202,animal,202,12,oracle,0.1966877579689026,0.0,0.0,0.045509688556194305,0.7686196180883325,1424.8028564453125
animal_seed202,animal,202,15,channel_mean,0.1506464034318924,0.9539846181869507,0.2302970588207245,0.1443691849708557,0.04166855841251217,1478.4278564453125
animal_seed202,animal,202,15,channel_affine,0.1506464034318924,0.9461214542388916,0.22839884459972382,0.14161184430122375,0.05997195369322698,1471.0535888671875
animal_seed202,animal,202,15,oracle,0.1506464034318924,0.0,0.0,0.05620930716395378,0.6268791960282932,1489.5294189453125
animal_seed202,animal,202,18,channel_mean,0.20461870729923248,0.9061728119850159,0.23059293627738953,0.19343166053295135,0.05467264901601248,1523.1512451171875
animal_seed202,animal,202,18,channel_affine,0.20461870729923248,0.8815890550613403,0.2243371456861496,0.18813852965831757,0.08054091367518249,1514.864013671875
animal_seed202,animal,202,18,oracle,0.20461870729923248,0.0,0.0,0.09822375327348709,0.5199668956472998,1532.175048828125
interior_seed101,interior,101,4,channel_mean,0.09249567985534668,0.9724990129470825,0.6711385846138,0.09559199213981628,-0.033475209753708546,1110.8004150390625
interior_seed101,interior,101,4,channel_affine,0.09249567985534668,0.9778989553451538,0.674865186214447,0.09293343126773834,-0.004732668737353559,1104.9927978515625
interior_seed101,interior,101,4,oracle,0.09249567985534668,0.0,0.0,0.011404481716454029,0.8767025472509699,1176.0155029296875
interior_seed101,interior,101,9,channel_mean,0.1587284356355667,1.0011625289916992,0.4703657329082489,0.1649952232837677,-0.03948119077157195,1317.2333984375
interior_seed101,interior,101,9,channel_affine,0.1587284356355667,0.9926555156707764,0.46636897325515747,0.16201399266719818,-0.020699233999728693,1312.732666015625
interior_seed101,interior,101,9,oracle,0.1587284356355667,0.0,0.0,0.028384840115904808,0.8211735660201736,1327.4573974609375
interior_seed101,interior,101,12,channel_mean,0.10651817917823792,1.000673532485962,0.38589516282081604,0.10707798600196838,-0.005255505004396841,1367.89013671875
interior_seed101,interior,101,12,channel_affine,0.10651817917823792,0.9895451664924622,0.3816036581993103,0.10523520410060883,0.012044658362797157,1364.2396240234375
interior_seed101,interior,101,12,oracle,0.10651817917823792,0.0,0.0,0.027443911880254745,0.7423546657295692,1369.178466796875
interior_seed101,interior,101,15,channel_mean,0.1005549505352974,0.9724334478378296,0.27810630202293396,0.09568828344345093,0.04839808548399752,1406.338623046875
interior_seed101,interior,101,15,channel_affine,0.1005549505352974,0.9620786309242249,0.27514493465423584,0.09509557485580444,0.05429246049478755,1402.6624755859375
interior_seed101,interior,101,15,oracle,0.1005549505352974,0.0,0.0,0.04129111021757126,0.5893677039493246,1417.6343994140625
interior_seed101,interior,101,18,channel_mean,0.137383371591568,0.9363875985145569,0.2590321898460388,0.12532854080200195,0.08774592332327004,1454.363525390625
interior_seed101,interior,101,18,channel_affine,0.137383371591568,0.9114313721656799,0.25212860107421875,0.12374042719602585,0.09930564549035635,1448.487548828125
interior_seed101,interior,101,18,oracle,0.137383371591568,0.0,0.0,0.07224298268556595,0.4741504605059502,1465.65576171875
interior_seed202,interior,202,4,channel_mean,0.09350889176130295,0.9757806062698364,0.6818667650222778,0.0985192134976387,-0.0535812332064146,1112.9228515625
interior_seed202,interior,202,4,channel_affine,0.09350889176130295,0.9704222679138184,0.6781224012374878,0.09284832328557968,0.0070642316819397016,1107.957763671875
interior_seed202,interior,202,4,oracle,0.09350889176130295,0.0,0.0,0.008892061188817024,0.9049067845706535,1172.0145263671875
interior_seed202,interior,202,9,channel_mean,0.07938482612371445,0.9931523203849792,0.36917299032211304,0.08002437651157379,-0.008056330398238323,1310.500244140625
interior_seed202,interior,202,9,channel_affine,0.07938482612371445,0.9987573027610779,0.3712564706802368,0.07925621420145035,0.001620107123037197,1299.4320068359375
interior_seed202,interior,202,9,oracle,0.07938482612371445,0.0,0.0,0.021185481920838356,0.7331293276649293,1327.3106689453125
interior_seed202,interior,202,12,channel_mean,0.10084091126918793,1.0015968084335327,0.3201882541179657,0.10005652904510498,0.007778412691939009,1398.567138671875
interior_seed202,interior,202,12,channel_affine,0.10084091126918793,0.9996660947799683,0.31957104802131653,0.09889181703329086,0.01932840760129676,1383.04296875
interior_seed202,interior,202,12,oracle,0.10084091126918793,0.0,0.0,0.029273463413119316,0.7097064768189589,1406.2510986328125
interior_seed202,interior,202,15,channel_mean,0.09158850461244583,0.9859046339988708,0.2545540928840637,0.08892546594142914,0.029076123496996332,1458.6416015625
interior_seed202,interior,202,15,channel_affine,0.09158850461244583,0.9742336869239807,0.2515407204627991,0.08828586339950562,0.03605956038823048,1442.890625
interior_seed202,interior,202,15,oracle,0.09158850461244583,0.0,0.0,0.03958365321159363,0.5678098099855354,1482.823486328125
interior_seed202,interior,202,18,channel_mean,0.1188446581363678,0.9356793165206909,0.24656780064105988,0.10940257459878922,0.07944895198187456,1501.466796875
interior_seed202,interior,202,18,channel_affine,0.1188446581363678,0.9074175953865051,0.23912034928798676,0.10825520753860474,0.0891032947026718,1474.8116455078125
interior_seed202,interior,202,18,oracle,0.1188446581363678,0.0,0.0,0.0670340433716774,0.43595240692468085,1481.097900390625
architecture_seed101,architecture,101,4,channel_mean,0.07204380631446838,0.9720247387886047,0.5589920282363892,0.07219371199607849,-0.002080757379139228,1100.1995849609375
architecture_seed101,architecture,101,4,channel_affine,0.07204380631446838,0.9959280490875244,0.5727383494377136,0.07160944491624832,0.006029128948630113,1094.9913330078125
architecture_seed101,architecture,101,4,oracle,0.07204380631446838,0.0,0.0,0.01235936488956213,0.8284465310506501,1105.604248046875
architecture_seed101,architecture,101,9,channel_mean,0.2267543375492096,0.9931950569152832,0.4938664734363556,0.231448695063591,-0.020702393458571226,1277.8470458984375
architecture_seed101,architecture,101,9,channel_affine,0.2267543375492096,0.9884380102157593,0.4915010333061218,0.22898726165294647,-0.009847326970106115,1262.654541015625
architecture_seed101,architecture,101,9,oracle,0.2267543375492096,0.0,0.0,0.04649917408823967,0.7949359002751224,1350.95654296875
architecture_seed101,architecture,101,12,channel_mean,0.2850283086299896,0.9910847544670105,0.4355306923389435,0.28700339794158936,-0.006929449643416646,1399.3758544921875
architecture_seed101,architecture,101,12,channel_affine,0.2850283086299896,0.9831817746162415,0.4320577383041382,0.2820644974708557,0.01039830455220289,1401.349853515625
architecture_seed101,architecture,101,12,oracle,0.2850283086299896,0.0,0.0,0.07385440170764923,0.7408874856584033,1469.42626953125
architecture_seed101,architecture,101,15,channel_mean,0.2543295621871948,0.9687004089355469,0.3109799027442932,0.2495260089635849,0.01888712103422076,1482.765869140625
architecture_seed101,architecture,101,15,channel_affine,0.2543295621871948,0.9527148604393005,0.305848091840744,0.24571813642978668,0.03385931892207581,1476.4794921875
architecture_seed101,architecture,101,15,oracle,0.2543295621871948,0.0,0.0,0.09339138865470886,0.632793813461725,1485.9061279296875
architecture_seed101,architecture,101,18,channel_mean,0.25026312470436096,0.9050289392471313,0.2662748098373413,0.23622089624404907,0.056109858281759066,1516.569580078125
architecture_seed101,architecture,101,18,channel_affine,0.25026312470436096,0.8713229298591614,0.25635793805122375,0.23207776248455048,0.07266496908521017,1498.5155029296875
architecture_seed101,architecture,101,18,oracle,0.25026312470436096,0.0,0.0,0.12663303315639496,0.49400043132208077,1503.487548828125
architecture_seed202,architecture,202,4,channel_mean,0.08372260630130768,0.9678453207015991,0.5877094864845276,0.08360651880502701,0.0013865728912318509,1123.8277587890625
architecture_seed202,architecture,202,4,channel_affine,0.08372260630130768,0.9856180548667908,0.5985017418861389,0.08368360996246338,0.0004657802780763435,1101.6639404296875
architecture_seed202,architecture,202,4,oracle,0.08372260630130768,0.0,0.0,0.011526079848408699,0.8623301356992195,1100.916259765625
architecture_seed202,architecture,202,9,channel_mean,0.15523572266101837,0.9892172813415527,0.40042251348495483,0.1632414013147354,-0.05157111080159494,1371.506103515625
architecture_seed202,architecture,202,9,channel_affine,0.15523572266101837,0.9878067970275879,0.39985156059265137,0.1608402132987976,-0.0361030988338781,1358.781005859375
architecture_seed202,architecture,202,9,oracle,0.15523572266101837,0.0,0.0,0.047097280621528625,0.6966079726096747,1420.92333984375
architecture_seed202,architecture,202,12,channel_mean,0.24499233067035675,0.987953245639801,0.4011863172054291,0.24258989095687866,0.009806183348288687,1439.86865234375
architecture_seed202,architecture,202,12,channel_affine,0.24499233067035675,0.9781268835067749,0.39719605445861816,0.23955535888671875,0.0221924162636486,1432.4537353515625
architecture_seed202,architecture,202,12,oracle,0.24499233067035675,0.0,0.0,0.0745852068066597,0.6955610544926978,1464.667724609375
architecture_seed202,architecture,202,15,channel_mean,0.2170073688030243,0.9652808904647827,0.309647798538208,0.21258947253227234,0.02035827767103171,1515.904052734375
architecture_seed202,architecture,202,15,channel_affine,0.2170073688030243,0.9479406476020813,0.30408531427383423,0.20903529226779938,0.03673643240410467,1486.593017578125
architecture_seed202,architecture,202,15,oracle,0.2170073688030243,0.0,0.0,0.0847477912902832,0.6094704444474047,1495.1077880859375
architecture_seed202,architecture,202,18,channel_mean,0.21481873095035553,0.9036825299263,0.27262797951698303,0.2008979469537735,0.06480246827172215,1528.2799072265625
architecture_seed202,architecture,202,18,channel_affine,0.21481873095035553,0.870128870010376,0.26250529289245605,0.1979811191558838,0.07838055703979976,1501.84228515625
architecture_seed202,architecture,202,18,oracle,0.21481873095035553,0.0,0.0,0.11174577474594116,0.4798136351910321,1501.6224365234375
nature_seed101,nature,101,4,channel_mean,0.04788589105010033,1.0588040351867676,0.4293009042739868,0.04811182618141174,-0.004718198332678687,1172.44189453125
nature_seed101,nature,101,4,channel_affine,0.04788589105010033,1.1161633729934692,0.4525577425956726,0.04837708920240402,-0.010257680112703397,1145.4793701171875
nature_seed101,nature,101,4,oracle,0.04788589105010033,0.0,0.0,0.008185132406651974,0.8290700616160963,1197.239501953125
nature_seed101,nature,101,9,channel_mean,0.05118685960769653,1.0077190399169922,0.26539644598960876,0.049466826021671295,0.033603030137184096,1316.86328125
nature_seed101,nature,101,9,channel_affine,0.05118685960769653,1.0401545763015747,0.27393877506256104,0.04918684437870979,0.03907282541486516,1318.6063232421875
nature_seed101,nature,101,9,oracle,0.05118685960769653,0.0,0.0,0.01590377651154995,0.6892996242895387,1334.1107177734375
nature_seed101,nature,101,12,channel_mean,0.056858863681554794,0.9897965788841248,0.22248026728630066,0.053399842232465744,0.06083521943846318,1422.4190673828125
nature_seed101,nature,101,12,channel_affine,0.056858863681554794,1.0076515674591064,0.22649359703063965,0.05272713676095009,0.0726663646277731,1424.488037109375
nature_seed101,nature,101,12,oracle,0.056858863681554794,0.0,0.0,0.02193906158208847,0.6141487859314083,1413.340087890625
nature_seed101,nature,101,15,channel_mean,0.06752579659223557,0.9660570621490479,0.18493230640888214,0.05906548723578453,0.12529003408193545,1462.5784912109375
nature_seed101,nature,101,15,channel_affine,0.06752579659223557,0.9770315289497375,0.18703314661979675,0.058138832449913025,0.13901300859887816,1459.9007568359375
nature_seed101,nature,101,15,oracle,0.06752579659223557,0.0,0.0,0.03272358328104019,0.5153913773332235,1492.0084228515625
nature_seed101,nature,101,18,channel_mean,0.11561768501996994,0.9124399423599243,0.2171274721622467,0.09951169788837433,0.13930383685518113,1511.48046875
nature_seed101,nature,101,18,channel_affine,0.11561768501996994,0.9022465944290161,0.2147018313407898,0.09767945110797882,0.15515129808119543,1502.14892578125
nature_seed101,nature,101,18,oracle,0.11561768501996994,0.0,0.0,0.06286397576332092,0.4562771625079432,1512.3472900390625
nature_seed202,nature,202,4,channel_mean,0.04916190356016159,1.072975993156433,0.3917602598667145,0.048868484795093536,0.00596841749036395,1091.6693115234375
nature_seed202,nature,202,4,channel_affine,0.04916190356016159,1.1812617778778076,0.43129706382751465,0.04880096763372421,0.007341780938073008,1084.2225341796875
nature_seed202,nature,202,4,oracle,0.04916190356016159,0.0,0.0,0.009814497083425522,0.8003637700599797,1119.685791015625
nature_seed202,nature,202,9,channel_mean,0.04820374771952629,0.9854419827461243,0.24576658010482788,0.04573424905538559,0.05123042877307984,1208.8271484375
nature_seed202,nature,202,9,channel_affine,0.04820374771952629,1.0356663465499878,0.25829240679740906,0.0453067272901535,0.06009948533937886,1202.2801513671875
nature_seed202,nature,202,9,oracle,0.04820374771952629,0.0,0.0,0.015138980001211166,0.6859376974317976,1227.255859375
nature_seed202,nature,202,12,channel_mean,0.06467912346124649,0.9895869493484497,0.2135383039712906,0.06036799028515816,0.06665416822897138,1289.5003662109375
nature_seed202,nature,202,12,channel_affine,0.06467912346124649,1.0076910257339478,0.21744491159915924,0.05994243547320366,0.07323364533350382,1284.7939453125
nature_seed202,nature,202,12,oracle,0.06467912346124649,0.0,0.0,0.02375492826104164,0.6327264967455105,1304.2843017578125
nature_seed202,nature,202,15,channel_mean,0.07828500121831894,0.9689359068870544,0.2352614551782608,0.07180725038051605,0.08274574614539411,1351.9173583984375
nature_seed202,nature,202,15,channel_affine,0.07828500121831894,0.9734858870506287,0.23636619746685028,0.07166833430528641,0.08452023772191257,1348.7730712890625
nature_seed202,nature,202,15,oracle,0.07828500121831894,0.0,0.0,0.04145975038409233,0.47039982450187895,1362.441162109375
nature_seed202,nature,202,18,channel_mean,0.13643896579742432,0.8947961330413818,0.22838442027568817,0.12162703275680542,0.10856087155197797,1403.2369384765625
nature_seed202,nature,202,18,channel_affine,0.13643896579742432,0.8858910202980042,0.226111501455307,0.11874305456876755,0.129698368242768,1400.0360107421875
nature_seed202,nature,202,18,oracle,0.13643896579742432,0.0,0.0,0.07824572920799255,0.42651478812755944,1413.4324951171875
objects_seed101,objects,101,4,channel_mean,0.16595271229743958,0.998521625995636,0.717413067817688,0.17361323535442352,-0.04616087890901039,1098.1641845703125
objects_seed101,objects,101,4,channel_affine,0.16595271229743958,0.9815582036972046,0.7052252292633057,0.16662585735321045,-0.004056246182734187,1094.0767822265625
objects_seed101,objects,101,4,oracle,0.16595271229743958,0.0,0.0,0.01959211565554142,0.8819415761013525,1179.976806640625
objects_seed101,objects,101,9,channel_mean,0.06973762810230255,0.9944117069244385,0.30446657538414,0.07009663432836533,-0.005147955785592903,1354.0469970703125
objects_seed101,objects,101,9,channel_affine,0.06973762810230255,1.0053067207336426,0.3078024089336395,0.0691833570599556,0.007947948007836731,1348.095458984375
objects_seed101,objects,101,9,oracle,0.06973762810230255,0.0,0.0,0.02368820272386074,0.6603239403394819,1364.1485595703125
objects_seed101,objects,101,12,channel_mean,0.0792541429400444,0.9804843664169312,0.21810956299304962,0.07861626148223877,0.008048556632404561,1408.046630859375
objects_seed101,objects,101,12,channel_affine,0.0792541429400444,0.9902766942977905,0.22028787434101105,0.07709256559610367,0.02727399809970772,1405.039794921875
objects_seed101,objects,101,12,oracle,0.0792541429400444,0.0,0.0,0.026360956951975822,0.6673870163239564,1410.731201171875
objects_seed101,objects,101,15,channel_mean,0.08359766006469727,0.9530625939369202,0.1931201070547104,0.07677827030420303,0.08157393107913094,1441.5093994140625
objects_seed101,objects,101,15,channel_affine,0.08359766006469727,0.951839029788971,0.19287216663360596,0.07477075606584549,0.10558793143277606,1438.3546142578125
objects_seed101,objects,101,15,oracle,0.08359766006469727,0.0,0.0,0.03564856946468353,0.5735697693321241,1444.00927734375
objects_seed101,objects,101,18,channel_mean,0.12690651416778564,0.8629818558692932,0.19830749928951263,0.10960004478693008,0.13637179694317605,1463.5523681640625
objects_seed101,objects,101,18,channel_affine,0.12690651416778564,0.8366649150848389,0.19226005673408508,0.10464208573102951,0.175439602787607,1460.492919921875
objects_seed101,objects,101,18,oracle,0.12690651416778564,0.0,0.0,0.07033350318670273,0.4457849256365722,1464.622802734375
objects_seed202,objects,202,4,channel_mean,0.103103868663311,0.96993488073349,0.5399649739265442,0.10499467700719833,-0.018338869029850127,1072.5416259765625
objects_seed202,objects,202,4,channel_affine,0.103103868663311,0.9866769313812256,0.549285352230072,0.10459805279970169,-0.014492027852708344,1072.093017578125
objects_seed202,objects,202,4,oracle,0.103103868663311,0.0,0.0,0.012993290089070797,0.8739786367134215,1075.35986328125
objects_seed202,objects,202,9,channel_mean,0.13834348320960999,0.9953732490539551,0.4768711030483246,0.1453290581703186,-0.05049442733868774,1263.93408203125
objects_seed202,objects,202,9,channel_affine,0.13834348320960999,0.9884673357009888,0.4735625386238098,0.1426893174648285,-0.03141336443462213,1256.2276611328125
objects_seed202,objects,202,9,oracle,0.13834348320960999,0.0,0.0,0.019322780892252922,0.8603274946968325,1312.93017578125
objects_seed202,objects,202,12,channel_mean,0.0994471088051796,0.9896636009216309,0.3162950873374939,0.09835685044527054,0.010963198156367846,1385.5572509765625
objects_seed202,objects,202,12,channel_affine,0.0994471088051796,0.9891865849494934,0.31614261865615845,0.09648650139570236,0.029770673527343753,1381.2703857421875
objects_seed202,objects,202,12,oracle,0.0994471088051796,0.0,0.0,0.024340763688087463,0.7552391016638615,1409.311767578125
objects_seed202,objects,202,15,channel_mean,0.09519638121128082,0.9670820832252502,0.2657851576805115,0.09102056175470352,0.04386531718374253,1463.6148681640625
objects_seed202,objects,202,15,channel_affine,0.09519638121128082,0.9576576352119446,0.2631950378417969,0.08963751792907715,0.058393640719033406,1457.2950439453125
objects_seed202,objects,202,15,oracle,0.09519638121128082,0.0,0.0,0.03426208347082138,0.6400904841668361,1462.59814453125
objects_seed202,objects,202,18,channel_mean,0.13418836891651154,0.9000670313835144,0.24452823400497437,0.11778082698583603,0.12227245970091377,1492.9793701171875
objects_seed202,objects,202,18,channel_affine,0.13418836891651154,0.8727381229400635,0.23710356652736664,0.11452922970056534,0.1465040478148862,1486.498291015625
objects_seed202,objects,202,18,oracle,0.13418836891651154,0.0,0.0,0.06925220042467117,0.48391801030268083,1489.176513671875
text_seed101,text,101,4,channel_mean,0.10649028420448303,0.9685215353965759,0.7036691308021545,0.11038260161876678,-0.03655091582636506,1075.4119873046875
text_seed101,text,101,4,channel_affine,0.10649028420448303,0.9701268672943115,0.7048354148864746,0.10729646682739258,-0.007570480527232993,1077.4937744140625
text_seed101,text,101,4,oracle,0.10649028420448303,0.0,0.0,0.014141206629574299,0.8672066026002869,1175.874267578125
text_seed101,text,101,9,channel_mean,0.12293250858783722,0.9871222376823425,0.44262126088142395,0.12678247690200806,-0.031317739777676254,1299.5030517578125
text_seed101,text,101,9,channel_affine,0.12293250858783722,0.9846724271774292,0.4415227770805359,0.12428811937570572,-0.011027276701995343,1293.799560546875
text_seed101,text,101,9,oracle,0.12293250858783722,0.0,0.0,0.02129211835563183,0.8267983090866622,1302.57861328125
text_seed101,text,101,12,channel_mean,0.0963512733578682,0.9805120825767517,0.288952112197876,0.09319383651018143,0.032770058325637334,1358.6697998046875
text_seed101,text,101,12,channel_affine,0.0963512733578682,0.9830719232559204,0.2897064685821533,0.09240106493234634,0.040997988795124424,1354.441162109375
text_seed101,text,101,12,oracle,0.0963512733578682,0.0,0.0,0.028477085754275322,0.7044451540509937,1371.8995361328125
text_seed101,text,101,15,channel_mean,0.11065109074115753,0.966204047203064,0.259835422039032,0.10365568101406097,0.06322043172137083,1415.806884765625
text_seed101,text,101,15,channel_affine,0.11065109074115753,0.9556899666786194,0.2570079565048218,0.10350140184164047,0.06461471686928141,1410.4315185546875
text_seed101,text,101,15,oracle,0.11065109074115753,0.0,0.0,0.04485830292105675,0.5945968302653942,1433.617919921875
text_seed101,text,101,18,channel_mean,0.16349513828754425,0.8993400931358337,0.24540558457374573,0.1451188176870346,0.11239674031279516,1471.72900390625
text_seed101,text,101,18,channel_affine,0.16349513828754425,0.8764009475708008,0.23914611339569092,0.14364950358867645,0.12138363811139528,1464.2840576171875
text_seed101,text,101,18,oracle,0.16349513828754425,0.0,0.0,0.08325283229351044,0.4907932237893768,1474.9080810546875
text_seed202,text,202,4,channel_mean,0.0710996463894844,0.9561285972595215,0.5812178254127502,0.07255737483501434,-0.02050261175061955,1081.78271484375
text_seed202,text,202,4,channel_affine,0.0710996463894844,0.976680338382721,0.5937108993530273,0.07099993526935577,0.0014024137276634726,1077.2547607421875
text_seed202,text,202,4,oracle,0.0710996463894844,0.0,0.0,0.010501127690076828,0.8523040799309807,1146.1591796875
text_seed202,text,202,9,channel_mean,0.07305076718330383,0.9897193312644958,0.34550198912620544,0.07127682119607925,0.02428374205534729,1250.9232177734375
text_seed202,text,202,9,channel_affine,0.07305076718330383,0.9974860548973083,0.348213255405426,0.07078570872545242,0.031006634771785148,1244.916259765625
text_seed202,text,202,9,oracle,0.07305076718330383,0.0,0.0,0.021151037886738777,0.7104611121514277,1269.1263427734375
text_seed202,text,202,12,channel_mean,0.09098894149065018,0.980463445186615,0.29546910524368286,0.08678074181079865,0.04624957287017079,1329.058837890625
text_seed202,text,202,12,channel_affine,0.09098894149065018,0.9806854128837585,0.29553601145744324,0.0863800048828125,0.05065381058764467,1324.4493408203125
text_seed202,text,202,12,oracle,0.09098894149065018,0.0,0.0,0.03364338353276253,0.6302475555645447,1345.614013671875
text_seed202,text,202,15,channel_mean,0.12810172140598297,0.9660085439682007,0.262184202671051,0.1210017055273056,0.055424828025345825,1396.72607421875
text_seed202,text,202,15,channel_affine,0.12810172140598297,0.9583893418312073,0.2601162791252136,0.12082502245903015,0.056804068415999935,1392.3837890625
text_seed202,text,202,15,oracle,0.12810172140598297,0.0,0.0,0.05279504135251045,0.5878662614908103,1409.935546875
text_seed202,text,202,18,channel_mean,0.1845271736383438,0.9080853462219238,0.2555660605430603,0.16901978850364685,0.08403849053196902,1454.044677734375
text_seed202,text,202,18,channel_affine,0.1845271736383438,0.8887398838996887,0.2501215934753418,0.1651812642812729,0.10484043610285343,1449.4124755859375
text_seed202,text,202,18,oracle,0.1845271736383438,0.0,0.0,0.08900358527898788,0.5176667830320391,1465.571533203125
texture_seed101,texture,101,4,channel_mean,0.06398778408765793,0.9538198113441467,0.5696520209312439,0.06427007168531418,-0.004411585768770169,1077.375
texture_seed101,texture,101,4,channel_affine,0.06398778408765793,0.9583877325057983,0.5723801255226135,0.06320216506719589,0.012277640672566557,1078.719482421875
texture_seed101,texture,101,4,oracle,0.06398778408765793,0.0,0.0,0.007717860862612724,0.8793854018754595,1113.6258544921875
texture_seed101,texture,101,9,channel_mean,0.26876288652420044,0.9919843673706055,0.6304161548614502,0.27521246671676636,-0.02399728725932244,1365.7633056640625
texture_seed101,texture,101,9,channel_affine,0.26876288652420044,0.9789890646934509,0.6221575140953064,0.2689110040664673,-0.0005511086154133437,1358.5093994140625
texture_seed101,texture,101,9,oracle,0.26876288652420044,0.0,0.0,0.055412158370018005,0.7938251107262592,1417.75390625
texture_seed101,texture,101,12,channel_mean,0.24366456270217896,0.9855854511260986,0.48211178183555603,0.2463633418083191,-0.011075796481077727,1465.105224609375
texture_seed101,texture,101,12,channel_affine,0.24366456270217896,0.9732399582862854,0.47607284784317017,0.2433474361896515,0.001301488033428465,1460.12255859375
texture_seed101,texture,101,12,oracle,0.24366456270217896,0.0,0.0,0.061534348875284195,0.7474628719380295,1460.2696533203125
texture_seed101,texture,101,15,channel_mean,0.2028874307870865,0.9673060774803162,0.345155268907547,0.19844570755958557,0.021892550022786453,1490.049072265625
texture_seed101,texture,101,15,channel_affine,0.2028874307870865,0.9512163400650024,0.339414119720459,0.1971682906150818,0.02818873574285862,1484.7525634765625
texture_seed101,texture,101,15,oracle,0.2028874307870865,0.0,0.0,0.06742838025093079,0.6676561973832116,1485.023193359375
texture_seed101,texture,101,18,channel_mean,0.21245542168617249,0.9167285561561584,0.259968638420105,0.19368122518062592,0.08836769782829447,1505.609619140625
texture_seed101,texture,101,18,channel_affine,0.21245542168617249,0.8846656084060669,0.25087612867355347,0.1915065497159958,0.09860361201382388,1498.3173828125
texture_seed101,texture,101,18,oracle,0.21245542168617249,0.0,0.0,0.10041966289281845,0.5273377252704199,1502.1617431640625
texture_seed202,texture,202,4,channel_mean,0.15356984734535217,0.961550235748291,0.8829041123390198,0.15570883452892303,-0.013928432049298372,1075.63818359375
texture_seed202,texture,202,4,channel_affine,0.15356984734535217,0.9468573331832886,0.869412899017334,0.15463057160377502,-0.00690711280084472,1075.909912109375
texture_seed202,texture,202,4,oracle,0.15356984734535217,0.0,0.0,0.019695844501256943,0.8717466687522039,1271.937255859375
texture_seed202,texture,202,9,channel_mean,0.17773215472698212,0.9929492473602295,0.5615683794021606,0.1841520369052887,-0.03612110700040906,1498.1123046875
texture_seed202,texture,202,9,channel_affine,0.17773215472698212,0.981444239616394,0.5550616979598999,0.1811082512140274,-0.018995417527185088,1492.9578857421875
texture_seed202,texture,202,9,oracle,0.17773215472698212,0.0,0.0,0.04733792692422867,0.7336558092319007,1522.263916015625
texture_seed202,texture,202,12,channel_mean,0.17599718272686005,0.9866794347763062,0.40121909976005554,0.17684663832187653,-0.0048265295037977825,1571.775634765625
texture_seed202,texture,202,12,channel_affine,0.17599718272686005,0.9759464859962463,0.3968546688556671,0.17519305646419525,0.004568972356294838,1558.7884521484375
texture_seed202,texture,202,12,oracle,0.17599718272686005,0.0,0.0,0.05469096451997757,0.689250909175884,1549.881591796875
texture_seed202,texture,202,15,channel_mean,0.14619281888008118,0.9664055109024048,0.3000834286212921,0.14349104464054108,0.018480895711822258,1581.818603515625
texture_seed202,texture,202,15,channel_affine,0.14619281888008118,0.9495632648468018,0.29485365748405457,0.14185823500156403,0.029649772893925227,1569.1937255859375
texture_seed202,texture,202,15,oracle,0.14619281888008118,0.0,0.0,0.05986678972840309,0.5904943198508914,1564.4840087890625
texture_seed202,texture,202,18,channel_mean,0.17907340824604034,0.9168767333030701,0.24872435629367828,0.16779275238513947,0.0629945896009399,1578.622802734375
texture_seed202,texture,202,18,channel_affine,0.17907340824604034,0.8836309313774109,0.2397056519985199,0.1680176556110382,0.06173866205646756,1574.5517578125
texture_seed202,texture,202,18,oracle,0.17907340824604034,0.0,0.0,0.09498236328363419,0.46958979440916276,1579.2198486328125
glass_seed101,glass,101,4,channel_mean,0.09895934909582138,1.0057965517044067,0.6911052465438843,0.10210375487804413,-0.03177472175143402,1202.3134765625
glass_seed101,glass,101,4,channel_affine,0.09895934909582138,0.9867994785308838,0.6780519485473633,0.09975127875804901,-0.008002575496538612,1156.8555908203125
glass_seed101,glass,101,4,oracle,0.09895934909582138,0.0,0.0,0.013910640962421894,0.8594307552593908,1253.4044189453125
glass_seed101,glass,101,9,channel_mean,0.06391917914152145,1.0125595331192017,0.31719517707824707,0.06576088815927505,-0.028813089318245635,1428.7857666015625
glass_seed101,glass,101,9,channel_affine,0.06391917914152145,1.0156434774398804,0.318161278963089,0.06419384479522705,-0.004297077299717325,1445.6346435546875
glass_seed101,glass,101,9,oracle,0.06391917914152145,0.0,0.0,0.017498308792710304,0.7262432179554771,1439.22998046875
glass_seed101,glass,101,12,channel_mean,0.057578399777412415,0.9880045056343079,0.22967413067817688,0.05565428361296654,0.03341732614807218,1472.5963134765625
glass_seed101,glass,101,12,channel_affine,0.057578399777412415,0.9913745522499084,0.23045754432678223,0.055213406682014465,0.041074310931539966,1472.1768798828125
glass_seed101,glass,101,12,oracle,0.057578399777412415,0.0,0.0,0.022947808727622032,0.6014510855401666,1476.2559814453125
glass_seed101,glass,101,15,channel_mean,0.07538754492998123,0.9468539953231812,0.19902947545051575,0.06948374211788177,0.07831270825416607,1507.6025390625
glass_seed101,glass,101,15,channel_affine,0.07538754492998123,0.9449219107627869,0.19862332940101624,0.06843630224466324,0.09220677887539909,1505.1409912109375
glass_seed101,glass,101,15,oracle,0.07538754492998123,0.0,0.0,0.0348956473171711,0.5371165442569906,1505.3692626953125
glass_seed101,glass,101,18,channel_mean,0.12328847497701645,0.8847178816795349,0.22449219226837158,0.1078646257519722,0.12510373924180324,1525.742431640625
glass_seed101,glass,101,18,channel_affine,0.12328847497701645,0.8594427704811096,0.21807877719402313,0.10436835885047913,0.15346216367802773,1524.260498046875
glass_seed101,glass,101,18,oracle,0.12328847497701645,0.0,0.0,0.07156823575496674,0.41950587215626967,1535.093017578125
glass_seed202,glass,202,4,channel_mean,0.08817935734987259,0.9704678654670715,0.638557493686676,0.08893952518701553,-0.008620700581053199,1100.9654541015625
glass_seed202,glass,202,4,channel_affine,0.08817935734987259,0.9851728677749634,0.6482332348823547,0.08870216459035873,-0.00592890735653451,1117.4696044921875
glass_seed202,glass,202,4,oracle,0.08817935734987259,0.0,0.0,0.01193724200129509,0.8646254366094863,1206.471923828125
glass_seed202,glass,202,9,channel_mean,0.1141652911901474,1.0001307725906372,0.45356154441833496,0.12010882049798965,-0.0520607379518092,1430.1920166015625
glass_seed202,glass,202,9,channel_affine,0.1141652911901474,0.9930922985076904,0.45036956667900085,0.11787597835063934,-0.032502760881252674,1420.635986328125
glass_seed202,glass,202,9,oracle,0.1141652911901474,0.0,0.0,0.02383977547287941,0.7911819325790252,1469.3038330078125
glass_seed202,glass,202,12,channel_mean,0.07024747133255005,0.9979193210601807,0.22860372066497803,0.06891744583845139,0.01893342876076422,1529.3968505859375
glass_seed202,glass,202,12,channel_affine,0.07024747133255005,0.9991832971572876,0.22889326512813568,0.06762290000915527,0.03736179073222593,1519.096435546875
glass_seed202,glass,202,12,oracle,0.07024747133255005,0.0,0.0,0.025036893784999847,0.6435901063758478,1530.272216796875
glass_seed202,glass,202,15,channel_mean,0.08197533339262009,0.9732312560081482,0.2226487696170807,0.0784817487001419,0.04261751124262818,1573.376953125
glass_seed202,glass,202,15,channel_affine,0.08197533339262009,0.9640503525733948,0.22054842114448547,0.07799055427312851,0.04860948964253082,1571.8173828125
glass_seed202,glass,202,15,oracle,0.08197533339262009,0.0,0.0,0.03603074327111244,0.5604684753333843,1564.158203125
glass_seed202,glass,202,18,channel_mean,0.13527418673038483,0.9113633036613464,0.23628529906272888,0.12260112911462784,0.09368422699162611,1594.552734375
glass_seed202,glass,202,18,channel_affine,0.13527418673038483,0.8821547627449036,0.2287125140428543,0.11856997013092041,0.12348413990288934,1581.4935302734375
glass_seed202,glass,202,18,oracle,0.13527418673038483,0.0,0.0,0.07286903262138367,0.4613234469735232,1586.9100341796875
