case,prompt_id,seed,step,age,model,baseline_guided_noise_error,residual_relative_l1,corrected_feature_relative_l1,guided_noise_error,recovery_fraction,milliseconds
animal_seed101,animal,101,4,2,cached_lowrank,0.09888575226068497,1.0001435279846191,0.5018549561500549,0.10667163878679276,-0.0787361813821515,1175.4410400390625
animal_seed101,animal,101,4,2,conv_delta,0.09888575226068497,1.0042937994003296,0.5039374828338623,0.10102790594100952,-0.021662915347777888,1214.67822265625
animal_seed101,animal,101,4,2,shallow_delta,0.09888575226068497,1.0020159482955933,0.5027945041656494,0.09787585586309433,0.010212759416830084,1197.9796142578125
animal_seed101,animal,101,4,2,combined,0.09888575226068497,1.0115028619766235,0.507554829120636,0.09676770120859146,0.021419173173804144,1203.963623046875
animal_seed101,animal,101,4,2,combined_spatial_shuffle,0.09888575226068497,1.0620267391204834,0.5329068899154663,0.10675065219402313,-0.07953521870981503,1148.7841796875
animal_seed101,animal,101,4,2,oracle,0.09888575226068497,0.0,0.0,0.014877677895128727,0.8495467996652557,1219.8348388671875
animal_seed101,animal,101,9,2,cached_lowrank,0.1005062386393547,0.9867519736289978,0.3195444643497467,0.10190451890230179,-0.013912372822591782,1458.3408203125
animal_seed101,animal,101,9,2,conv_delta,0.1005062386393547,0.9849253296852112,0.31895291805267334,0.10070086270570755,-0.0019364376678268835,1462.521484375
animal_seed101,animal,101,9,2,shallow_delta,0.1005062386393547,0.9860253930091858,0.31930917501449585,0.09843369573354721,0.020621037398925804,1474.9970703125
animal_seed101,animal,101,9,2,combined,0.1005062386393547,0.9846192002296448,0.31885379552841187,0.09902899712324142,0.014698008164588158,1475.9622802734375
animal_seed101,animal,101,9,2,combined_spatial_shuffle,0.1005062386393547,1.0209338665008545,0.33061373233795166,0.10138627886772156,-0.008756075645460073,1453.468994140625
animal_seed101,animal,101,9,2,oracle,0.1005062386393547,0.0,0.0,0.029204344376921654,0.7094275462669015,1435.910888671875
animal_seed101,animal,101,12,2,cached_lowrank,0.10774538666009903,0.979526698589325,0.2666260600090027,0.10716606676578522,0.005376748947417809,1539.064453125
animal_seed101,animal,101,12,2,conv_delta,0.10774538666009903,0.9786749482154846,0.2663942277431488,0.10628531873226166,0.01355109460457367,1547.034912109375
animal_seed101,animal,101,12,2,shallow_delta,0.10774538666009903,0.9761864542961121,0.2657168507575989,0.10557955503463745,0.020101386171586716,1549.484619140625
animal_seed101,animal,101,12,2,combined,0.10774538666009903,0.9770879745483398,0.26596224308013916,0.10565618425607681,0.019390179652080675,1542.1451416015625
animal_seed101,animal,101,12,2,combined_spatial_shuffle,0.10774538666009903,0.9916381239891052,0.26992276310920715,0.10657840967178345,0.010830876610958832,1515.7520751953125
animal_seed101,animal,101,12,2,oracle,0.10774538666009903,0.0,0.0,0.03872125223278999,0.6406226435017334,1517.3712158203125
animal_seed101,animal,101,15,2,cached_lowrank,0.13683965802192688,0.9793602228164673,0.3039396405220032,0.13094785809516907,0.043056231007342356,1586.9736328125
animal_seed101,animal,101,15,2,conv_delta,0.13683965802192688,0.9793912172317505,0.303949236869812,0.13133125007152557,0.04025447030508254,1575.0369873046875
animal_seed101,animal,101,15,2,shallow_delta,0.13683965802192688,0.9772034287452698,0.30327028036117554,0.1308821737766266,0.04353624038102813,1599.6644287109375
animal_seed101,animal,101,15,2,combined,0.13683965802192688,0.9779863953590393,0.3035132586956024,0.13094277679920197,0.04309336421887295,1599.70654296875
animal_seed101,animal,101,15,2,combined_spatial_shuffle,0.13683965802192688,0.9831859469413757,0.30512693524360657,0.13126632571220398,0.040728926031296,1600.3228759765625
animal_seed101,animal,101,15,2,oracle,0.13683965802192688,0.0,0.0,0.05461343005299568,0.6008947198315524,1598.966064453125
animal_seed101,animal,101,18,2,cached_lowrank,0.17167958617210388,0.9123327732086182,0.2325204312801361,0.16231156885623932,0.05456686799369025,1597.5926513671875
animal_seed101,animal,101,18,2,conv_delta,0.17167958617210388,0.9129394888877869,0.23267504572868347,0.1617671251296997,0.05773814617928549,1609.126953125
animal_seed101,animal,101,18,2,shallow_delta,0.17167958617210388,0.9098774194717407,0.23189464211463928,0.16152049601078033,0.059174712543513176,1635.088623046875
animal_seed101,animal,101,18,2,combined,0.17167958617210388,0.9108602404594421,0.23214513063430786,0.1616182178258896,0.05860550208996928,1618.966064453125
animal_seed101,animal,101,18,2,combined_spatial_shuffle,0.17167958617210388,0.9194663166999817,0.23433849215507507,0.16190530359745026,0.056933283639530596,1637.33544921875
animal_seed101,animal,101,18,2,oracle,0.17167958617210388,0.0,0.0,0.08747459203004837,0.4904776160028858,1616.11328125
animal_seed202,animal,202,4,2,cached_lowrank,0.07359253615140915,0.9732743501663208,0.5915385484695435,0.07475751638412476,-0.015830141120816633,1130.35205078125
animal_seed202,animal,202,4,2,conv_delta,0.07359253615140915,0.9824339747428894,0.5971056222915649,0.08135946840047836,-0.10553967365779515,1132.95947265625
animal_seed202,animal,202,4,2,shallow_delta,0.07359253615140915,0.9756755828857422,0.5929980278015137,0.07730105519294739,-0.05039259734041966,1133.0816650390625
animal_seed202,animal,202,4,2,combined,0.07359253615140915,0.9793461561203003,0.595228910446167,0.08167233318090439,-0.10979098495629883,1133.025390625
animal_seed202,animal,202,4,2,combined_spatial_shuffle,0.07359253615140915,1.002126932144165,0.6090746521949768,0.08046207576990128,-0.09334560239042107,1131.785400390625
animal_seed202,animal,202,4,2,oracle,0.07359253615140915,0.0,0.0,0.012103009037673473,0.8355402643989227,1128.4146728515625
animal_seed202,animal,202,9,2,cached_lowrank,0.1601426601409912,0.982464611530304,0.4020747244358063,0.16085472702980042,-0.004446453482053397,1331.30078125
animal_seed202,animal,202,9,2,conv_delta,0.1601426601409912,0.981827437877655,0.40181395411491394,0.15973156690597534,0.002567043876091096,1337.426025390625
animal_seed202,animal,202,9,2,shallow_delta,0.1601426601409912,0.9818407893180847,0.4018194079399109,0.15820959210395813,0.01207091249346794,1336.3333740234375
animal_seed202,animal,202,9,2,combined,0.1601426601409912,0.9810406565666199,0.4014919698238373,0.1588849574327469,0.00785363941836004,1337.865478515625
animal_seed202,animal,202,9,2,combined_spatial_shuffle,0.1601426601409912,0.9986642003059387,0.40870440006256104,0.16157637536525726,-0.008952737659058461,1330.971435546875
animal_seed202,animal,202,9,2,oracle,0.1601426601409912,0.0,0.0,0.034930307418107986,0.7818800600205155,1370.2816162109375
animal_seed202,animal,202,12,2,cached_lowrank,0.1966877579689026,0.979322075843811,0.3563113510608673,0.19973814487457275,-0.015508778671179163,1457.4683837890625
animal_seed202,animal,202,12,2,conv_delta,0.1966877579689026,0.9766861200332642,0.3553522825241089,0.20093940198421478,-0.021616210684471796,1435.8389892578125
animal_seed202,animal,202,12,2,shallow_delta,0.1966877579689026,0.9732717275619507,0.3541100323200226,0.19830428063869476,-0.00821872538731036,1435.297119140625
animal_seed202,animal,202,12,2,combined,0.1966877579689026,0.9738612771034241,0.3543245196342468,0.19824807345867157,-0.007932956813792531,1436.2413330078125
animal_seed202,animal,202,12,2,combined_spatial_shuffle,0.1966877579689026,0.9824861288070679,0.3574625253677368,0.1995672583580017,-0.014639957355934607,1435.246826171875
animal_seed202,animal,202,12,2,oracle,0.1966877579689026,0.0,0.0,0.045509688556194305,0.7686196180883325,1457.6583251953125
animal_seed202,animal,202,15,2,cached_lowrank,0.1506464034318924,0.9476461410522461,0.22876690328121185,0.14393551647663116,0.04454727628658748,1520.339599609375
animal_seed202,animal,202,15,2,conv_delta,0.1506464034318924,0.9503971934318542,0.22943101823329926,0.14391766488552094,0.04466577623549797,1515.4368896484375
animal_seed202,animal,202,15,2,shallow_delta,0.1506464034318924,0.9462392330169678,0.22842727601528168,0.14385302364826202,0.045094868704925135,1515.2393798828125
animal_seed202,animal,202,15,2,combined,0.1506464034318924,0.9480587840080261,0.22886653244495392,0.14404459297657013,0.04382321983748494,1514.7618408203125
animal_seed202,animal,202,15,2,combined_spatial_shuffle,0.1506464034318924,0.9538685083389282,0.23026902973651886,0.1442154049873352,0.04268935930796821,1530.1221923828125
animal_seed202,animal,202,15,2,oracle,0.1506464034318924,0.0,0.0,0.05620930716395378,0.6268791960282932,1524.3934326171875
animal_seed202,animal,202,18,2,cached_lowrank,0.20461870729923248,0.896895706653595,0.22823220491409302,0.19354316592216492,0.05412770671486453,1558.12841796875
animal_seed202,animal,202,18,2,conv_delta,0.20461870729923248,0.8993100523948669,0.22884657979011536,0.1932900995016098,0.055364477408489494,1539.12890625
animal_seed202,animal,202,18,2,shallow_delta,0.20461870729923248,0.8973204493522644,0.228340283036232,0.19336861371994019,0.05498076753480934,1527.225341796875
animal_seed202,animal,202,18,2,combined,0.20461870729923248,0.8979661464691162,0.22850459814071655,0.19345587491989136,0.05455430994887825,1527.744140625
animal_seed202,animal,202,18,2,combined_spatial_shuffle,0.20461870729923248,0.903370201587677,0.22987976670265198,0.19386954605579376,0.05253264173797779,1560.6309814453125
animal_seed202,animal,202,18,2,oracle,0.20461870729923248,0.0,0.0,0.09822375327348709,0.5199668956472998,1565.6669921875
architecture_seed101,architecture,101,4,2,cached_lowrank,0.07204380631446838,0.9830129146575928,0.5653111338615417,0.07303400337696075,-0.013744374612443426,1123.7493896484375
architecture_seed101,architecture,101,4,2,conv_delta,0.07204380631446838,0.970935583114624,0.5583657026290894,0.07189156860113144,0.002113127014311722,1130.1702880859375
architecture_seed101,architecture,101,4,2,shallow_delta,0.07204380631446838,0.962435781955719,0.5534776449203491,0.07064173370599747,0.019461389954202653,1129.0396728515625
architecture_seed101,architecture,101,4,2,combined,0.07204380631446838,0.9616016745567322,0.5529979467391968,0.07040354609489441,0.022767539688482077,1130.7568359375
architecture_seed101,architecture,101,4,2,combined_spatial_shuffle,0.07204380631446838,0.9741288423538208,0.5602020621299744,0.07215587794780731,-0.0015556040008455404,1130.546142578125
architecture_seed101,architecture,101,4,2,oracle,0.07204380631446838,0.0,0.0,0.01235936488956213,0.8284465310506501,1178.63623046875
architecture_seed101,architecture,101,9,2,cached_lowrank,0.2267543375492096,0.9897937774658203,0.4921751916408539,0.22965866327285767,-0.012808247705593648,1303.2694091796875
architecture_seed101,architecture,101,9,2,conv_delta,0.2267543375492096,0.9848967790603638,0.48974016308784485,0.2275974154472351,-0.0037180232454982268,1308.2862548828125
architecture_seed101,architecture,101,9,2,shallow_delta,0.2267543375492096,0.9877601265907288,0.4911639392375946,0.22663456201553345,0.0005282171665190489,1306.8883056640625
architecture_seed101,architecture,101,9,2,combined,0.2267543375492096,0.9865254163742065,0.4905500113964081,0.22641153633594513,0.0015117735650374122,1307.2799072265625
architecture_seed101,architecture,101,9,2,combined_spatial_shuffle,0.2267543375492096,0.9989310503005981,0.4967186748981476,0.22921591997146606,-0.010855723638460782,1303.8359375
architecture_seed101,architecture,101,9,2,oracle,0.2267543375492096,0.0,0.0,0.04649917408823967,0.7949359002751224,1362.16015625
architecture_seed101,architecture,101,12,2,cached_lowrank,0.2850283086299896,0.9857767820358276,0.43319812417030334,0.28831321001052856,-0.011524825012392876,1465.939697265625
architecture_seed101,architecture,101,12,2,conv_delta,0.2850283086299896,0.984546422958374,0.4326574504375458,0.28838521242141724,-0.011777439958728406,1445.9964599609375
architecture_seed101,architecture,101,12,2,shallow_delta,0.2850283086299896,0.9839757680892944,0.4324066638946533,0.28553029894828796,-0.0017611946010247007,1436.145751953125
architecture_seed101,architecture,101,12,2,combined,0.2850283086299896,0.9836284518241882,0.43225404620170593,0.28517892956733704,-0.0005284420276406339,1436.012451171875
architecture_seed101,architecture,101,12,2,combined_spatial_shuffle,0.2850283086299896,0.9912098050117493,0.4355856478214264,0.28755760192871094,-0.00887383190420122,1435.7430419921875
architecture_seed101,architecture,101,12,2,oracle,0.2850283086299896,0.0,0.0,0.07385440170764923,0.7408874856584033,1476.788330078125
architecture_seed101,architecture,101,15,2,cached_lowrank,0.2543295621871948,0.9625608921051025,0.309008926153183,0.25026315450668335,0.015988733852018613,1541.414306640625
architecture_seed101,architecture,101,15,2,conv_delta,0.2543295621871948,0.9625326991081238,0.3089998960494995,0.2499839961528778,0.017086358333438797,1499.734130859375
architecture_seed101,architecture,101,15,2,shallow_delta,0.2543295621871948,0.96073317527771,0.30842217803001404,0.2482530027627945,0.02389246209580538,1496.6201171875
architecture_seed101,architecture,101,15,2,combined,0.2543295621871948,0.9620109796524048,0.30883240699768066,0.24858154356479645,0.022600670456734587,1518.5640869140625
architecture_seed101,architecture,101,15,2,combined_spatial_shuffle,0.2543295621871948,0.9668471217155457,0.31038495898246765,0.2495795041322708,0.018676783045094122,1521.256103515625
architecture_seed101,architecture,101,15,2,oracle,0.2543295621871948,0.0,0.0,0.09339138865470886,0.632793813461725,1538.2613525390625
architecture_seed101,architecture,101,18,2,cached_lowrank,0.25026312470436096,0.8940978646278381,0.26305869221687317,0.23882333934307098,0.045711030639467735,1571.412109375
architecture_seed101,architecture,101,18,2,conv_delta,0.25026312470436096,0.8951266407966614,0.263361394405365,0.23894940316677094,0.045207305514766,1544.4932861328125
architecture_seed101,architecture,101,18,2,shallow_delta,0.25026312470436096,0.8955251574516296,0.2634786367416382,0.2380615621805191,0.04875493558332143,1543.46435546875
architecture_seed101,architecture,101,18,2,combined,0.25026312470436096,0.896068274974823,0.263638436794281,0.2383674532175064,0.04753265788120828,1545.685791015625
architecture_seed101,architecture,101,18,2,combined_spatial_shuffle,0.25026312470436096,0.9009013175964355,0.2650603950023651,0.2386179268360138,0.046531816791242374,1545.80810546875
architecture_seed101,architecture,101,18,2,oracle,0.25026312470436096,0.0,0.0,0.12663303315639496,0.49400043132208077,1538.6934814453125
architecture_seed202,architecture,202,4,2,cached_lowrank,0.08372260630130768,0.9605036377906799,0.583251416683197,0.08534081280231476,-0.019328190706143902,1128.9395751953125
architecture_seed202,architecture,202,4,2,conv_delta,0.08372260630130768,0.9448708891868591,0.5737586617469788,0.0838717594742775,-0.0017815161228143524,1130.24462890625
architecture_seed202,architecture,202,4,2,shallow_delta,0.08372260630130768,0.9468365907669067,0.5749523043632507,0.08491330593824387,-0.014221960943869828,1137.777099609375
architecture_seed202,architecture,202,4,2,combined,0.08372260630130768,0.9424983859062195,0.5723179578781128,0.08447132259607315,-0.008942821154789804,1145.5655517578125
architecture_seed202,architecture,202,4,2,combined_spatial_shuffle,0.08372260630130768,0.9542924761772156,0.5794797539710999,0.08533536642789841,-0.01926313809183863,1125.385986328125
architecture_seed202,architecture,202,4,2,oracle,0.08372260630130768,0.0,0.0,0.011526079848408699,0.8623301356992195,1148.123291015625
architecture_seed202,architecture,202,9,2,cached_lowrank,0.15523572266101837,0.9924046993255615,0.40171271562576294,0.16280941665172577,-0.04878834498194562,1404.0772705078125
architecture_seed202,architecture,202,9,2,conv_delta,0.15523572266101837,0.9897351861000061,0.4006321430206299,0.16217657923698425,-0.04471172264339139,1407.140380859375
architecture_seed202,architecture,202,9,2,shallow_delta,0.15523572266101837,0.9902448058128357,0.4008384346961975,0.16084356606006622,-0.03612469670588296,1389.269775390625
architecture_seed202,architecture,202,9,2,combined,0.15523572266101837,0.9897674918174744,0.4006452262401581,0.16106367111206055,-0.037542573005366925,1407.2501220703125
architecture_seed202,architecture,202,9,2,combined_spatial_shuffle,0.15523572266101837,0.9978835582733154,0.40393051505088806,0.16217564046382904,-0.04470567523923003,1388.7718505859375
architecture_seed202,architecture,202,9,2,oracle,0.15523572266101837,0.0,0.0,0.047097280621528625,0.6966079726096747,1421.1611328125
architecture_seed202,architecture,202,12,2,cached_lowrank,0.24499233067035675,0.983195960521698,0.3992544710636139,0.24204394221305847,0.012034615325429956,1491.496337890625
architecture_seed202,architecture,202,12,2,conv_delta,0.24499233067035675,0.9831997156143188,0.39925602078437805,0.24184687435626984,0.012838999104503411,1475.7520751953125
architecture_seed202,architecture,202,12,2,shallow_delta,0.24499233067035675,0.9793429374694824,0.3976898789405823,0.23978593945503235,0.021251241624905107,1475.47216796875
architecture_seed202,architecture,202,12,2,combined,0.24499233067035675,0.9798258543014526,0.3978859484195709,0.24036633968353271,0.018882186940979883,1485.138916015625
architecture_seed202,architecture,202,12,2,combined_spatial_shuffle,0.24499233067035675,0.9863114953041077,0.40051963925361633,0.24217379093170166,0.011504603964307377,1485.555908203125
architecture_seed202,architecture,202,12,2,oracle,0.24499233067035675,0.0,0.0,0.0745852068066597,0.6955610544926978,1464.369873046875
architecture_seed202,architecture,202,15,2,cached_lowrank,0.2170073688030243,0.9591373205184937,0.3076770305633545,0.21245908737182617,0.02095911054212429,1528.693115234375
architecture_seed202,architecture,202,15,2,conv_delta,0.2170073688030243,0.9588450789451599,0.3075832724571228,0.2122177630662918,0.022071166353249353,1520.57666015625
architecture_seed202,architecture,202,15,2,shallow_delta,0.2170073688030243,0.9585621953010559,0.30749255418777466,0.21115760505199432,0.026956521261449644,1532.35986328125
architecture_seed202,architecture,202,15,2,combined,0.2170073688030243,0.9586824774742126,0.30753111839294434,0.2112637162208557,0.026467546304301044,1531.056884765625
architecture_seed202,architecture,202,15,2,combined_spatial_shuffle,0.2170073688030243,0.9624688625335693,0.30874574184417725,0.21228286623954773,0.0217711619173861,1532.72412109375
architecture_seed202,architecture,202,15,2,oracle,0.2170073688030243,0.0,0.0,0.0847477912902832,0.6094704444474047,1510.75341796875
architecture_seed202,architecture,202,18,2,cached_lowrank,0.21481873095035553,0.8907779455184937,0.2687348425388336,0.20125673711299896,0.06313226866837202,1554.0867919921875
architecture_seed202,architecture,202,18,2,conv_delta,0.21481873095035553,0.8920814394950867,0.26912808418273926,0.2013164609670639,0.06285424889886344,1547.087890625
architecture_seed202,architecture,202,18,2,shallow_delta,0.21481873095035553,0.8931442499160767,0.2694486975669861,0.20087406039237976,0.06491366230628359,1547.9384765625
architecture_seed202,architecture,202,18,2,combined,0.21481873095035553,0.8938679695129395,0.2696670591831207,0.20132605731487274,0.06280957705965098,1547.0523681640625
architecture_seed202,architecture,202,18,2,combined_spatial_shuffle,0.21481873095035553,0.8980000615119934,0.27091366052627563,0.20181876420974731,0.060515983327415236,1548.375
architecture_seed202,architecture,202,18,2,oracle,0.21481873095035553,0.0,0.0,0.11174577474594116,0.4798136351910321,1535.2845458984375
glass_seed101,glass,101,4,2,cached_lowrank,0.09895934909582138,1.0419610738754272,0.7159547209739685,0.1066855788230896,-0.07807478321009352,1207.3450927734375
glass_seed101,glass,101,4,2,conv_delta,0.09895934909582138,1.0329475402832031,0.7097613215446472,0.10716095566749573,-0.08287854201357782,1239.5059814453125
glass_seed101,glass,101,4,2,shallow_delta,0.09895934909582138,1.0359710454940796,0.7118388414382935,0.10349439084529877,-0.04582731991381784,1228.4129638671875
glass_seed101,glass,101,4,2,combined,0.09895934909582138,1.029783844947815,0.707587480545044,0.10575565695762634,-0.06867777449934682,1234.512451171875
glass_seed101,glass,101,4,2,combined_spatial_shuffle,0.09895934909582138,1.0599039793014526,0.728283703327179,0.10697772353887558,-0.08102695214062175,1193.814453125
glass_seed101,glass,101,4,2,oracle,0.09895934909582138,0.0,0.0,0.013910640962421894,0.8594307552593908,1241.5479736328125
glass_seed101,glass,101,9,2,cached_lowrank,0.06391917914152145,1.009513258934021,0.31624090671539307,0.06562315672636032,-0.026658314573567096,1435.794921875
glass_seed101,glass,101,9,2,conv_delta,0.06391917914152145,1.0203006267547607,0.31962016224861145,0.06485072523355484,-0.0145738118753196,1441.304931640625
glass_seed101,glass,101,9,2,shallow_delta,0.06391917914152145,1.0125406980514526,0.3171892762184143,0.06483939290046692,-0.01439652028240301,1439.90283203125
glass_seed101,glass,101,9,2,combined,0.06391917914152145,1.0193372964859009,0.31931838393211365,0.06474002450704575,-0.012841925953192921,1442.328857421875
glass_seed101,glass,101,9,2,combined_spatial_shuffle,0.06391917914152145,1.0384070873260498,0.3252922296524048,0.06628862768411636,-0.037069445734726786,1436.3668212890625
glass_seed101,glass,101,9,2,oracle,0.06391917914152145,0.0,0.0,0.017498308792710304,0.7262432179554771,1427.8216552734375
glass_seed101,glass,101,12,2,cached_lowrank,0.057578399777412415,0.9772077202796936,0.22716428339481354,0.055833227932453156,0.03030948848362884,1479.0338134765625
glass_seed101,glass,101,12,2,conv_delta,0.057578399777412415,0.9870315194129944,0.22944794595241547,0.05607571825385094,0.02609800774892269,1480.3385009765625
glass_seed101,glass,101,12,2,shallow_delta,0.057578399777412415,0.9760111570358276,0.22688612341880798,0.056008752435445786,0.027261044906329444,1480.8780517578125
glass_seed101,glass,101,12,2,combined,0.057578399777412415,0.9828059673309326,0.22846566140651703,0.05621106177568436,0.023747412345843877,1481.671875
glass_seed101,glass,101,12,2,combined_spatial_shuffle,0.057578399777412415,0.9915154576301575,0.2304902970790863,0.05578954517841339,0.031068154132702697,1481.0540771484375
glass_seed101,glass,101,12,2,oracle,0.057578399777412415,0.0,0.0,0.022947808727622032,0.6014510855401666,1477.050048828125
glass_seed101,glass,101,15,2,cached_lowrank,0.07538754492998123,0.9351310729980469,0.19656530022621155,0.06917630136013031,0.08239084553847492,1509.6302490234375
glass_seed101,glass,101,15,2,conv_delta,0.07538754492998123,0.9377228617668152,0.1971101015806198,0.06949421763420105,0.07817375272339498,1511.4666748046875
glass_seed101,glass,101,15,2,shallow_delta,0.07538754492998123,0.9337074756622314,0.1962660551071167,0.06895650923252106,0.08530634209448285,1512.387939453125
glass_seed101,glass,101,15,2,combined,0.07538754492998123,0.9345816373825073,0.19644981622695923,0.06936328113079071,0.07991059802764187,1512.2059326171875
glass_seed101,glass,101,15,2,combined_spatial_shuffle,0.07538754492998123,0.943592369556427,0.19834387302398682,0.06935659795999527,0.07999924888902286,1511.93701171875
glass_seed101,glass,101,15,2,oracle,0.07538754492998123,0.0,0.0,0.0348956473171711,0.5371165442569906,1505.2025146484375
glass_seed101,glass,101,18,2,cached_lowrank,0.12328847497701645,0.8614668846130371,0.21859239041805267,0.10689189285039902,0.13299363245164722,1526.3729248046875
glass_seed101,glass,101,18,2,conv_delta,0.12328847497701645,0.8640146255493164,0.21923887729644775,0.10653390735387802,0.13589727366050905,1528.9580078125
glass_seed101,glass,101,18,2,shallow_delta,0.12328847497701645,0.8634518980979919,0.2190960794687271,0.1068657636642456,0.13320556780211923,1528.447998046875
glass_seed101,glass,101,18,2,combined,0.12328847497701645,0.8638267517089844,0.21919119358062744,0.1065550446510315,0.13572582781240838,1528.920166015625
glass_seed101,glass,101,18,2,combined_spatial_shuffle,0.12328847497701645,0.8726181387901306,0.2214219570159912,0.10746384412050247,0.12835450239338284,1530.324462890625
glass_seed101,glass,101,18,2,oracle,0.12328847497701645,0.0,0.0,0.07156823575496674,0.41950587215626967,1523.9180908203125
glass_seed202,glass,202,4,2,cached_lowrank,0.08817935734987259,0.9650084376335144,0.6349652409553528,0.091160349547863,-0.03380600956483071,1082.9716796875
glass_seed202,glass,202,4,2,conv_delta,0.08817935734987259,0.9569507837295532,0.629663348197937,0.08991982042789459,-0.019737760971837225,1091.237548828125
glass_seed202,glass,202,4,2,shallow_delta,0.08817935734987259,0.9625327587127686,0.6333362460136414,0.08860503882169724,-0.004827450376346625,1086.8416748046875
glass_seed202,glass,202,4,2,combined,0.08817935734987259,0.9590108394622803,0.631018877029419,0.08972226828336716,-0.017497416400674155,1087.5374755859375
glass_seed202,glass,202,4,2,combined_spatial_shuffle,0.08817935734987259,0.9776411056518555,0.6432774066925049,0.09129801392555237,-0.03536719555922558,1085.5108642578125
glass_seed202,glass,202,4,2,oracle,0.08817935734987259,0.0,0.0,0.01193724200129509,0.8646254366094863,1177.38037109375
glass_seed202,glass,202,9,2,cached_lowrank,0.1141652911901474,0.9955198764801025,0.4514704942703247,0.12215867638587952,-0.07001589635871708,1438.352783203125
glass_seed202,glass,202,9,2,conv_delta,0.1141652911901474,0.9944794178009033,0.4509986340999603,0.12097915261983871,-0.05968417685146113,1440.5780029296875
glass_seed202,glass,202,9,2,shallow_delta,0.1141652911901474,0.9920394420623779,0.4498921036720276,0.12060371786355972,-0.05639565761443936,1440.324951171875
glass_seed202,glass,202,9,2,combined,0.1141652911901474,0.9923662543296814,0.4500403106212616,0.12026303261518478,-0.05341151729627985,1439.518798828125
glass_seed202,glass,202,9,2,combined_spatial_shuffle,0.1141652911901474,1.0064326524734497,0.4564194679260254,0.1205243244767189,-0.05570023270890842,1435.4576416015625
glass_seed202,glass,202,9,2,oracle,0.1141652911901474,0.0,0.0,0.02383977547287941,0.7911819325790252,1469.8734130859375
glass_seed202,glass,202,12,2,cached_lowrank,0.07024747133255005,1.0026973485946655,0.2296982705593109,0.06882017105817795,0.02031817298611777,1529.7896728515625
glass_seed202,glass,202,12,2,conv_delta,0.07024747133255005,1.0068751573562622,0.23065531253814697,0.06846407055854797,0.025387401712433085,1529.4549560546875
glass_seed202,glass,202,12,2,shallow_delta,0.07024747133255005,0.9992765188217163,0.22891461849212646,0.0686594694852829,0.022605822204611232,1529.74462890625
glass_seed202,glass,202,12,2,combined,0.07024747133255005,1.0028003454208374,0.22972185909748077,0.06860144436359406,0.023431832316977458,1530.044677734375
glass_seed202,glass,202,12,2,combined_spatial_shuffle,0.07024747133255005,1.0072027444839478,0.23073036968708038,0.06875292956829071,0.02127538167436959,1529.201416015625
glass_seed202,glass,202,12,2,oracle,0.07024747133255005,0.0,0.0,0.025036893784999847,0.6435901063758478,1529.9522705078125
glass_seed202,glass,202,15,2,cached_lowrank,0.08197533339262009,0.9653748273849487,0.22085143625736237,0.07866343855857849,0.04040111454233808,1567.1748046875
glass_seed202,glass,202,15,2,conv_delta,0.08197533339262009,0.9689831733703613,0.22167691588401794,0.07882420718669891,0.03843993156854738,1565.9150390625
glass_seed202,glass,202,15,2,shallow_delta,0.08197533339262009,0.9640039205551147,0.22053781151771545,0.07854236662387848,0.0418780458299504,1566.8577880859375
glass_seed202,glass,202,15,2,combined,0.08197533339262009,0.9665066599845886,0.22111035883426666,0.07926490902900696,0.03306390168163851,1568.138916015625
glass_seed202,glass,202,15,2,combined_spatial_shuffle,0.08197533339262009,0.9703218936920166,0.2219831794500351,0.07885216176509857,0.0380989194952476,1569.27978515625
glass_seed202,glass,202,15,2,oracle,0.08197533339262009,0.0,0.0,0.03603074327111244,0.5604684753333843,1562.5965576171875
glass_seed202,glass,202,18,2,cached_lowrank,0.13527418673038483,0.8879961967468262,0.23022699356079102,0.12231491506099701,0.09580003386172234,1588.9520263671875
glass_seed202,glass,202,18,2,conv_delta,0.13527418673038483,0.8892556428909302,0.2305535227060318,0.12215163558721542,0.09700705995981317,1588.095703125
glass_seed202,glass,202,18,2,shallow_delta,0.13527418673038483,0.8865260481834412,0.2298458367586136,0.12201885879039764,0.09798859827120156,1591.260986328125
glass_seed202,glass,202,18,2,combined,0.13527418673038483,0.8893814086914062,0.23058614134788513,0.12222716957330704,0.09644868302244403,1588.8341064453125
glass_seed202,glass,202,18,2,combined_spatial_shuffle,0.13527418673038483,0.8963373303413391,0.23238956928253174,0.12285079061985016,0.09183863093773949,1591.065673828125
glass_seed202,glass,202,18,2,oracle,0.13527418673038483,0.0,0.0,0.07286903262138367,0.4613234469735232,1585.2801513671875
interior_seed101,interior,101,4,2,cached_lowrank,0.09249567985534668,0.9527958631515503,0.6575410962104797,0.10134540498256683,-0.09567717261022542,1142.0604248046875
interior_seed101,interior,101,4,2,conv_delta,0.09249567985534668,0.9465221762657166,0.6532115340232849,0.10332152247428894,-0.11704160276320708,1150.959716796875
interior_seed101,interior,101,4,2,shallow_delta,0.09249567985534668,0.9546051025390625,0.6587896943092346,0.10343559086322784,-0.1182748321325927,1151.3798828125
interior_seed101,interior,101,4,2,combined,0.09249567985534668,0.949042558670044,0.6549508571624756,0.1014849990606308,-0.09718636826436056,1151.9168701171875
interior_seed101,interior,101,4,2,combined_spatial_shuffle,0.09249567985534668,0.9763480424880981,0.6737948656082153,0.10056744515895844,-0.08726640331997268,1143.798583984375
interior_seed101,interior,101,4,2,oracle,0.09249567985534668,0.0,0.0,0.011404481716454029,0.8767025472509699,1202.4892578125
interior_seed101,interior,101,9,2,cached_lowrank,0.1587284356355667,1.0026764869689941,0.4710770547389984,0.1658770889043808,-0.0450370044925477,1383.1884765625
interior_seed101,interior,101,9,2,conv_delta,0.1587284356355667,0.9997285604476929,0.46969205141067505,0.16448216140270233,-0.03624886583236991,1371.444091796875
interior_seed101,interior,101,9,2,shallow_delta,0.1587284356355667,0.9990115761756897,0.46935519576072693,0.16254128515720367,-0.024021212748490086,1349.5047607421875
interior_seed101,interior,101,9,2,combined,0.1587284356355667,0.9979733824729919,0.4688674211502075,0.1615394800901413,-0.017709772312181137,1349.07861328125
interior_seed101,interior,101,9,2,combined_spatial_shuffle,0.1587284356355667,1.0115315914154053,0.47523730993270874,0.16315308213233948,-0.02787557553286516,1344.5670166015625
interior_seed101,interior,101,9,2,oracle,0.1587284356355667,0.0,0.0,0.028384840115904808,0.8211735660201736,1347.390380859375
interior_seed101,interior,101,12,2,cached_lowrank,0.10651817917823792,0.9964300990104675,0.3842587471008301,0.10821952670812607,-0.015972367749933762,1433.2911376953125
interior_seed101,interior,101,12,2,conv_delta,0.10651817917823792,0.9962859749794006,0.384203165769577,0.1087084710597992,-0.02056261098770983,1428.5423583984375
interior_seed101,interior,101,12,2,shallow_delta,0.10651817917823792,0.9936887621879578,0.38320159912109375,0.10810600966215134,-0.014906661906569857,1406.7030029296875
interior_seed101,interior,101,12,2,combined,0.10651817917823792,0.9942689538002014,0.3834253251552582,0.10793879628181458,-0.01333685117917316,1408.1458740234375
interior_seed101,interior,101,12,2,combined_spatial_shuffle,0.10651817917823792,1.000248908996582,0.38573142886161804,0.10829179733991623,-0.016650849417079328,1407.135986328125
interior_seed101,interior,101,12,2,oracle,0.10651817917823792,0.0,0.0,0.027443911880254745,0.7423546657295692,1400.884765625
interior_seed101,interior,101,15,2,cached_lowrank,0.1005549505352974,0.9642999768257141,0.27578020095825195,0.09601586312055588,0.04514036743669004,1462.965576171875
interior_seed101,interior,101,15,2,conv_delta,0.1005549505352974,0.96490079164505,0.2759520411491394,0.09614471346139908,0.043858975121768944,1444.46826171875
interior_seed101,interior,101,15,2,shallow_delta,0.1005549505352974,0.963821530342102,0.27564334869384766,0.09562262892723083,0.04905100725334439,1445.2916259765625
interior_seed101,interior,101,15,2,combined,0.1005549505352974,0.9638227820396423,0.2756437361240387,0.09572650492191315,0.04801798009625928,1447.0482177734375
interior_seed101,interior,101,15,2,combined_spatial_shuffle,0.1005549505352974,0.9696522951126099,0.27731090784072876,0.09577921777963638,0.04749376067749747,1446.848876953125
interior_seed101,interior,101,15,2,oracle,0.1005549505352974,0.0,0.0,0.04129111021757126,0.5893677039493246,1449.895751953125
interior_seed101,interior,101,18,2,cached_lowrank,0.137383371591568,0.9194726347923279,0.25435304641723633,0.12550951540470123,0.0864286270551503,1490.6754150390625
interior_seed101,interior,101,18,2,conv_delta,0.137383371591568,0.9208225011825562,0.25472643971443176,0.12517759203910828,0.08884466446744896,1511.90380859375
interior_seed101,interior,101,18,2,shallow_delta,0.137383371591568,0.9204190373420715,0.25461483001708984,0.12508386373519897,0.08952690353920467,1507.036865234375
interior_seed101,interior,101,18,2,combined,0.137383371591568,0.9212077260017395,0.25483301281929016,0.12452927976846695,0.09356366548722825,1492.81103515625
interior_seed101,interior,101,18,2,combined_spatial_shuffle,0.137383371591568,0.9258707761764526,0.2561229467391968,0.12507224082946777,0.08961150552266563,1493.5667724609375
interior_seed101,interior,101,18,2,oracle,0.137383371591568,0.0,0.0,0.07224298268556595,0.4741504605059502,1497.9083251953125
interior_seed202,interior,202,4,2,cached_lowrank,0.09350889176130295,0.9641020894050598,0.6737059354782104,0.10813701897859573,-0.15643568158880036,1146.9625244140625
interior_seed202,interior,202,4,2,conv_delta,0.09350889176130295,0.9512027502059937,0.6646919846534729,0.10691098868846893,-0.1433243050444558,1169.5159912109375
interior_seed202,interior,202,4,2,shallow_delta,0.09350889176130295,0.964152991771698,0.6737414598464966,0.1039406880736351,-0.11155940484206629,1153.6688232421875
interior_seed202,interior,202,4,2,combined,0.09350889176130295,0.9529311656951904,0.6658997535705566,0.10393413156270981,-0.1114892883985731,1155.2525634765625
interior_seed202,interior,202,4,2,combined_spatial_shuffle,0.09350889176130295,0.9852491617202759,0.6884832978248596,0.1034448891878128,-0.10625724719177668,1151.26123046875
interior_seed202,interior,202,4,2,oracle,0.09350889176130295,0.0,0.0,0.008892061188817024,0.9049067845706535,1198.282958984375
interior_seed202,interior,202,9,2,cached_lowrank,0.07938482612371445,0.998725175857544,0.37124454975128174,0.07930971682071686,0.0009461418090220126,1369.1864013671875
interior_seed202,interior,202,9,2,conv_delta,0.07938482612371445,1.0030049085617065,0.3728354275226593,0.07886543869972229,0.006542653670145176,1370.638916015625
interior_seed202,interior,202,9,2,shallow_delta,0.07938482612371445,0.9947420358657837,0.36976394057273865,0.07807788252830505,0.016463393059180275,1372.9200439453125
interior_seed202,interior,202,9,2,combined,0.07938482612371445,0.9975184202194214,0.37079596519470215,0.0780102089047432,0.01731586861233442,1373.80712890625
interior_seed202,interior,202,9,2,combined_spatial_shuffle,0.07938482612371445,1.0120011568069458,0.3761794865131378,0.0795624852180481,-0.002237947766702697,1363.3072509765625
interior_seed202,interior,202,9,2,oracle,0.07938482612371445,0.0,0.0,0.021185481920838356,0.7331293276649293,1358.497802734375
interior_seed202,interior,202,12,2,cached_lowrank,0.10084091126918793,0.9960941672325134,0.318429172039032,0.10027475655078888,0.0056143356032130306,1426.8974609375
interior_seed202,interior,202,12,2,conv_delta,0.10084091126918793,0.9998846054077148,0.3196409046649933,0.10063600540161133,0.0020319715976149493,1428.778076171875
interior_seed202,interior,202,12,2,shallow_delta,0.10084091126918793,0.9954478740692139,0.3182225823402405,0.09992750734090805,0.009057870627939956,1427.393798828125
interior_seed202,interior,202,12,2,combined,0.10084091126918793,0.9959457516670227,0.31838172674179077,0.10019771009683609,0.00637837524727296,1430.3177490234375
interior_seed202,interior,202,12,2,combined_spatial_shuffle,0.10084091126918793,1.0047446489334106,0.32119452953338623,0.10088072717189789,-0.0003948387832759177,1427.578125
interior_seed202,interior,202,12,2,oracle,0.10084091126918793,0.0,0.0,0.029273463413119316,0.7097064768189589,1438.15625
interior_seed202,interior,202,15,2,cached_lowrank,0.09158850461244583,0.974800705909729,0.2516871392726898,0.08874256163835526,0.031073145981945043,1472.5372314453125
interior_seed202,interior,202,15,2,conv_delta,0.09158850461244583,0.9776542782783508,0.2524239122867584,0.0888540968298912,0.029855360059924504,1485.8502197265625
interior_seed202,interior,202,15,2,shallow_delta,0.09158850461244583,0.9729443192481995,0.2512078285217285,0.08840592205524445,0.03474871186802747,1487.554931640625
interior_seed202,interior,202,15,2,combined,0.09158850461244583,0.9731037020683289,0.2512489855289459,0.08845778554677963,0.03418244548170917,1487.2646484375
interior_seed202,interior,202,15,2,combined_spatial_shuffle,0.09158850461244583,0.979401171207428,0.2528749406337738,0.08840436488389969,0.03476571368884927,1468.82177734375
interior_seed202,interior,202,15,2,oracle,0.09158850461244583,0.0,0.0,0.03958365321159363,0.5678098099855354,1459.197509765625
interior_seed202,interior,202,18,2,cached_lowrank,0.1188446581363678,0.9120948910713196,0.24035289883613586,0.11038163304328918,0.071210816083696,1547.906982421875
interior_seed202,interior,202,18,2,conv_delta,0.1188446581363678,0.9138607978820801,0.24081823229789734,0.11017434298992157,0.07295502618634749,1519.791259765625
interior_seed202,interior,202,18,2,shallow_delta,0.1188446581363678,0.9123602509498596,0.2404228299856186,0.11002986878156662,0.07417068207379321,1518.1595458984375
interior_seed202,interior,202,18,2,combined,0.1188446581363678,0.9129477143287659,0.24057762324810028,0.10971003770828247,0.07686185118731921,1516.976806640625
interior_seed202,interior,202,18,2,combined_spatial_shuffle,0.1188446581363678,0.9191777110099792,0.24221934378147125,0.10983578115701675,0.07580380238053146,1518.2666015625
interior_seed202,interior,202,18,2,oracle,0.1188446581363678,0.0,0.0,0.0670340433716774,0.43595240692468085,1518.0255126953125
nature_seed101,nature,101,4,2,cached_lowrank,0.04788589105010033,1.0306973457336426,0.4179048240184784,0.049069177359342575,-0.024710541733560774,1184.0006103515625
nature_seed101,nature,101,4,2,conv_delta,0.04788589105010033,1.0419397354125977,0.4224631190299988,0.04675697162747383,0.02357519924700514,1206.3291015625
nature_seed101,nature,101,4,2,shallow_delta,0.04788589105010033,1.0421069860458374,0.4225309491157532,0.045440562069416046,0.051065750830988396,1197.35107421875
nature_seed101,nature,101,4,2,combined,0.04788589105010033,1.0485175848007202,0.4251301884651184,0.04595842957496643,0.04025113520634503,1203.4169921875
nature_seed101,nature,101,4,2,combined_spatial_shuffle,0.04788589105010033,1.0939503908157349,0.44355130195617676,0.04882494732737541,-0.01961029139653272,1153.4859619140625
nature_seed101,nature,101,4,2,oracle,0.04788589105010033,0.0,0.0,0.008185132406651974,0.8290700616160963,1224.1361083984375
nature_seed101,nature,101,9,2,cached_lowrank,0.05118685960769653,1.0211561918258667,0.26893529295921326,0.05026736855506897,0.01796341990258194,1350.7679443359375
nature_seed101,nature,101,9,2,conv_delta,0.05118685960769653,1.0234235525131226,0.2695324420928955,0.04943466931581497,0.034231252030513304,1367.397705078125
nature_seed101,nature,101,9,2,shallow_delta,0.05118685960769653,1.017401099205017,0.2679463326931,0.04916445165872574,0.039510295503002536,1362.2923583984375
nature_seed101,nature,101,9,2,combined,0.05118685960769653,1.0126404762268066,0.26669254899024963,0.04930784925818443,0.036708842150370354,1329.018310546875
nature_seed101,nature,101,9,2,combined_spatial_shuffle,0.05118685960769653,1.0415072441101074,0.27429503202438354,0.049952372908592224,0.02411725799483682,1317.6251220703125
nature_seed101,nature,101,9,2,oracle,0.05118685960769653,0.0,0.0,0.01590377651154995,0.6892996242895387,1334.5042724609375
nature_seed101,nature,101,12,2,cached_lowrank,0.056858863681554794,0.9909124374389648,0.2227310836315155,0.05389945209026337,0.05204837732716545,1439.6636962890625
nature_seed101,nature,101,12,2,conv_delta,0.056858863681554794,0.9906700253486633,0.2226766049861908,0.053377941250801086,0.061220400925510066,1418.9287109375
nature_seed101,nature,101,12,2,shallow_delta,0.056858863681554794,0.9892798662185669,0.2223641276359558,0.05324143171310425,0.06362124977928557,1411.3472900390625
nature_seed101,nature,101,12,2,combined,0.056858863681554794,0.9884023070335388,0.22216686606407166,0.05357503145933151,0.05775409513307893,1414.5972900390625
nature_seed101,nature,101,12,2,combined_spatial_shuffle,0.056858863681554794,1.0038574934005737,0.22564078867435455,0.053727392107248306,0.05507446634608612,1410.197265625
nature_seed101,nature,101,12,2,oracle,0.056858863681554794,0.0,0.0,0.02193906158208847,0.6141487859314083,1413.459228515625
nature_seed101,nature,101,15,2,cached_lowrank,0.06752579659223557,0.9558386206626892,0.18297618627548218,0.05866291746497154,0.13125175228637168,1466.4302978515625
nature_seed101,nature,101,15,2,conv_delta,0.06752579659223557,0.9559988379478455,0.1830068677663803,0.058797162026166916,0.12926370374832882,1467.0035400390625
nature_seed101,nature,101,15,2,shallow_delta,0.06752579659223557,0.9526646733283997,0.18236860632896423,0.0582820326089859,0.13689233522218908,1468.979248046875
nature_seed101,nature,101,15,2,combined,0.06752579659223557,0.952269434928894,0.18229295313358307,0.05856448411941528,0.13270946697503597,1470.3897705078125
nature_seed101,nature,101,15,2,combined_spatial_shuffle,0.06752579659223557,0.9636185169219971,0.18446549773216248,0.0588553361594677,0.1284021939811494,1468.0926513671875
nature_seed101,nature,101,15,2,oracle,0.06752579659223557,0.0,0.0,0.03272358328104019,0.5153913773332235,1467.9100341796875
nature_seed101,nature,101,18,2,cached_lowrank,0.11561768501996994,0.8909213542938232,0.2120068371295929,0.09862381219863892,0.14698333406689276,1514.8973388671875
nature_seed101,nature,101,18,2,conv_delta,0.11561768501996994,0.8911337852478027,0.21205738186836243,0.09760981798171997,0.15575356862697587,1509.6329345703125
nature_seed101,nature,101,18,2,shallow_delta,0.11561768501996994,0.8886917233467102,0.21147625148296356,0.09811258316040039,0.1514050541363633,1510.3172607421875
nature_seed101,nature,101,18,2,combined,0.11561768501996994,0.8896011710166931,0.211692675948143,0.09762823581695557,0.15559426916312297,1508.6422119140625
nature_seed101,nature,101,18,2,combined_spatial_shuffle,0.11561768501996994,0.8985252976417542,0.213816300034523,0.09894192218780518,0.1442319384727731,1510.6893310546875
nature_seed101,nature,101,18,2,oracle,0.11561768501996994,0.0,0.0,0.06286397576332092,0.4562771625079432,1511.553955078125
nature_seed202,nature,202,4,2,cached_lowrank,0.04916190356016159,1.1075434684753418,0.40438133478164673,0.05172723904252052,-0.052181370056584936,1141.6827392578125
nature_seed202,nature,202,4,2,conv_delta,0.04916190356016159,1.1481599807739258,0.41921108961105347,0.047607552260160446,0.03161698769656094,1135.1165771484375
nature_seed202,nature,202,4,2,shallow_delta,0.04916190356016159,1.1642048358917236,0.42506933212280273,0.045618802309036255,0.07207005820654373,1146.6920166015625
nature_seed202,nature,202,4,2,combined,0.04916190356016159,1.1791306734085083,0.4305189847946167,0.047179266810417175,0.040328722164270456,1146.982177734375
nature_seed202,nature,202,4,2,combined_spatial_shuffle,0.04916190356016159,1.2065675258636475,0.44053658843040466,0.051837947219610214,-0.054433279951697375,1127.6427001953125
nature_seed202,nature,202,4,2,oracle,0.04916190356016159,0.0,0.0,0.009814497083425522,0.8003637700599797,1155.2349853515625
nature_seed202,nature,202,9,2,cached_lowrank,0.04820374771952629,1.0340169668197632,0.2578810453414917,0.046890467405319214,0.027244361202958825,1243.1419677734375
nature_seed202,nature,202,9,2,conv_delta,0.04820374771952629,1.038425087928772,0.2589804232120514,0.04618404805660248,0.041899224821178714,1224.988525390625
nature_seed202,nature,202,9,2,shallow_delta,0.04820374771952629,1.0300143957138062,0.25688281655311584,0.0458749383687973,0.048311790284008116,1223.60107421875
nature_seed202,nature,202,9,2,combined,0.04820374771952629,1.0257426500320435,0.2558174431324005,0.045895662158727646,0.047881869563923755,1222.877197265625
nature_seed202,nature,202,9,2,combined_spatial_shuffle,0.04820374771952629,1.0465742349624634,0.2610127925872803,0.046513739973306656,0.03505967536078216,1216.5697021484375
nature_seed202,nature,202,9,2,oracle,0.04820374771952629,0.0,0.0,0.015138980001211166,0.6859376974317976,1236.634521484375
nature_seed202,nature,202,12,2,cached_lowrank,0.06467912346124649,1.0035309791564941,0.21654722094535828,0.060916051268577576,0.05818063064697558,1323.88623046875
nature_seed202,nature,202,12,2,conv_delta,0.06467912346124649,1.0058412551879883,0.21704573929309845,0.06028437241911888,0.06794697897785819,1309.7816162109375
nature_seed202,nature,202,12,2,shallow_delta,0.06467912346124649,1.0028696060180664,0.2164044976234436,0.06021018326282501,0.069094013017958,1315.8756103515625
nature_seed202,nature,202,12,2,combined,0.06467912346124649,0.9978606104850769,0.21532364189624786,0.06018862873315811,0.06942726629217431,1321.51611328125
nature_seed202,nature,202,12,2,combined_spatial_shuffle,0.06467912346124649,1.0124826431274414,0.21847884356975555,0.06037265807390213,0.06658199983066633,1309.169677734375
nature_seed202,nature,202,12,2,oracle,0.06467912346124649,0.0,0.0,0.02375492826104164,0.6327264967455105,1315.6343994140625
nature_seed202,nature,202,15,2,cached_lowrank,0.07828500121831894,0.9599103331565857,0.2330700010061264,0.07153427600860596,0.08623267681745007,1388.1475830078125
nature_seed202,nature,202,15,2,conv_delta,0.07828500121831894,0.9582992792129517,0.2326788306236267,0.07138463854789734,0.08814412164570412,1388.65771484375
nature_seed202,nature,202,15,2,shallow_delta,0.07828500121831894,0.9583936929702759,0.23270174860954285,0.07096649706363678,0.09348539363590898,1400.0804443359375
nature_seed202,nature,202,15,2,combined,0.07828500121831894,0.9574191570281982,0.23246513307094574,0.07145161926746368,0.08728852071929485,1371.751220703125
nature_seed202,nature,202,15,2,combined_spatial_shuffle,0.07828500121831894,0.9647395014762878,0.23424255847930908,0.07135698944330215,0.08849730685570466,1368.4669189453125
nature_seed202,nature,202,15,2,oracle,0.07828500121831894,0.0,0.0,0.04145975038409233,0.47039982450187895,1373.4139404296875
nature_seed202,nature,202,18,2,cached_lowrank,0.13643896579742432,0.8732700347900391,0.22289016842842102,0.12076231092214584,0.11489866390921014,1435.2449951171875
nature_seed202,nature,202,18,2,conv_delta,0.13643896579742432,0.8717374205589294,0.22249899804592133,0.11952906847000122,0.12393744872362789,1422.7530517578125
nature_seed202,nature,202,18,2,shallow_delta,0.13643896579742432,0.8722161054611206,0.22262117266654968,0.11982277035713196,0.12178482402866497,1417.33349609375
nature_seed202,nature,202,18,2,combined,0.13643896579742432,0.8728455305099487,0.22278182208538055,0.11930856853723526,0.1255535554676012,1418.627197265625
nature_seed202,nature,202,18,2,combined_spatial_shuffle,0.13643896579742432,0.8817639946937561,0.2250581532716751,0.11999979615211487,0.1204873516097832,1428.783447265625
nature_seed202,nature,202,18,2,oracle,0.13643896579742432,0.0,0.0,0.07824572920799255,0.42651478812755944,1424.913330078125
objects_seed101,objects,101,4,2,cached_lowrank,0.16595271229743958,1.0032292604446411,0.7207953929901123,0.1800963133573532,-0.0852266941836048,1143.1641845703125
objects_seed101,objects,101,4,2,conv_delta,0.16595271229743958,0.9922564029693604,0.7129116654396057,0.17018893361091614,-0.025526677177073902,1176.442138671875
objects_seed101,objects,101,4,2,shallow_delta,0.16595271229743958,0.9924495220184326,0.7130504250526428,0.16386467218399048,0.012582139119887783,1154.197998046875
objects_seed101,objects,101,4,2,combined,0.16595271229743958,0.992875874042511,0.7133567333221436,0.16805210709571838,-0.01265056032658286,1170.519775390625
objects_seed101,objects,101,4,2,combined_spatial_shuffle,0.16595271229743958,1.0435590744018555,0.7497714161872864,0.17805887758731842,-0.07294948737072028,1153.628662109375
objects_seed101,objects,101,4,2,oracle,0.16595271229743958,0.0,0.0,0.01959211565554142,0.8819415761013525,1207.9691162109375
objects_seed101,objects,101,9,2,cached_lowrank,0.06973762810230255,0.9994593858718872,0.3060120642185211,0.07096356153488159,-0.017579224673093856,1398.253173828125
objects_seed101,objects,101,9,2,conv_delta,0.06973762810230255,1.0092921257019043,0.3090226352214813,0.07026338577270508,-0.007539081622209169,1403.754638671875
objects_seed101,objects,101,9,2,shallow_delta,0.06973762810230255,1.001368522644043,0.3065966069698334,0.06955117732286453,0.00267360368443421,1387.91064453125
objects_seed101,objects,101,9,2,combined,0.06973762810230255,1.0063269138336182,0.3081147372722626,0.06940047442913055,0.004834601955165509,1373.6925048828125
objects_seed101,objects,101,9,2,combined_spatial_shuffle,0.06973762810230255,1.0320777893066406,0.3159990906715393,0.07063642144203186,-0.0128882120626588,1367.8062744140625
objects_seed101,objects,101,9,2,oracle,0.06973762810230255,0.0,0.0,0.02368820272386074,0.6603239403394819,1371.7054443359375
objects_seed101,objects,101,12,2,cached_lowrank,0.0792541429400444,0.9821831583976746,0.2184874564409256,0.07942817360162735,-0.002195855700749936,1434.5531005859375
objects_seed101,objects,101,12,2,conv_delta,0.0792541429400444,0.9863653779029846,0.21941779553890228,0.07929200679063797,-0.00047775231917164025,1420.660400390625
objects_seed101,objects,101,12,2,shallow_delta,0.0792541429400444,0.9829243421554565,0.21865233778953552,0.07878368347883224,0.005936086667015753,1440.0159912109375
objects_seed101,objects,101,12,2,combined,0.0792541429400444,0.9860365390777588,0.21934464573860168,0.07902228087186813,0.0029255513917004023,1444.817138671875
objects_seed101,objects,101,12,2,combined_spatial_shuffle,0.0792541429400444,1.0005706548690796,0.2225777804851532,0.07906238734722137,0.0024195024475640505,1423.142822265625
objects_seed101,objects,101,12,2,oracle,0.0792541429400444,0.0,0.0,0.026360956951975822,0.6673870163239564,1429.9774169921875
objects_seed101,objects,101,15,2,cached_lowrank,0.08359766006469727,0.9439097046852112,0.19126544892787933,0.07674995064735413,0.08191269243712818,1464.4281005859375
objects_seed101,objects,101,15,2,conv_delta,0.08359766006469727,0.9454041123390198,0.1915682554244995,0.07693187892436981,0.0797364559626277,1452.096923828125
objects_seed101,objects,101,15,2,shallow_delta,0.08359766006469727,0.9430592656135559,0.19109313189983368,0.07670670747756958,0.08242996971200739,1454.24658203125
objects_seed101,objects,101,15,2,combined,0.08359766006469727,0.9452460408210754,0.19153623282909393,0.07692960649728775,0.07976363886559774,1453.526611328125
objects_seed101,objects,101,15,2,combined_spatial_shuffle,0.08359766006469727,0.9507662057876587,0.1926547884941101,0.07691101729869843,0.07998600392431994,1474.696533203125
objects_seed101,objects,101,15,2,oracle,0.08359766006469727,0.0,0.0,0.03564856946468353,0.5735697693321241,1449.7264404296875
objects_seed101,objects,101,18,2,cached_lowrank,0.12690651416778564,0.8331710696220398,0.19145718216896057,0.10981195420026779,0.13470198972541939,1485.3997802734375
objects_seed101,objects,101,18,2,conv_delta,0.12690651416778564,0.8374107480049133,0.19243143498897552,0.10940208286046982,0.1379317005285707,1473.88916015625
objects_seed101,objects,101,18,2,shallow_delta,0.12690651416778564,0.8346062302589417,0.1917869746685028,0.10916981846094131,0.13976190129526597,1475.615966796875
objects_seed101,objects,101,18,2,combined,0.12690651416778564,0.8393197059631348,0.1928700953722,0.10928656905889511,0.13884192804787665,1475.9691162109375
objects_seed101,objects,101,18,2,combined_spatial_shuffle,0.12690651416778564,0.8454049229621887,0.19426845014095306,0.11018584668636322,0.13175578567476603,1478.87939453125
objects_seed101,objects,101,18,2,oracle,0.12690651416778564,0.0,0.0,0.07033350318670273,0.4457849256365722,1477.6728515625
objects_seed202,objects,202,4,2,cached_lowrank,0.103103868663311,1.01095449924469,0.5628007054328918,0.10870818793773651,-0.05435605227119645,1117.729736328125
objects_seed202,objects,202,4,2,conv_delta,0.103103868663311,1.0158671140670776,0.5655355453491211,0.1092577651143074,-0.05968637773517641,1110.5582275390625
objects_seed202,objects,202,4,2,shallow_delta,0.103103868663311,1.0033572912216187,0.5585713386535645,0.1067204475402832,-0.03507704341126377,1111.0426025390625
objects_seed202,objects,202,4,2,combined,0.103103868663311,1.005808711051941,0.559935986995697,0.10758925974369049,-0.04350361570841415,1134.529296875
objects_seed202,objects,202,4,2,combined_spatial_shuffle,0.103103868663311,1.0256953239440918,0.5710069537162781,0.10836798697710037,-0.05105645774533946,1109.8984375
objects_seed202,objects,202,4,2,oracle,0.103103868663311,0.0,0.0,0.012993290089070797,0.8739786367134215,1106.345947265625
objects_seed202,objects,202,9,2,cached_lowrank,0.13834348320960999,0.9872964024543762,0.4730015695095062,0.14939652383327484,-0.07989563633379053,1316.35546875
objects_seed202,objects,202,9,2,conv_delta,0.13834348320960999,0.988354504108429,0.4735085070133209,0.14908885955810547,-0.07767172041067316,1292.42431640625
objects_seed202,objects,202,9,2,shallow_delta,0.13834348320960999,0.9842342734336853,0.4715345501899719,0.14815881848335266,-0.07094902518010951,1282.017333984375
objects_seed202,objects,202,9,2,combined,0.13834348320960999,0.9816348552703857,0.4702892005443573,0.14832350611686707,-0.07213945084884071,1287.199462890625
objects_seed202,objects,202,9,2,combined_spatial_shuffle,0.13834348320960999,0.9969635605812073,0.477632999420166,0.14750875532627106,-0.0662501182131896,1281.148681640625
objects_seed202,objects,202,9,2,oracle,0.13834348320960999,0.0,0.0,0.019322780892252922,0.8603274946968325,1317.9139404296875
objects_seed202,objects,202,12,2,cached_lowrank,0.0994471088051796,0.9859458208084106,0.31510689854621887,0.09851942956447601,0.009328368133063971,1421.440185546875
objects_seed202,objects,202,12,2,conv_delta,0.0994471088051796,0.9883344173431396,0.3158702850341797,0.0985741913318634,0.008777705896169077,1398.6898193359375
objects_seed202,objects,202,12,2,shallow_delta,0.0994471088051796,0.9808823466300964,0.31348860263824463,0.09851504862308502,0.009372421112015562,1400.32470703125
objects_seed202,objects,202,12,2,combined,0.0994471088051796,0.9819072484970093,0.3138161599636078,0.09868961572647095,0.007617044756852654,1402.9820556640625
objects_seed202,objects,202,12,2,combined_spatial_shuffle,0.0994471088051796,0.9907563328742981,0.3166443109512329,0.09882666915655136,0.006238890763970806,1400.8419189453125
objects_seed202,objects,202,12,2,oracle,0.0994471088051796,0.0,0.0,0.024340763688087463,0.7552391016638615,1414.400146484375
objects_seed202,objects,202,15,2,cached_lowrank,0.09519638121128082,0.9618877172470093,0.2643575966358185,0.09140942990779877,0.03978041239905136,1470.3214111328125
objects_seed202,objects,202,15,2,conv_delta,0.09519638121128082,0.9640111923217773,0.26494118571281433,0.09196280688047409,0.03396740810588241,1470.0604248046875
objects_seed202,objects,202,15,2,shallow_delta,0.09519638121128082,0.9599229693412781,0.26381760835647583,0.09133085608482361,0.040605799057403115,1470.568359375
objects_seed202,objects,202,15,2,combined,0.09519638121128082,0.9612310528755188,0.2641771137714386,0.09139624238014221,0.039918942115084226,1473.762939453125
objects_seed202,objects,202,15,2,combined_spatial_shuffle,0.09519638121128082,0.9651179313659668,0.26524534821510315,0.09136145561933517,0.04028436315698109,1475.301025390625
objects_seed202,objects,202,15,2,oracle,0.09519638121128082,0.0,0.0,0.03426208347082138,0.6400904841668361,1469.827880859375
objects_seed202,objects,202,18,2,cached_lowrank,0.13418836891651154,0.8786680698394775,0.23871460556983948,0.11707907170057297,0.12750208795356566,1499.760986328125
objects_seed202,objects,202,18,2,conv_delta,0.13418836891651154,0.8810698390007019,0.23936711251735687,0.11710992455482483,0.12727216598267518,1498.8656005859375
objects_seed202,objects,202,18,2,shallow_delta,0.13418836891651154,0.8795446753501892,0.23895277082920074,0.11696591973304749,0.12834532025781908,1501.2142333984375
objects_seed202,objects,202,18,2,combined,0.13418836891651154,0.8812288641929626,0.23941031098365784,0.11684589087963104,0.12923980056476075,1501.43701171875
objects_seed202,objects,202,18,2,combined_spatial_shuffle,0.13418836891651154,0.8890084624290466,0.2415238618850708,0.11791609227657318,0.12126443425258814,1501.4346923828125
objects_seed202,objects,202,18,2,oracle,0.13418836891651154,0.0,0.0,0.06925220042467117,0.48391801030268083,1492.8375244140625
people_seed101,people,101,4,2,cached_lowrank,0.08792447298765182,1.0333648920059204,0.5800479054450989,0.08881684392690659,-0.010149289599723684,1079.7769775390625
people_seed101,people,101,4,2,conv_delta,0.08792447298765182,1.0176539421081543,0.571229100227356,0.09104219079017639,-0.035459044525207685,1087.435302734375
people_seed101,people,101,4,2,shallow_delta,0.08792447298765182,1.014219880104065,0.5693014860153198,0.08951910585165024,-0.018136393768574132,1085.447021484375
people_seed101,people,101,4,2,combined,0.08792447298765182,1.010939121246338,0.5674599409103394,0.09068908542394638,-0.03144303676045712,1087.9970703125
people_seed101,people,101,4,2,combined_spatial_shuffle,0.08792447298765182,1.0606791973114014,0.5953800082206726,0.0890185609459877,-0.012443497483226667,1082.0244140625
people_seed101,people,101,4,2,oracle,0.08792447298765182,0.0,0.0,0.009669496677815914,0.8900249685980614,1101.4326171875
people_seed101,people,101,9,2,cached_lowrank,0.20442071557044983,0.9849909543991089,0.5116457343101501,0.2126106470823288,-0.040064097657736934,1304.3839111328125
people_seed101,people,101,9,2,conv_delta,0.20442071557044983,0.9838083386421204,0.511031448841095,0.21208617091178894,-0.0374984272995432,1312.103759765625
people_seed101,people,101,9,2,shallow_delta,0.20442071557044983,0.983272910118103,0.510753333568573,0.2116410881280899,-0.03532113923723992,1311.0390625
people_seed101,people,101,9,2,combined,0.20442071557044983,0.982329249382019,0.5102631449699402,0.21175800263881683,-0.03589307007311763,1314.50439453125
people_seed101,people,101,9,2,combined_spatial_shuffle,0.20442071557044983,0.9996134042739868,0.5192412734031677,0.21211595833301544,-0.03764414355507717,1306.75048828125
people_seed101,people,101,9,2,oracle,0.20442071557044983,0.0,0.0,0.04080755636096001,0.8003746526026789,1336.2513427734375
people_seed101,people,101,12,2,cached_lowrank,0.188351571559906,0.9844942092895508,0.34642115235328674,0.1889628767967224,-0.0032455542141413885,1414.9959716796875
people_seed101,people,101,12,2,conv_delta,0.188351571559906,0.984644889831543,0.34647420048713684,0.18907910585403442,-0.0038626398925321556,1418.03173828125
people_seed101,people,101,12,2,shallow_delta,0.188351571559906,0.9845882058143616,0.3464542329311371,0.18911871314048767,-0.004072923704476086,1418.321044921875
people_seed101,people,101,12,2,combined,0.188351571559906,0.9841189384460449,0.34628912806510925,0.18897823989391327,-0.003327120282656886,1419.5745849609375
people_seed101,people,101,12,2,combined_spatial_shuffle,0.188351571559906,0.9933544397354126,0.3495388925075531,0.18969111144542694,-0.007111912443453591,1418.2099609375
people_seed101,people,101,12,2,oracle,0.188351571559906,0.0,0.0,0.048096247017383575,0.7446464257289918,1431.721435546875
people_seed101,people,101,15,2,cached_lowrank,0.13168294727802277,0.9534221291542053,0.23375095427036285,0.12549833953380585,0.046965897043292404,1479.2056884765625
people_seed101,people,101,15,2,conv_delta,0.13168294727802277,0.9553368091583252,0.23422037065029144,0.1254415661096573,0.04739703429623294,1481.456787109375
people_seed101,people,101,15,2,shallow_delta,0.13168294727802277,0.9519173502922058,0.23338203132152557,0.12456545978784561,0.054050183697285974,1481.44482421875
people_seed101,people,101,15,2,combined,0.13168294727802277,0.9535587430000305,0.23378443717956543,0.12480376660823822,0.052240482249083495,1480.5382080078125
people_seed101,people,101,15,2,combined_spatial_shuffle,0.13168294727802277,0.9587491154670715,0.23505696654319763,0.1254367083311081,0.047433924255408426,1482.41552734375
people_seed101,people,101,15,2,oracle,0.13168294727802277,0.0,0.0,0.05132513493299484,0.610237042882767,1482.8819580078125
people_seed101,people,101,18,2,cached_lowrank,0.18060250580310822,0.8910053372383118,0.23387743532657623,0.1661098748445511,0.0802460126126761,1514.6640625
people_seed101,people,101,18,2,conv_delta,0.18060250580310822,0.8919754028320312,0.2341320663690567,0.16577541828155518,0.08209790587134734,1516.2969970703125
people_seed101,people,101,18,2,shallow_delta,0.18060250580310822,0.8924437761306763,0.23425500094890594,0.16581052541732788,0.08190351689752558,1515.4365234375
people_seed101,people,101,18,2,combined,0.18060250580310822,0.8930201530456543,0.23440629243850708,0.16574575006961823,0.08226217940567634,1515.322998046875
people_seed101,people,101,18,2,combined_spatial_shuffle,0.18060250580310822,0.8979125618934631,0.23569050431251526,0.16627995669841766,0.07930426569111344,1516.6953125
people_seed101,people,101,18,2,oracle,0.18060250580310822,0.0,0.0,0.08620865643024445,0.5226607956136079,1514.8778076171875
people_seed202,people,202,4,2,cached_lowrank,0.11157480627298355,0.9676914811134338,0.6329424381256104,0.12009058892726898,-0.07632352623987859,1085.1395263671875
people_seed202,people,202,4,2,conv_delta,0.11157480627298355,0.9656543135643005,0.6316099762916565,0.11852023005485535,-0.06224903285853648,1092.6102294921875
people_seed202,people,202,4,2,shallow_delta,0.11157480627298355,0.9619502425193787,0.6291872262954712,0.1142827570438385,-0.02427027087306399,1092.4405517578125
people_seed202,people,202,4,2,combined,0.11157480627298355,0.9638468623161316,0.6304277777671814,0.11600007861852646,-0.03966193169733903,1094.954833984375
people_seed202,people,202,4,2,combined_spatial_shuffle,0.11157480627298355,1.0011566877365112,0.6548312306404114,0.11919231712818146,-0.06827267830123396,1089.13623046875
people_seed202,people,202,4,2,oracle,0.11157480627298355,0.0,0.0,0.011914587579667568,0.8932143556627216,1142.205810546875
people_seed202,people,202,9,2,cached_lowrank,0.11952675879001617,0.9883974194526672,0.3838575482368469,0.12152189016342163,-0.01669192232435994,1312.37548828125
people_seed202,people,202,9,2,conv_delta,0.11952675879001617,0.9866052269935608,0.3831615149974823,0.12101584672927856,-0.012458197263412874,1320.630126953125
people_seed202,people,202,9,2,shallow_delta,0.11952675879001617,0.9832078218460083,0.38184210658073425,0.11936165392398834,0.0013813213685304323,1321.6312255859375
people_seed202,people,202,9,2,combined,0.11952675879001617,0.98354572057724,0.3819733262062073,0.1199231743812561,-0.0033165426324020843,1322.0738525390625
people_seed202,people,202,9,2,combined_spatial_shuffle,0.11952675879001617,1.0045722723007202,0.39013928174972534,0.12103885412216187,-0.012650684645453577,1317.330078125
people_seed202,people,202,9,2,oracle,0.11952675879001617,0.0,0.0,0.028475001454353333,0.7617688144260816,1336.8123779296875
people_seed202,people,202,12,2,cached_lowrank,0.10054997354745865,0.9828824996948242,0.2664199471473694,0.09820592403411865,0.023312283739524077,1397.586181640625
people_seed202,people,202,12,2,conv_delta,0.10054997354745865,0.9861615300178528,0.26730877161026,0.09818699210882187,0.02350056748171569,1398.6431884765625
people_seed202,people,202,12,2,shallow_delta,0.10054997354745865,0.9828824996948242,0.2664199471473694,0.09708026796579361,0.03450727493257241,1398.141845703125
people_seed202,people,202,12,2,combined,0.10054997354745865,0.9845024347305298,0.2668590545654297,0.09764435887336731,0.028897219676740304,1399.7171630859375
people_seed202,people,202,12,2,combined_spatial_shuffle,0.10054997354745865,0.993632435798645,0.2693338394165039,0.09797550737857819,0.02560384730151459,1399.337890625
people_seed202,people,202,12,2,oracle,0.10054997354745865,0.0,0.0,0.03172216936945915,0.6845133991558279,1404.2718505859375
people_seed202,people,202,15,2,cached_lowrank,0.10300373286008835,0.9463086128234863,0.20016594231128693,0.09546660631895065,0.07317333393514483,1443.9215087890625
people_seed202,people,202,15,2,conv_delta,0.10300373286008835,0.9488423466682434,0.20070187747478485,0.09537605196237564,0.07405247058447398,1447.1434326171875
people_seed202,people,202,15,2,shallow_delta,0.10300373286008835,0.9457572102546692,0.20004931092262268,0.0949304848909378,0.07837820771133186,1445.1588134765625
people_seed202,people,202,15,2,combined,0.10300373286008835,0.9463932514190674,0.20018385350704193,0.09489648789167404,0.07870826370367091,1445.6796875
people_seed202,people,202,15,2,combined_spatial_shuffle,0.10300373286008835,0.9525749087333679,0.20149140059947968,0.09528329968452454,0.07495294550199072,1447.0235595703125
people_seed202,people,202,15,2,oracle,0.10300373286008835,0.0,0.0,0.0415426529943943,0.5966878884785431,1445.241455078125
people_seed202,people,202,18,2,cached_lowrank,0.16006815433502197,0.8662284016609192,0.21431009471416473,0.14042337238788605,0.12272760955323743,1472.4315185546875
people_seed202,people,202,18,2,conv_delta,0.16006815433502197,0.8674184679985046,0.21460451185703278,0.13966013491153717,0.12749581269470317,1471.9925537109375
people_seed202,people,202,18,2,shallow_delta,0.16006815433502197,0.8683357238769531,0.21483145654201508,0.13985700905323029,0.12626587321979016,1472.9503173828125
people_seed202,people,202,18,2,combined,0.16006815433502197,0.869245171546936,0.21505644917488098,0.1395370364189148,0.1282648506906354,1473.046142578125
people_seed202,people,202,18,2,combined_spatial_shuffle,0.16006815433502197,0.8752945065498352,0.21655309200286865,0.1404096931219101,0.12281306856307471,1475.150390625
people_seed202,people,202,18,2,oracle,0.16006815433502197,0.0,0.0,0.08142289519309998,0.4913235831864332,1468.123046875
portrait_seed101,portrait,101,4,2,cached_lowrank,0.09339171648025513,1.001660943031311,0.6782856583595276,0.10877817124128342,-0.16475181462460103,1108.2877197265625
portrait_seed101,portrait,101,4,2,conv_delta,0.09339171648025513,0.9991061687469482,0.6765556931495667,0.11609358340501785,-0.24308223234725912,1122.3543701171875
portrait_seed101,portrait,101,4,2,shallow_delta,0.09339171648025513,0.99668949842453,0.6749191880226135,0.10973074287176132,-0.17495155895288197,1120.3529052734375
portrait_seed101,portrait,101,4,2,combined,0.09339171648025513,1.0002514123916626,0.6773311495780945,0.11329562962055206,-0.21312289665973772,1124.529541015625
portrait_seed101,portrait,101,4,2,combined_spatial_shuffle,0.09339171648025513,1.0455843210220337,0.7080288529396057,0.09922222793102264,-0.06243071302796114,1112.5313720703125
portrait_seed101,portrait,101,4,2,oracle,0.09339171648025513,0.0,0.0,0.012994224205613136,0.8608632039827604,1198.303466796875
portrait_seed101,portrait,101,9,2,cached_lowrank,0.041792478412389755,1.0510454177856445,0.23540951311588287,0.04408914968371391,-0.05495417736803302,1346.896484375
portrait_seed101,portrait,101,9,2,conv_delta,0.041792478412389755,1.046295404434204,0.23434561491012573,0.04395471513271332,-0.05173746096097876,1351.3277587890625
portrait_seed101,portrait,101,9,2,shallow_delta,0.041792478412389755,1.0401561260223389,0.23297056555747986,0.04313625767827034,-0.03215361512233764,1352.6639404296875
portrait_seed101,portrait,101,9,2,combined,0.041792478412389755,1.0420962572097778,0.23340511322021484,0.04340244457125664,-0.038522868708106894,1353.6790771484375
portrait_seed101,portrait,101,9,2,combined_spatial_shuffle,0.041792478412389755,1.059752106666565,0.23735959827899933,0.04415811970829964,-0.05660447491452352,1343.0877685546875
portrait_seed101,portrait,101,9,2,oracle,0.041792478412389755,0.0,0.0,0.013905830681324005,0.667264751707056,1341.1964111328125
portrait_seed101,portrait,101,12,2,cached_lowrank,0.05689717084169388,0.9946020245552063,0.20458829402923584,0.052820269018411636,0.07165385840757331,1411.4034423828125
portrait_seed101,portrait,101,12,2,conv_delta,0.05689717084169388,0.9919846653938293,0.20404990017414093,0.053030941635370255,0.06795116785473762,1410.7882080078125
portrait_seed101,portrait,101,12,2,shallow_delta,0.05689717084169388,0.9894832372665405,0.20353536307811737,0.05221506208181381,0.0822907130638743,1411.3275146484375
portrait_seed101,portrait,101,12,2,combined,0.05689717084169388,0.9908782243728638,0.2038223147392273,0.052616946399211884,0.07522736858728789,1410.973876953125
portrait_seed101,portrait,101,12,2,combined_spatial_shuffle,0.05689717084169388,0.9987894892692566,0.2054496556520462,0.052759844809770584,0.07271584809435706,1407.8497314453125
portrait_seed101,portrait,101,12,2,oracle,0.05689717084169388,0.0,0.0,0.02095710299909115,0.6316670461981228,1410.8682861328125
portrait_seed101,portrait,101,15,2,cached_lowrank,0.07916498929262161,0.9627146124839783,0.2194555550813675,0.07224617153406143,0.08739744450650778,1461.6826171875
portrait_seed101,portrait,101,15,2,conv_delta,0.07916498929262161,0.9619021415710449,0.21927034854888916,0.07237904518842697,0.08571900488878244,1462.860595703125
portrait_seed101,portrait,101,15,2,shallow_delta,0.07916498929262161,0.9608486294746399,0.2190302014350891,0.07200271636247635,0.09047273288537926,1466.276123046875
portrait_seed101,portrait,101,15,2,combined,0.07916498929262161,0.9607954025268555,0.21901805698871613,0.07204033434391022,0.08999754831490178,1465.67333984375
portrait_seed101,portrait,101,15,2,combined_spatial_shuffle,0.07916498929262161,0.9688836932182312,0.22086182236671448,0.0722484439611435,0.08736873955622147,1464.6783447265625
portrait_seed101,portrait,101,15,2,oracle,0.07916498929262161,0.0,0.0,0.033178143203258514,0.5808987849335716,1461.153564453125
portrait_seed101,portrait,101,18,2,cached_lowrank,0.1298809051513672,0.9175819158554077,0.23243103921413422,0.11123517155647278,0.14356023753579558,1498.3162841796875
portrait_seed101,portrait,101,18,2,conv_delta,0.1298809051513672,0.9170617461204529,0.23229928314685822,0.11149316281080246,0.14157386968573316,1502.4693603515625
portrait_seed101,portrait,101,18,2,shallow_delta,0.1298809051513672,0.916560173034668,0.23217223584651947,0.11124874651432037,0.1434557190322344,1502.49560546875
portrait_seed101,portrait,101,18,2,combined,0.1298809051513672,0.9172900319099426,0.23235711455345154,0.11086069047451019,0.1464435026433659,1504.958984375
portrait_seed101,portrait,101,18,2,combined_spatial_shuffle,0.1298809051513672,0.926166296005249,0.2346055507659912,0.11241528391838074,0.13447412622072105,1503.147705078125
portrait_seed101,portrait,101,18,2,oracle,0.1298809051513672,0.0,0.0,0.06975013762712479,0.4629684975952713,1502.23291015625
portrait_seed202,portrait,202,4,2,cached_lowrank,0.07886802405118942,1.0333960056304932,0.6303964257240295,0.08723413199186325,-0.10607731132256834,1123.6595458984375
portrait_seed202,portrait,202,4,2,conv_delta,0.07886802405118942,1.0383213758468628,0.6334009766578674,0.08588027209043503,-0.08891116677012592,1139.98974609375
portrait_seed202,portrait,202,4,2,shallow_delta,0.07886802405118942,1.0312316417694092,0.6290761232376099,0.0828709676861763,-0.05075496290345451,1141.5947265625
portrait_seed202,portrait,202,4,2,combined,0.07886802405118942,1.037988305091858,0.6331978440284729,0.08320578932762146,-0.0550003037177222,1142.5634765625
portrait_seed202,portrait,202,4,2,combined_spatial_shuffle,0.07886802405118942,1.0689350366592407,0.6520761251449585,0.08406076580286026,-0.0658409008484919,1120.5650634765625
portrait_seed202,portrait,202,4,2,oracle,0.07886802405118942,0.0,0.0,0.012841984629631042,0.8371712137570997,1156.421142578125
portrait_seed202,portrait,202,9,2,cached_lowrank,0.07129688560962677,0.995244562625885,0.37565264105796814,0.07416751980781555,-0.040263107899360724,1349.533203125
portrait_seed202,portrait,202,9,2,conv_delta,0.07129688560962677,0.998663604259491,0.3769431412220001,0.07299579679965973,-0.02382868726321428,1351.269775390625
portrait_seed202,portrait,202,9,2,shallow_delta,0.07129688560962677,0.9948644042015076,0.3755091428756714,0.07162822782993317,-0.004647358962081472,1353.5430908203125
portrait_seed202,portrait,202,9,2,combined,0.07129688560962677,0.9956703186035156,0.375813364982605,0.07200413942337036,-0.009919841626968559,1352.227783203125
portrait_seed202,portrait,202,9,2,combined_spatial_shuffle,0.07129688560962677,1.0044747591018677,0.3791365921497345,0.0719778761267662,-0.009551476355756624,1347.4249267578125
portrait_seed202,portrait,202,9,2,oracle,0.07129688560962677,0.0,0.0,0.015042247250676155,0.7890195746692602,1361.064453125
portrait_seed202,portrait,202,12,2,cached_lowrank,0.07528825849294662,0.9891681671142578,0.28343936800956726,0.07128428667783737,0.05318188911866469,1420.760498046875
portrait_seed202,portrait,202,12,2,conv_delta,0.07528825849294662,0.99001544713974,0.2836821675300598,0.0711284801363945,0.055251355786664035,1420.2923583984375
portrait_seed202,portrait,202,12,2,shallow_delta,0.07528825849294662,0.9910838007926941,0.2839882969856262,0.07072250545024872,0.06064362669679295,1421.7802734375
portrait_seed202,portrait,202,12,2,combined,0.07528825849294662,0.9890364408493042,0.28340163826942444,0.07089486718177795,0.058354269299246246,1422.786376953125
portrait_seed202,portrait,202,12,2,combined_spatial_shuffle,0.07528825849294662,0.99318528175354,0.2845904529094696,0.07130419462919235,0.05291746606315139,1421.8990478515625
portrait_seed202,portrait,202,12,2,oracle,0.07528825849294662,0.0,0.0,0.022357771173119545,0.7030377429275492,1430.9237060546875
portrait_seed202,portrait,202,15,2,cached_lowrank,0.10268738865852356,0.9899630546569824,0.2936328649520874,0.09675641357898712,0.05775758013731648,1474.2291259765625
portrait_seed202,portrait,202,15,2,conv_delta,0.10268738865852356,0.9896413683891296,0.2935374677181244,0.09711435437202454,0.054271847393369606,1475.908203125
portrait_seed202,portrait,202,15,2,shallow_delta,0.10268738865852356,0.9898747205734253,0.2936066687107086,0.09649565070867538,0.060296965681327905,1477.715087890625
portrait_seed202,portrait,202,15,2,combined,0.10268738865852356,0.9894880056381226,0.2934919595718384,0.09676158428192139,0.057707226310991615,1477.4359130859375
portrait_seed202,portrait,202,15,2,combined_spatial_shuffle,0.10268738865852356,0.9944851398468018,0.2949741780757904,0.0971907451748848,0.05352793128197359,1478.566162109375
portrait_seed202,portrait,202,15,2,oracle,0.10268738865852356,0.0,0.0,0.037584684789180756,0.6339892826161468,1489.1634521484375
portrait_seed202,portrait,202,18,2,cached_lowrank,0.14284402132034302,0.9332568645477295,0.26975366473197937,0.1316835731267929,0.07813031368335402,1518.4510498046875
portrait_seed202,portrait,202,18,2,conv_delta,0.14284402132034302,0.9348535537719727,0.27021515369415283,0.13222411274909973,0.0743461887524645,1518.14404296875
portrait_seed202,portrait,202,18,2,shallow_delta,0.14284402132034302,0.9352644681930542,0.2703339457511902,0.1317766308784485,0.07747884958429392,1520.8927001953125
portrait_seed202,portrait,202,18,2,combined,0.14284402132034302,0.9372591972351074,0.27091050148010254,0.13222822546958923,0.07431739706449964,1520.705322265625
portrait_seed202,portrait,202,18,2,combined_spatial_shuffle,0.14284402132034302,0.9416608810424805,0.27218279242515564,0.13316155970096588,0.06778345729754541,1520.665771484375
portrait_seed202,portrait,202,18,2,oracle,0.14284402132034302,0.0,0.0,0.07298527657985687,0.4890561333597605,1531.3609619140625
text_seed101,text,101,4,2,cached_lowrank,0.10649028420448303,0.9464418292045593,0.6876273155212402,0.12131045758724213,-0.13916925373493552,1127.17578125
text_seed101,text,101,4,2,conv_delta,0.10649028420448303,0.9380240440368652,0.6815114617347717,0.12322293221950531,-0.15712840039840806,1134.266845703125
text_seed101,text,101,4,2,shallow_delta,0.10649028420448303,0.941053032875061,0.6837121844291687,0.12076979875564575,-0.1340921818157903,1114.869384765625
text_seed101,text,101,4,2,combined,0.10649028420448303,0.9404140114784241,0.6832478642463684,0.12471608072519302,-0.17114985331161997,1116.5416259765625
text_seed101,text,101,4,2,combined_spatial_shuffle,0.10649028420448303,0.9689168334007263,0.7039563059806824,0.11568862199783325,-0.08637724898627877,1129.269775390625
text_seed101,text,101,4,2,oracle,0.10649028420448303,0.0,0.0,0.014141206629574299,0.8672066026002869,1212.510009765625
text_seed101,text,101,9,2,cached_lowrank,0.12293250858783722,0.9881052374839783,0.44306203722953796,0.1289433389902115,-0.048895369267433715,1351.4033203125
text_seed101,text,101,9,2,conv_delta,0.12293250858783722,0.9852481484413147,0.4417809247970581,0.12887462973594666,-0.04833645075959462,1320.533935546875
text_seed101,text,101,9,2,shallow_delta,0.12293250858783722,0.982917070388794,0.44073566794395447,0.12593813240528107,-0.02444938163200568,1322.787109375
text_seed101,text,101,9,2,combined,0.12293250858783722,0.9831546545028687,0.4408422112464905,0.1267259418964386,-0.03085785324140613,1344.323974609375
text_seed101,text,101,9,2,combined_spatial_shuffle,0.12293250858783722,0.9985125660896301,0.44772863388061523,0.12713764607906342,-0.034206879364391714,1329.851806640625
text_seed101,text,101,9,2,oracle,0.12293250858783722,0.0,0.0,0.02129211835563183,0.8267983090866622,1305.8203125
text_seed101,text,101,12,2,cached_lowrank,0.0963512733578682,0.9881168007850647,0.2911931872367859,0.09310001879930496,0.03374376326597587,1392.2587890625
text_seed101,text,101,12,2,conv_delta,0.0963512733578682,0.9896467328071594,0.29164403676986694,0.09297510981559753,0.03504015488960798,1394.2919921875
text_seed101,text,101,12,2,shallow_delta,0.0963512733578682,0.986189067363739,0.29062509536743164,0.0925934910774231,0.03900085748205872,1366.063720703125
text_seed101,text,101,12,2,combined,0.0963512733578682,0.9854875802993774,0.2904183566570282,0.09302596747875214,0.0345123189681697,1369.1739501953125
text_seed101,text,101,12,2,combined_spatial_shuffle,0.0963512733578682,0.9921191334724426,0.2923726439476013,0.09331924468278885,0.031468485775146694,1368.6365966796875
text_seed101,text,101,12,2,oracle,0.0963512733578682,0.0,0.0,0.028477085754275322,0.7044451540509937,1376.18310546875
text_seed101,text,101,15,2,cached_lowrank,0.11065109074115753,0.9565086960792542,0.2572281062602997,0.10417546331882477,0.05852294251198108,1443.55908203125
text_seed101,text,101,15,2,conv_delta,0.11065109074115753,0.955995500087738,0.25709009170532227,0.10415901243686676,0.058671615985037846,1422.2947998046875
text_seed101,text,101,15,2,shallow_delta,0.11065109074115753,0.9549190402030945,0.2568006217479706,0.10378258675336838,0.06207353169121866,1425.147216796875
text_seed101,text,101,15,2,combined,0.11065109074115753,0.9547367095947266,0.2567515969276428,0.1041068583726883,0.05914295398838812,1425.868896484375
text_seed101,text,101,15,2,combined_spatial_shuffle,0.11065109074115753,0.9607031345367432,0.25835609436035156,0.10393691807985306,0.060678775205304736,1425.1025390625
text_seed101,text,101,15,2,oracle,0.11065109074115753,0.0,0.0,0.04485830292105675,0.5945968302653942,1436.4884033203125
text_seed101,text,101,18,2,cached_lowrank,0.16349513828754425,0.883415699005127,0.24106024205684662,0.14569523930549622,0.10887112099163933,1509.1256103515625
text_seed101,text,101,18,2,conv_delta,0.16349513828754425,0.8846635818481445,0.24140076339244843,0.14540426433086395,0.11065083736534896,1498.6737060546875
text_seed101,text,101,18,2,shallow_delta,0.16349513828754425,0.8835465312004089,0.24109594523906708,0.14513060450553894,0.11232464753604479,1478.0567626953125
text_seed101,text,101,18,2,combined,0.16349513828754425,0.8848096132278442,0.24144062399864197,0.1452290415763855,0.11172256803767198,1492.2177734375
text_seed101,text,101,18,2,combined_spatial_shuffle,0.16349513828754425,0.8902207016944885,0.24291715025901794,0.14528444409370422,0.11138370464455208,1480.232421875
text_seed101,text,101,18,2,oracle,0.16349513828754425,0.0,0.0,0.08325283229351044,0.4907932237893768,1479.2357177734375
text_seed202,text,202,4,2,cached_lowrank,0.0710996463894844,0.9326204657554626,0.5669275522232056,0.07977589219808578,-0.12202938058331315,1117.3570556640625
text_seed202,text,202,4,2,conv_delta,0.0710996463894844,0.924463152885437,0.5619688034057617,0.07999879121780396,-0.12516440348479324,1122.611328125
text_seed202,text,202,4,2,shallow_delta,0.0710996463894844,0.9282140731811523,0.5642489194869995,0.07740854471921921,-0.08873318856150998,1123.2098388671875
text_seed202,text,202,4,2,combined,0.0710996463894844,0.9264914989471436,0.5632017850875854,0.07899505645036697,-0.1110471072898373,1123.3614501953125
text_seed202,text,202,4,2,combined_spatial_shuffle,0.0710996463894844,0.9610973000526428,0.5842381715774536,0.0776054784655571,-0.0915030159282888,1116.6416015625
text_seed202,text,202,4,2,oracle,0.0710996463894844,0.0,0.0,0.010501127690076828,0.8523040799309807,1173.1397705078125
text_seed202,text,202,9,2,cached_lowrank,0.07305076718330383,0.9932529926300049,0.34673553705215454,0.07184618711471558,0.016489629267898646,1289.4144287109375
text_seed202,text,202,9,2,conv_delta,0.07305076718330383,0.9940727353096008,0.3470217287540436,0.07101958245038986,0.027805111585169084,1293.4971923828125
text_seed202,text,202,9,2,shallow_delta,0.07305076718330383,0.9899500608444214,0.345582515001297,0.07058333605527878,0.033776936549257765,1293.7294921875
text_seed202,text,202,9,2,combined,0.07305076718330383,0.9909466505050659,0.34593042731285095,0.07067050784826279,0.03258363227135372,1264.7694091796875
text_seed202,text,202,9,2,combined_spatial_shuffle,0.07305076718330383,1.004513144493103,0.350666344165802,0.07134665548801422,0.023327772739381938,1258.81103515625
text_seed202,text,202,9,2,oracle,0.07305076718330383,0.0,0.0,0.021151037886738777,0.7104611121514277,1270.9068603515625
text_seed202,text,202,12,2,cached_lowrank,0.09098894149065018,0.9780536890029907,0.2947429120540619,0.08679767698049545,0.0460634494861709,1365.2188720703125
text_seed202,text,202,12,2,conv_delta,0.09098894149065018,0.9796180129051208,0.29521432518959045,0.0863606408238411,0.050866628306525316,1360.6068115234375
text_seed202,text,202,12,2,shallow_delta,0.09098894149065018,0.9754033088684082,0.29394420981407166,0.08600212633609772,0.054806826773173244,1336.81787109375
text_seed202,text,202,12,2,combined,0.09098894149065018,0.9764769673347473,0.29426777362823486,0.08614835888147354,0.053199680421318486,1350.532470703125
text_seed202,text,202,12,2,combined_spatial_shuffle,0.09098894149065018,0.9867497682571411,0.2973635494709015,0.0867985263466835,0.04605411465740892,1336.9400634765625
text_seed202,text,202,12,2,oracle,0.09098894149065018,0.0,0.0,0.03364338353276253,0.6302475555645447,1378.0035400390625
text_seed202,text,202,15,2,cached_lowrank,0.12810172140598297,0.9585255980491638,0.26015326380729675,0.12017683684825897,0.06186399738226991,1403.744140625
text_seed202,text,202,15,2,conv_delta,0.12810172140598297,0.9609308242797852,0.26080605387687683,0.12072533369064331,0.057582268484607166,1404.2567138671875
text_seed202,text,202,15,2,shallow_delta,0.12810172140598297,0.9583157300949097,0.26009631156921387,0.12031763046979904,0.06076492064860242,1405.0333251953125
text_seed202,text,202,15,2,combined,0.12810172140598297,0.958711564540863,0.2602037489414215,0.12058015912771225,0.058715544145056496,1436.054931640625
text_seed202,text,202,15,2,combined_spatial_shuffle,0.12810172140598297,0.9656275510787964,0.2620807886123657,0.12058691680431366,0.0586627917188811,1436.490478515625
text_seed202,text,202,15,2,oracle,0.12810172140598297,0.0,0.0,0.05279504135251045,0.5878662614908103,1420.3363037109375
text_seed202,text,202,18,2,cached_lowrank,0.1845271736383438,0.8988149166107178,0.2529570758342743,0.16838034987449646,0.08750377218421841,1471.4140625
text_seed202,text,202,18,2,conv_delta,0.1845271736383438,0.9012386202812195,0.2536391615867615,0.16864179074764252,0.08608695715372075,1480.2816162109375
text_seed202,text,202,18,2,shallow_delta,0.1845271736383438,0.8986668586730957,0.2529154121875763,0.1686011701822281,0.08630709039812866,1461.010498046875
text_seed202,text,202,18,2,combined,0.1845271736383438,0.899791955947876,0.25323203206062317,0.1686047613620758,0.08628762887505372,1460.818115234375
text_seed202,text,202,18,2,combined_spatial_shuffle,0.1845271736383438,0.9062893390655518,0.255060613155365,0.168702632188797,0.08575724180635558,1461.5897216796875
text_seed202,text,202,18,2,oracle,0.1845271736383438,0.0,0.0,0.08900358527898788,0.5176667830320391,1467.197998046875
texture_seed101,texture,101,4,2,cached_lowrank,0.06398778408765793,0.9812055826187134,0.5860076546669006,0.06848520785570145,-0.07028566205515763,1135.6787109375
texture_seed101,texture,101,4,2,conv_delta,0.06398778408765793,0.9599794149398804,0.5733307600021362,0.07249118387699127,-0.13289098709348013,1122.6480712890625
texture_seed101,texture,101,4,2,shallow_delta,0.06398778408765793,0.9798399209976196,0.585192084312439,0.07273013144731522,-0.13662525565318845,1111.2850341796875
texture_seed101,texture,101,4,2,combined,0.06398778408765793,0.9815840125083923,0.5862336754798889,0.07142049819231033,-0.11615832944723022,1118.5020751953125
texture_seed101,texture,101,4,2,combined_spatial_shuffle,0.06398778408765793,0.9916279315948486,0.5922322273254395,0.06719624251127243,-0.05014173360370132,1120.211669921875
texture_seed101,texture,101,4,2,oracle,0.06398778408765793,0.0,0.0,0.007717860862612724,0.8793854018754595,1123.8046875
texture_seed101,texture,101,9,2,cached_lowrank,0.26876288652420044,0.9928419589996338,0.6309611797332764,0.2776532471179962,-0.033078825386835,1382.3546142578125
texture_seed101,texture,101,9,2,conv_delta,0.26876288652420044,0.9894730448722839,0.6288201808929443,0.2768077850341797,-0.02993307079716475,1374.6190185546875
texture_seed101,texture,101,9,2,shallow_delta,0.26876288652420044,0.988360583782196,0.6281132102012634,0.2781851291656494,-0.03505782648528207,1376.931884765625
texture_seed101,texture,101,9,2,combined,0.26876288652420044,0.9865318536758423,0.6269510388374329,0.27615422010421753,-0.02750131789253404,1375.4805908203125
texture_seed101,texture,101,9,2,combined_spatial_shuffle,0.26876288652420044,0.9955771565437317,0.6326994299888611,0.2764533460140228,-0.028614291166760144,1372.6806640625
texture_seed101,texture,101,9,2,oracle,0.26876288652420044,0.0,0.0,0.055412158370018005,0.7938251107262592,1417.944091796875
texture_seed101,texture,101,12,2,cached_lowrank,0.24366456270217896,0.9803422093391418,0.47954699397087097,0.24783167243003845,-0.017101829177157704,1470.951171875
texture_seed101,texture,101,12,2,conv_delta,0.24366456270217896,0.9813070297241211,0.4800189435482025,0.24704509973526,-0.013873732789010211,1469.8370361328125
texture_seed101,texture,101,12,2,shallow_delta,0.24366456270217896,0.9806930422782898,0.4797186255455017,0.2463747262954712,-0.011122518446002984,1471.6729736328125
texture_seed101,texture,101,12,2,combined,0.24366456270217896,0.9810466766357422,0.4798915982246399,0.24682985246181488,-0.012990357418139326,1470.1959228515625
texture_seed101,texture,101,12,2,combined_spatial_shuffle,0.24366456270217896,0.9833372235298157,0.4810120165348053,0.2471831887960434,-0.014440450654144201,1471.519775390625
texture_seed101,texture,101,12,2,oracle,0.24366456270217896,0.0,0.0,0.061534348875284195,0.7474628719380295,1459.54833984375
texture_seed101,texture,101,15,2,cached_lowrank,0.2028874307870865,0.9624669551849365,0.3434285819530487,0.19909882545471191,0.0186734354004926,1495.07421875
texture_seed101,texture,101,15,2,conv_delta,0.2028874307870865,0.9608416557312012,0.34284862875938416,0.19909268617630005,0.018703694931051236,1494.411865234375
texture_seed101,texture,101,15,2,shallow_delta,0.2028874307870865,0.9623828530311584,0.3433985710144043,0.19906634092330933,0.0188335465087883,1495.03662109375
texture_seed101,texture,101,15,2,combined,0.2028874307870865,0.9623768925666809,0.34339645504951477,0.19979079067707062,0.015262848457406589,1494.3785400390625
texture_seed101,texture,101,15,2,combined_spatial_shuffle,0.2028874307870865,0.9643229246139526,0.3440908193588257,0.19918861985206604,0.01823085304334127,1498.31591796875
texture_seed101,texture,101,15,2,oracle,0.2028874307870865,0.0,0.0,0.06742838025093079,0.6676561973832116,1486.2296142578125
texture_seed101,texture,101,18,2,cached_lowrank,0.21245542168617249,0.9097094535827637,0.2579781413078308,0.194223552942276,0.08581503168616522,1521.4603271484375
texture_seed101,texture,101,18,2,conv_delta,0.21245542168617249,0.9115150570869446,0.2584901750087738,0.19414646923542023,0.08617785465506848,1509.697265625
texture_seed101,texture,101,18,2,shallow_delta,0.21245542168617249,0.9134764075279236,0.25904637575149536,0.19388140738010406,0.08742546628678151,1511.7901611328125
texture_seed101,texture,101,18,2,combined,0.21245542168617249,0.9134848713874817,0.25904878973960876,0.19422687590122223,0.08579939095118252,1513.6905517578125
texture_seed101,texture,101,18,2,combined_spatial_shuffle,0.21245542168617249,0.9179139733314514,0.2603048086166382,0.1947704702615738,0.08324076309392535,1513.545654296875
texture_seed101,texture,101,18,2,oracle,0.21245542168617249,0.0,0.0,0.10041966289281845,0.5273377252704199,1504.0218505859375
texture_seed202,texture,202,4,2,cached_lowrank,0.15356984734535217,0.9682838916778564,0.8890870213508606,0.15899640321731567,-0.03533607648746378,1098.98291015625
texture_seed202,texture,202,4,2,conv_delta,0.15356984734535217,0.9665321111679077,0.8874784708023071,0.16192330420017242,-0.054395162847526726,1083.98095703125
texture_seed202,texture,202,4,2,shallow_delta,0.15356984734535217,0.968873918056488,0.8896287679672241,0.16226661205291748,-0.05663067885981406,1084.87109375
texture_seed202,texture,202,4,2,combined,0.15356984734535217,0.968187689781189,0.8889986872673035,0.16154058277606964,-0.05190299768152178,1084.2525634765625
texture_seed202,texture,202,4,2,combined_spatial_shuffle,0.15356984734535217,0.9810242056846619,0.9007852673530579,0.15756665170192719,-0.026025970759656267,1083.5916748046875
texture_seed202,texture,202,4,2,oracle,0.15356984734535217,0.0,0.0,0.019695844501256943,0.8717466687522039,1273.5963134765625
texture_seed202,texture,202,9,2,cached_lowrank,0.17773215472698212,0.9901716113090515,0.5599974989891052,0.18592703342437744,-0.0461080253597535,1506.052001953125
texture_seed202,texture,202,9,2,conv_delta,0.17773215472698212,0.9878615140914917,0.5586910247802734,0.18590427935123444,-0.04598000084343591,1508.939208984375
texture_seed202,texture,202,9,2,shallow_delta,0.17773215472698212,0.9873260855674744,0.5583882331848145,0.1855926513671875,-0.044226643469663936,1510.1439208984375
texture_seed202,texture,202,9,2,combined,0.17773215472698212,0.986367404460907,0.5578460097312927,0.18468639254570007,-0.03912762904045415,1509.6834716796875
texture_seed202,texture,202,9,2,combined_spatial_shuffle,0.17773215472698212,0.9934524297714233,0.5618529915809631,0.1861170083284378,-0.047176908502211255,1507.5223388671875
texture_seed202,texture,202,9,2,oracle,0.17773215472698212,0.0,0.0,0.04733792692422867,0.7336558092319007,1523.7032470703125
texture_seed202,texture,202,12,2,cached_lowrank,0.17599718272686005,0.9843524694442749,0.40027284622192383,0.17872150242328644,-0.015479336965605961,1568.4168701171875
texture_seed202,texture,202,12,2,conv_delta,0.17599718272686005,0.9846655130386353,0.4004001319408417,0.17802013456821442,-0.011494228543952906,1567.3968505859375
texture_seed202,texture,202,12,2,shallow_delta,0.17599718272686005,0.9838844537734985,0.4000825583934784,0.17722377181053162,-0.0069693677175229705,1569.7801513671875
texture_seed202,texture,202,12,2,combined,0.17599718272686005,0.9848331212997437,0.4004683196544647,0.17739607393741608,-0.007948372745983374,1568.439697265625
texture_seed202,texture,202,12,2,combined_spatial_shuffle,0.17599718272686005,0.987882137298584,0.4017081558704376,0.17750467360019684,-0.008565426161828694,1568.703369140625
texture_seed202,texture,202,12,2,oracle,0.17599718272686005,0.0,0.0,0.05469096451997757,0.689250909175884,1548.482666015625
texture_seed202,texture,202,15,2,cached_lowrank,0.14619281888008118,0.9622796177864075,0.2988022565841675,0.1447306126356125,0.010001901978975488,1579.7349853515625
texture_seed202,texture,202,15,2,conv_delta,0.14619281888008118,0.9624033570289612,0.2988406717777252,0.1442854404449463,0.013047004974296783,1578.6829833984375
texture_seed202,texture,202,15,2,shallow_delta,0.14619281888008118,0.9609894752502441,0.2984016537666321,0.1439826339483261,0.015118286579917671,1578.83740234375
texture_seed202,texture,202,15,2,combined,0.14619281888008118,0.9616392254829407,0.2986034154891968,0.1444263458251953,0.012083172541702367,1579.0892333984375
texture_seed202,texture,202,15,2,combined_spatial_shuffle,0.14619281888008118,0.9652506113052368,0.2997247874736786,0.14433425664901733,0.01271308840818222,1579.0478515625
texture_seed202,texture,202,15,2,oracle,0.14619281888008118,0.0,0.0,0.05986678972840309,0.5904943198508914,1565.3626708984375
texture_seed202,texture,202,18,2,cached_lowrank,0.17907340824604034,0.9102800488471985,0.24693484604358673,0.16945576667785645,0.05370781548408131,1585.222900390625
texture_seed202,texture,202,18,2,conv_delta,0.17907340824604034,0.9108648896217346,0.24709349870681763,0.16979187726974487,0.051830872418215136,1585.3382568359375
texture_seed202,texture,202,18,2,shallow_delta,0.17907340824604034,0.9097095727920532,0.24678009748458862,0.1694372147321701,0.05381141515232937,1586.3197021484375
texture_seed202,texture,202,18,2,combined,0.17907340824604034,0.9100068211555481,0.24686074256896973,0.16956350207328796,0.05310618849497808,1586.1209716796875
texture_seed202,texture,202,18,2,combined_spatial_shuffle,0.17907340824604034,0.9157903790473938,0.24842965602874756,0.16881954669952393,0.05726066001060295,1587.5042724609375
texture_seed202,texture,202,18,2,oracle,0.17907340824604034,0.0,0.0,0.09498236328363419,0.46958979440916276,1579.449951171875
