prompt_id,category,policy,seconds,speedup_vs_dpm20,ssim,psnr_db,mean_absolute_rgb_error,lpips,dists,ssim_gain_vs_branch0,psnr_gain_vs_branch0,lpips_reduction_vs_branch0,dists_reduction_vs_branch0,rgb_error_reduction_vs_branch0
animal_01,animal,b10_s09,29.53871811600402,1.9902679149489861,0.7117246389389038,18.763242093532597,0.07116543501615524,0.4558279812335968,0.15554189682006836,0.024114012718200684,0.2540162834240718,0.03980109095573425,0.0054912567138671875,0.002414196729660034
animal_01,animal,b10_s12,29.631770421983674,1.9840178996321178,0.7194899916648865,18.682778500203014,0.07035816460847855,0.4386497139930725,0.1567317247390747,0.03187936544418335,0.17355269009448904,0.056979358196258545,0.00430142879486084,0.003221467137336731
animal_01,animal,b10_s15,29.743396388017572,1.976571947199994,0.7021689414978027,18.64432308302859,0.07172899693250656,0.4725378453731537,0.16347110271453857,0.01455831527709961,0.13509727292006346,0.023091226816177368,-0.0024379491806030273,0.0018506348133087158
animal_01,animal,b10_s18,29.842058000038378,1.970037150753127,0.6974945664405823,18.668702673490092,0.07201612740755081,0.48934370279312134,0.16412943601608276,0.00988394021987915,0.15947686338156686,0.006285369396209717,-0.003096282482147217,0.0015635043382644653
animal_01,animal,b1_s15,28.132062698015943,2.0897850095845056,0.6841374635696411,18.50375796796294,0.0737491324543953,0.5017093420028687,0.161918044090271,-0.0034731626510620117,-0.0054678421455847115,-0.006080269813537598,-0.0008848905563354492,-0.0001695007085800171
animal_01,animal,b1_s18,28.136746258009225,2.089437150120739,0.6902705430984497,18.54040184504545,0.07324536144733429,0.4936463236808777,0.16143155097961426,0.002659916877746582,0.031176034936926555,0.001982748508453369,-0.00039839744567871094,0.00033427029848098755
animal_01,animal,b8_s01,29.936735025024973,1.9638067700389155,0.7713004350662231,19.435109136822998,0.06793025881052017,0.22828516364097595,0.1161799430847168,0.08368980884552002,0.925883326714473,0.2673439085483551,0.04485321044921875,0.005649372935295105
animal_01,animal,b8_s09,30.08970699098427,1.9538230442928641,0.716175377368927,18.790897267321146,0.07052890211343765,0.44207528233528137,0.15380781888961792,0.028564751148223877,0.2816714572126209,0.05355378985404968,0.007225334644317627,0.0030507296323776245
animal_01,animal,b8_s12,29.97474004002288,1.961316856676909,0.7196102738380432,18.685462399537947,0.07031398266553879,0.4388344883918762,0.1577683687210083,0.03199964761734009,0.176236589429422,0.056794583797454834,0.003264784812927246,0.0032656490802764893
animal_01,animal,b8_s15,29.74724529404193,1.9763162045387843,0.7020248174667358,18.63886499937758,0.07177407294511795,0.47283172607421875,0.1637306809425354,0.014414191246032715,0.1296391892690565,0.022797346115112305,-0.0026975274085998535,0.0018055588006973267
animal_01,animal,b8_s18,29.82109106401913,1.9714222658318044,0.6977595090866089,18.669310287940533,0.0719996765255928,0.4891403913497925,0.16356176137924194,0.010148882865905762,0.16008447783200808,0.006488680839538574,-0.0025286078453063965,0.0015799552202224731
architecture_01,architecture,b10_s09,29.11620872595813,1.992952776549443,0.4218353033065796,13.582313729611581,0.14613302052021027,0.36793237924575806,0.19785070419311523,0.0010125339031219482,-0.020229799611339416,-0.0024000704288482666,0.0022172927856445312,-0.0004770010709762573
architecture_01,architecture,b10_s12,29.204861425911076,1.9869030767428528,0.42013755440711975,13.593722914857175,0.1457519680261612,0.36856982111930847,0.19542109966278076,-0.0006852149963378906,-0.008820614365745882,-0.0030375123023986816,0.004646897315979004,-9.594857692718506e-05
architecture_01,architecture,b10_s15,29.261362786986865,1.9830665251447992,0.4201599061489105,13.598888853017865,0.14564384520053864,0.3653891086578369,0.19727438688278198,-0.0006628632545471191,-0.0036546762050555515,0.00014320015907287598,0.002793610095977783,1.2174248695373535e-05
architecture_01,architecture,b10_s18,29.313589922967367,1.9795333555350962,0.42344334721565247,13.609724677137738,0.14536358416080475,0.365873783826828,0.19914162158966064,0.0026205778121948242,0.007181147914817387,-0.0003414750099182129,0.0009263753890991211,0.00029243528842926025
architecture_01,architecture,b1_s15,27.64132333698217,2.0992927261682506,0.42043718695640564,13.586216416685792,0.14582559466362,0.36562806367874146,0.19984495639801025,-0.00038558244705200195,-0.016327112537128485,-9.575486183166504e-05,0.00022304058074951172,-0.00016957521438598633
architecture_01,architecture,b1_s18,27.66206971707288,2.097718269691775,0.421057790517807,13.598362349750692,0.1456809788942337,0.36621782183647156,0.1998477578163147,0.00023502111434936523,-0.00418117947222818,-0.0006855130195617676,0.00022023916244506836,-2.4959444999694824e-05
architecture_01,architecture,b8_s01,29.160422804998234,1.9899309900625048,0.5268370509147644,15.367881785198152,0.11290199309587479,0.26289936900138855,0.16512078046798706,0.10601428151130676,1.765338255975232,0.10263293981552124,0.034947216510772705,0.03275402635335922
architecture_01,architecture,b8_s09,29.086081097950228,1.9950170952071198,0.42096418142318726,13.58073858128326,0.14613673090934753,0.36724257469177246,0.19771432876586914,0.00014141201972961426,-0.02180494793966048,-0.001710265874862671,0.002353668212890625,-0.0004807114601135254
architecture_01,architecture,b8_s12,29.184379518963397,1.9882975063864732,0.42015784978866577,13.596725076860723,0.1456979662179947,0.3679611086845398,0.19584685564041138,-0.0006649196147918701,-0.005818452362197135,-0.002428799867630005,0.004221141338348389,-4.194676876068115e-05
architecture_01,architecture,b8_s15,29.238862263970077,1.9845925774785051,0.42062562704086304,13.599936121028245,0.14559711515903473,0.3654673099517822,0.19850075244903564,-0.0001971423625946045,-0.0026074081946756422,6.499886512756348e-05,0.001567244529724121,5.8904290199279785e-05
architecture_01,architecture,b8_s18,29.27565908501856,1.9820981264495616,0.4235372543334961,13.610103958591072,0.14536166191101074,0.36552903056144714,0.19982165098190308,0.002714484930038452,0.007560429368151489,3.2782554626464844e-06,0.00024634599685668945,0.0002943575382232666
art_01,art,b10_s09,29.91487335495185,2.029821805478609,0.6809266209602356,18.646880239097992,0.06665883213281631,0.26287326216697693,0.14762389659881592,-0.000654757022857666,0.03698858715044295,-0.0020329058170318604,-0.0003299117088317871,0.0005500838160514832
art_01,art,b10_s12,30.018690188066103,2.022801856563089,0.6845088005065918,18.68915876141733,0.06699083000421524,0.2620779871940613,0.1440955400466919,0.002927422523498535,0.07926710946977877,-0.001237630844116211,0.0031984448432922363,0.00021808594465255737
art_01,art,b10_s15,30.113992871018127,2.0164002330774062,0.680860161781311,18.56358765345844,0.06729605048894882,0.2652789056301117,0.14893031120300293,-0.0007212162017822266,-0.04630399848910827,-0.004438549280166626,-0.0016363263130187988,-8.713454008102417e-05
art_01,art,b10_s18,30.19701569993049,2.01085639877162,0.6872705817222595,18.598613744588246,0.06691429018974304,0.26134592294692993,0.1463228464126587,0.00568920373916626,-0.011277907359303896,-0.0005055665969848633,0.0009711384773254395,0.00029462575912475586
art_01,art,b1_s15,28.430866100010462,2.135772509722803,0.6804344654083252,18.580242768779705,0.06732683628797531,0.26373106241226196,0.1497882604598999,-0.0011469125747680664,-0.02964888316784453,-0.0028907060623168945,-0.0024942755699157715,-0.00011792033910751343
art_01,art,b1_s18,28.4600498189684,2.1335824297658696,0.6843710541725159,18.61690097357838,0.06713786721229553,0.2613704204559326,0.14639288187026978,0.0027896761894226074,0.007009321630832233,-0.0005300641059875488,0.0009011030197143555,7.104873657226562e-05
art_01,art,b8_s01,29.36444980604574,2.067869912260726,0.7267360091209412,19.2795601359726,0.06034475937485695,0.23471136391162872,0.12426191568374634,0.0451546311378479,0.6696684840250491,0.026128992438316345,0.023032069206237793,0.006864156574010849
art_01,art,b8_s09,29.86238561605569,2.03338952971543,0.6844562888145447,18.56379454062164,0.06632205098867416,0.2638348639011383,0.1434793472290039,0.002874910831451416,-0.04609711132590988,-0.0029945075511932373,0.0038146376609802246,0.000886864960193634
art_01,art,b8_s12,29.965098744956776,2.026419560997842,0.6837382316589355,18.696948036030136,0.0670313760638237,0.2627283036708832,0.14297878742218018,0.002156853675842285,0.08705638408258665,-0.0018879473209381104,0.004315197467803955,0.0001775398850440979
art_01,art,b8_s15,30.082733538001776,2.0184954989979844,0.6809582114219666,18.561361334512853,0.06720984727144241,0.2644868493080139,0.14726197719573975,-0.000623166561126709,-0.04853031743469671,-0.0036464929580688477,3.2007694244384766e-05,-9.313225746154785e-07
art_01,art,b8_s18,30.14439032995142,2.0143669047331554,0.6865991950035095,18.56221001305106,0.06714925915002823,0.2628975510597229,0.14730829000473022,0.00501781702041626,-0.047681638896488465,-0.002057194709777832,-1.430511474609375e-05,5.965679883956909e-05
counting_01,counting,b10_s09,29.099196741939522,1.92034368074028,0.7727050185203552,16.657596470082716,0.08681250363588333,0.30943402647972107,0.16586440801620483,-0.003861844539642334,-0.04599670025448077,-0.004193335771560669,-0.0010950565338134766,-0.0006519034504890442
counting_01,counting,b10_s12,29.157241613953374,1.9165207504148738,0.7759851217269897,16.701356497815645,0.08608094602823257,0.30565333366394043,0.16652166843414307,-0.0005817413330078125,-0.0022366725215512417,-0.0004126429557800293,-0.001752316951751709,7.965415716171265e-05
counting_01,counting,b10_s15,29.19230812403839,1.9142185791053286,0.7764777541160583,16.70259659574785,0.08620291948318481,0.3051982522010803,0.16561973094940186,-8.910894393920898e-05,-0.000996574589347432,4.2438507080078125e-05,-0.000850379467010498,-4.2319297790527344e-05
counting_01,counting,b10_s18,29.22506541805342,1.912073002357841,0.7775936722755432,16.68897042632828,0.08627390116453171,0.30820703506469727,0.16397154331207275,0.0010268092155456543,-0.01462274400891772,-0.0029663443565368652,0.0007978081703186035,-0.00011330097913742065
counting_01,counting,b1_s15,27.619776229956187,2.023204609362266,0.7770103216171265,16.70302935061852,0.08617544174194336,0.3046739399433136,0.16476362943649292,0.00044345855712890625,-0.0005638197186748073,0.0005667507648468018,5.7220458984375e-06,-1.4841556549072266e-05
counting_01,counting,b1_s18,27.629259148961864,2.0225102047334973,0.7792153358459473,16.70164983455223,0.08615747839212418,0.3056752681732178,0.16607606410980225,0.002648472785949707,-0.0019433357849649724,-0.00043457746505737305,-0.0013067126274108887,3.121793270111084e-06
counting_01,counting,b8_s01,28.7674058820121,1.9424920970348274,0.7634524703025818,16.82341748773068,0.08282990008592606,0.3458241820335388,0.21175998449325562,-0.013114392757415771,0.11982431739348343,-0.04058349132537842,-0.04699063301086426,0.003330700099468231
counting_01,counting,b8_s09,29.035564674064517,1.924552155443903,0.7722299098968506,16.653398205873675,0.08691906183958054,0.3096417784690857,0.1658550500869751,-0.004336953163146973,-0.050194964463521785,-0.004401087760925293,-0.0010856986045837402,-0.0007584616541862488
counting_01,counting,b8_s12,29.09277535590809,1.9207675408889322,0.7763997316360474,16.70362611572727,0.08600789308547974,0.305234432220459,0.1664043664932251,-0.0001671314239501953,3.294539007470121e-05,6.258487701416016e-06,-0.0016350150108337402,0.00015270709991455078
counting_01,counting,b8_s15,29.127201713970862,1.9184973251721138,0.7765651941299438,16.70613221253894,0.08612259477376938,0.305059015750885,0.16559851169586182,-1.6689300537109375e-06,0.002539042201743058,0.00018167495727539062,-0.000829160213470459,3.800541162490845e-05
counting_01,counting,b8_s18,29.158026442979462,1.9164691645807994,0.7776896953582764,16.692492318861635,0.0862288698554039,0.3083258867263794,0.16388565301895142,0.0011228322982788086,-0.011100851475561058,-0.003085196018218994,0.0008836984634399414,-6.826967000961304e-05
interior_01,interior,b10_s09,29.272999371984042,2.0135799681118614,0.5535021424293518,18.011290281059896,0.09483853727579117,0.29651790857315063,0.16859352588653564,0.00814133882522583,0.14196495530159225,0.016432642936706543,0.02568066120147705,0.0032844245433807373
interior_01,interior,b10_s12,29.273399144993164,2.0135524695996807,0.5434483289718628,17.829823538625213,0.09847024083137512,0.31722357869148254,0.19256389141082764,-0.0019124746322631836,-0.039501787133090716,-0.004273027181625366,0.0017102956771850586,-0.00034727901220321655
interior_01,interior,b10_s15,29.329107646015473,2.009727873530649,0.5464433431625366,17.870436866531694,0.09787023812532425,0.3120667338371277,0.19117218255996704,0.0010825395584106445,0.0011115407733903737,0.0008838176727294922,0.0031020045280456543,0.00025272369384765625
interior_01,interior,b10_s18,29.38390176196117,2.0059802002974063,0.5484734177589417,17.890533715822254,0.09788645058870316,0.31214970350265503,0.19391852617263794,0.003112614154815674,0.02120839006395059,0.0008008480072021484,0.00035566091537475586,0.00023651123046875
interior_01,interior,b1_s15,27.715004893019795,2.1267730375477396,0.5466054081916809,17.886719523844963,0.09782729297876358,0.3127015233039856,0.1935560703277588,0.0012446045875549316,0.01739419808665943,0.00024902820587158203,0.0007181167602539062,0.0002956688404083252
interior_01,interior,b1_s18,27.74564343492966,2.124424516598982,0.5463847517967224,17.874964231223572,0.09814167022705078,0.3131616711616516,0.19469398260116577,0.0010239481925964355,0.005638905465268351,-0.0002111196517944336,-0.00041979551315307617,-1.8708407878875732e-05
interior_01,interior,b8_s01,28.873498247005045,2.041440376837337,0.569713830947876,18.329012930682318,0.09327063709497452,0.29280519485473633,0.18442058563232422,0.02435302734375,0.4596876049240137,0.02014535665512085,0.009853601455688477,0.004852324724197388
interior_01,interior,b8_s09,29.243659243104048,2.0156001905225884,0.5515568852424622,17.990520677035583,0.09499847143888474,0.2973867356777191,0.16623979806900024,0.006196081638336182,0.12119535127727943,0.015563815832138062,0.02803438901901245,0.0031244903802871704
interior_01,interior,b8_s12,29.215437980019487,2.0175472016640583,0.5425263047218323,17.819086531020368,0.09860619902610779,0.3177984356880188,0.19306635856628418,-0.002834498882293701,-0.05023879473793613,-0.004847884178161621,0.0012078285217285156,-0.00048323720693588257
interior_01,interior,b8_s15,29.26197383797262,2.0143386590513748,0.5466769337654114,17.873212997989516,0.09784217923879623,0.3120737075805664,0.19118136167526245,0.0013161301612854004,0.0038876722312117806,0.0008768439292907715,0.003092825412750244,0.0002807825803756714
interior_01,interior,b8_s18,29.328032952034846,2.0098015178303505,0.5484526753425598,17.89051281246448,0.09788724035024643,0.31249308586120605,0.19395118951797485,0.003091871738433838,0.021187486706175207,0.00045746564865112305,0.0003229975700378418,0.00023572146892547607
landscape_01,landscape,b10_s09,28.387275423039682,1.9940760256290033,0.630370557308197,17.067314576237663,0.09757920354604721,0.29262325167655945,0.1791290044784546,0.00383836030960083,-0.000768827047323839,-0.0014628469944000244,-0.0015102028846740723,-0.00012990832328796387
landscape_01,landscape,b10_s12,28.44621492398437,1.9899443741558491,0.6217265129089355,16.995612230631444,0.09867125749588013,0.29758864641189575,0.17519664764404297,-0.0048056840896606445,-0.07247117265354319,-0.006428241729736328,0.002422153949737549,-0.0012219622731208801
landscape_01,landscape,b10_s15,28.50764646497555,1.9856562141514338,0.6319780349731445,17.086476941337963,0.09712473303079605,0.2857864201068878,0.1770472526550293,0.00544583797454834,0.018393538052976055,0.0053739845752716064,0.0005715489387512207,0.0003245621919631958
landscape_01,landscape,b10_s18,28.508577037020586,1.9855913987044354,0.6416760683059692,17.16693568450217,0.09603997319936752,0.28444844484329224,0.17818331718444824,0.015143871307373047,0.0988522812171837,0.0067119598388671875,-0.0005645155906677246,0.0014093220233917236
landscape_01,landscape,b1_s15,26.9168193860678,2.10301167244561,0.6261175870895386,17.03961208880251,0.09779004007577896,0.29173293709754944,0.17828673124313354,-0.0004146099090576172,-0.028471314482477084,-0.0005725324153900146,-0.0006679296493530273,-0.00034074485301971436
landscape_01,landscape,b1_s18,26.939727726043202,2.101223365345607,0.6301546692848206,17.096155207783195,0.09713093191385269,0.2899229824542999,0.1789502501487732,0.0036224722862243652,0.028071804498207342,0.001237422227859497,-0.0013314485549926758,0.0003183633089065552
landscape_01,landscape,b8_s01,27.95622293895576,2.0248223616478733,0.6088427901268005,18.679323898563112,0.07285060733556747,0.2684166431427002,0.16877514123916626,-0.017689406871795654,1.6112404952781247,0.02274376153945923,0.008843660354614258,0.024598687887191772
landscape_01,landscape,b8_s09,28.330783666926436,1.9980522254346802,0.6305542588233948,17.090859817790754,0.09740983694791794,0.2904644012451172,0.17916184663772583,0.004022061824798584,0.02277641450576695,0.0006960034370422363,-0.0015430450439453125,3.9458274841308594e-05
landscape_01,landscape,b8_s12,28.38841263204813,1.9939961451070007,0.6212950944900513,16.993427296495657,0.09868987649679184,0.2977831959724426,0.1754162311553955,-0.005237102508544922,-0.07465610678933032,-0.006622791290283203,0.0022025704383850098,-0.0012405812740325928
landscape_01,landscape,b8_s15,28.44499440502841,1.9900297587685294,0.6322805285453796,17.087265301091172,0.09712270647287369,0.2853545844554901,0.17680078744888306,0.005748331546783447,0.019181897806184622,0.0058058202266693115,0.0008180141448974609,0.0003265887498855591
landscape_01,landscape,b8_s18,28.489127858076245,1.9869469376530522,0.6414138078689575,17.16506249604838,0.09605323523283005,0.28475886583328247,0.17829877138137817,0.014881610870361328,0.09697909276339445,0.006401538848876953,-0.0006799697875976562,0.0013960599899291992
objects_01,objects,b10_s09,29.650603737914935,2.020265522700743,0.8131253123283386,19.670088926563388,0.05446656420826912,0.15281237661838531,0.1160922646522522,0.012545287609100342,0.18065176230309987,0.01728697121143341,0.005414605140686035,0.0017287880182266235
objects_01,objects,b10_s12,29.71544994402211,2.015856821007749,0.8070605397224426,19.526150273748662,0.05568544194102287,0.16408902406692505,0.1210821270942688,0.006480515003204346,0.036713109488374585,0.006010323762893677,0.0004247426986694336,0.0005099102854728699
objects_01,objects,b10_s15,29.777827856945805,2.011634050231736,0.8029764890670776,19.505629129516194,0.055922430008649826,0.16784386336803436,0.12091314792633057,0.0023964643478393555,0.016191965255906382,0.002255484461784363,0.000593721866607666,0.00027292221784591675
objects_01,objects,b10_s18,29.830825612065382,2.0080601602505865,0.8042984008789062,19.488465614779283,0.05611955747008324,0.17008772492408752,0.11855870485305786,0.0037183761596679688,-0.00097154948100453,1.1622905731201172e-05,0.002948164939880371,7.57947564125061e-05
objects_01,objects,b1_s15,28.170128265977837,2.126440174264929,0.8018824458122253,19.489854328435122,0.056112125515937805,0.1693636178970337,0.12162536382675171,0.0013024210929870605,0.0004171641748342836,0.0007357299327850342,-0.00011849403381347656,8.322671055793762e-05
objects_01,objects,b1_s18,28.194376648054458,2.1246113438406105,0.8015430569648743,19.492829583053567,0.056175798177719116,0.17080852389335632,0.12149500846862793,0.0009630322456359863,0.003392418793279006,-0.0007091760635375977,1.1861324310302734e-05,1.9554048776626587e-05
objects_01,objects,b8_s01,29.289903516997583,2.045144751815546,0.7003286480903625,15.937901262523017,0.08346127718687057,0.26022735238075256,0.13182991743087769,-0.10025137662887573,-3.551535901737271,-0.09012800455093384,-0.010323047637939453,-0.027265924960374832
objects_01,objects,b8_s09,29.637635015067644,2.0211495427525628,0.81361985206604,19.691644753055485,0.05435040593147278,0.1524982452392578,0.11604064702987671,0.013039827346801758,0.20220758879519707,0.017601102590560913,0.0054662227630615234,0.0018449462950229645
objects_01,objects,b8_s12,29.713358032982796,2.0159987434768576,0.806922972202301,19.52821502431357,0.055687110871076584,0.16398540139198303,0.12113136053085327,0.006342947483062744,0.03877786005328332,0.006113946437835693,0.00037550926208496094,0.0005082413554191589
objects_01,objects,b8_s15,29.721478771069087,2.01544791631566,0.8028555512428284,19.503917118986976,0.055939819663763046,0.16803312301635742,0.12119770050048828,0.002275526523590088,0.014479954726688504,0.0020662248134613037,0.00030916929244995117,0.00025553256273269653
objects_01,objects,b8_s18,29.762894940096885,2.012643346002965,0.8042440414428711,19.487987111263656,0.056148890405893326,0.17000700533390045,0.1189001202583313,0.0036640167236328125,-0.001450052996631257,9.234249591827393e-05,0.0026067495346069336,4.646182060241699e-05
people_01,people,b10_s09,29.065815676935017,2.013932226145722,0.6713759303092957,16.757354583458525,0.09389237314462662,0.32033634185791016,0.14788782596588135,0.0013284683227539062,-0.05577644423473416,0.006712168455123901,-0.0006824731826782227,-0.00010676681995391846
people_01,people,b10_s12,29.14684070099611,2.0083337151868554,0.6642308235168457,16.710219463760733,0.09491315484046936,0.33411064743995667,0.14815056324005127,-0.005816638469696045,-0.1029115639325262,-0.007062137126922607,-0.0009452104568481445,-0.0011275485157966614
people_01,people,b10_s15,29.26877146004699,1.9999671988588819,0.667621374130249,16.760288185695845,0.09453850239515305,0.3294181823730469,0.14703214168548584,-0.0024260878562927246,-0.05284284199741407,-0.0023696720600128174,0.00017321109771728516,-0.0007528960704803467
people_01,people,b10_s18,29.51185956900008,1.983493542117526,0.6727136373519897,16.814033267243623,0.09418833255767822,0.32987338304519653,0.1506558656692505,0.002666175365447998,0.0009022395503635039,-0.0028248727321624756,-0.0034505128860473633,-0.0004027262330055237
people_01,people,b1_s15,27.96571938600391,2.093154910947399,0.6694208979606628,16.80087945227602,0.09394093602895737,0.32708585262298584,0.14701735973358154,-0.0006265640258789062,-0.012251575417238314,-3.7342309951782227e-05,0.00018799304962158203,-0.00015532970428466797
people_01,people,b1_s18,27.60572025703732,2.120451208153813,0.6714710593223572,16.823272290692397,0.09373610466718674,0.32674917578697205,0.14615213871002197,0.0014235973358154297,0.010141262999137979,0.0002993345260620117,0.0010532140731811523,4.9501657485961914e-05
people_01,people,b8_s01,28.76105011301115,2.035272795707474,0.6735872626304626,16.980908220727105,0.09036978334188461,0.3271048665046692,0.1490168571472168,0.0035398006439208984,0.16777719303384586,-5.6356191635131836e-05,-0.0018115043640136719,0.003415822982788086
people_01,people,b8_s09,28.997684689005837,2.0186640243448295,0.6725431680679321,16.77394942742091,0.09381455183029175,0.32053467631340027,0.14815735816955566,0.002495706081390381,-0.03918160027235018,0.006513833999633789,-0.0009520053863525391,-2.8945505619049072e-05
people_01,people,b8_s12,29.083716899971478,2.012692637337849,0.6641588807106018,16.71015271461471,0.09489618986845016,0.33388015627861023,0.14836186170578003,-0.005888581275939941,-0.10297831307854821,-0.006831645965576172,-0.0011565089225769043,-0.0011105835437774658
people_01,people,b8_s15,29.16821583302226,2.0068619625585686,0.6679038405418396,16.765458740082163,0.09443847090005875,0.32900270819664,0.1471680998802185,-0.0021436214447021484,-0.04767228761109621,-0.001954197883605957,3.725290298461914e-05,-0.0006528645753860474
people_01,people,b8_s18,29.243547254940495,2.001692283110477,0.6724790930747986,16.8107875566473,0.0942232608795166,0.33050215244293213,0.15093594789505005,0.002431631088256836,-0.0023434710459611097,-0.0034536421298980713,-0.003730595111846924,-0.0004376545548439026
portrait_01,portrait,b10_s09,28.71620051190257,1.914988217581091,0.7438626885414124,19.32470368127817,0.07417295128107071,0.32751554250717163,0.15508759021759033,-0.0009737610816955566,-0.03640228369430076,0.0042858123779296875,-0.0019857287406921387,-0.0004950612783432007
portrait_01,portrait,b10_s12,28.83349075401202,1.9071983376254158,0.7428867816925049,19.295781936622674,0.07392715662717819,0.3365795612335205,0.15291881561279297,-0.0019496679306030273,-0.06532402834979578,-0.0047782063484191895,0.0001830458641052246,-0.0002492666244506836
portrait_01,portrait,b10_s15,28.947047700057738,1.8997165515390309,0.7432241439819336,19.330765065166858,0.07381748408079147,0.33212533593177795,0.15144264698028564,-0.0016123056411743164,-0.030340899805612054,-0.00032398104667663574,0.0016592144966125488,-0.00013959407806396484
portrait_01,portrait,b10_s18,29.049864656990394,1.8929928343317342,0.7454380393028259,19.36735056585182,0.07363913953304291,0.3372919261455536,0.15431731939315796,0.0006015896797180176,0.0062446008793486385,-0.0054905712604522705,-0.0012154579162597656,3.875046968460083e-05
portrait_01,portrait,b1_s15,27.13665904093068,2.0264537926737916,0.7446646690368652,19.343369099749786,0.07380705326795578,0.3307388424873352,0.1542271375656128,-0.00017178058624267578,-0.017736865222683917,0.0010625123977661133,-0.0011252760887145996,-0.00012916326522827148
portrait_01,portrait,b1_s18,27.210368184023537,2.0209644082022153,0.7457250356674194,19.370148226733026,0.07362934947013855,0.33070865273475647,0.15370029211044312,0.0008885860443115234,0.009042261760555448,0.0010927021503448486,-0.0005984306335449219,4.854053258895874e-05
portrait_01,portrait,b8_s01,28.27807435998693,1.9446580744479989,0.7587226629257202,19.881666541398225,0.0684560164809227,0.2940891981124878,0.1406344175338745,0.013886213302612305,0.5205605764257548,0.037712156772613525,0.012467443943023682,0.00522187352180481
portrait_01,portrait,b8_s09,28.590499939979054,1.9234076266394173,0.7443810701370239,19.30228318297954,0.07432380318641663,0.32671108841896057,0.15457618236541748,-0.0004553794860839844,-0.05882278199293012,0.005090266466140747,-0.0014743208885192871,-0.0006459131836891174
portrait_01,portrait,b8_s12,28.727256271988153,1.9142512293320273,0.7434070706367493,19.298473977042406,0.07387077808380127,0.33545982837677,0.1514279842376709,-0.0014293789863586426,-0.06263198793006453,-0.003658473491668701,0.001673877239227295,-0.00019288808107376099
portrait_01,portrait,b8_s15,28.857555338996463,1.9056079071146248,0.7436493039131165,19.334392080520935,0.07376828789710999,0.3307816684246063,0.15135937929153442,-0.001187145709991455,-0.026713884451535108,0.0010196864604949951,0.0017424821853637695,-9.03978943824768e-05
portrait_01,portrait,b8_s18,28.960553835961036,1.8988305936920862,0.745366632938385,19.369516068485595,0.07363396137952805,0.3373411297798157,0.15447121858596802,0.0005301833152770996,0.008410103513124767,-0.0055397748947143555,-0.0013693571090698242,4.392862319946289e-05
spatial_01,spatial,b10_s09,27.909746829071082,1.9888896011106998,0.667506754398346,18.11220977419078,0.07774805277585983,0.3700987696647644,0.20645177364349365,0.020948469638824463,0.05097172354025048,0.010529875755310059,0.006713688373565674,-0.0019876882433891296
spatial_01,spatial,b10_s12,27.87408849899657,1.9914339168425208,0.6441028118133545,18.05804065369083,0.07547866553068161,0.3859021067619324,0.21842801570892334,-0.002455472946166992,-0.003197396959699006,-0.00527346134185791,-0.005262553691864014,0.000281699001789093
spatial_01,spatial,b10_s15,27.929938215995207,1.9874517733870998,0.6453452706336975,18.06150775593172,0.07569127529859543,0.3807813823223114,0.2129696011543274,-0.0012130141258239746,0.0002697052811910794,-0.00015273690223693848,0.0001958608627319336,6.908923387527466e-05
spatial_01,spatial,b10_s18,27.96138315706048,1.9852167157172702,0.6546088457107544,18.07467091856862,0.07555793970823288,0.37401753664016724,0.20938146114349365,0.00805056095123291,0.013432867918091063,0.0066111087799072266,0.003784000873565674,0.00020242482423782349
spatial_01,spatial,b1_s15,26.434385475004092,2.099893916219863,0.6444932818412781,18.050314322483846,0.07585150748491287,0.3804257810115814,0.21464639902114868,-0.002065002918243408,-0.010923728166684299,0.000202864408493042,-0.0014809370040893555,-9.114295244216919e-05
spatial_01,spatial,b1_s18,26.45619615004398,2.0981627488379324,0.650897741317749,18.063718572785465,0.07572422176599503,0.3777640461921692,0.21275663375854492,0.004339456558227539,0.0024805221349346596,0.0028645992279052734,0.0004088282585144043,3.614276647567749e-05
spatial_01,spatial,b8_s01,27.430386181920767,2.0236465090148013,0.5454904437065125,17.8106069773632,0.08110085874795914,0.46244990825653076,0.24302536249160767,-0.10106784105300903,-0.25063107328733025,-0.0818212628364563,-0.02985990047454834,-0.005340494215488434
spatial_01,spatial,b8_s09,27.85694179299753,1.9926596986294218,0.6707979440689087,18.098884476346786,0.07771363854408264,0.36464858055114746,0.20573943853378296,0.024239659309387207,0.03764642569625565,0.015980064868927002,0.007426023483276367,-0.0019532740116119385
spatial_01,spatial,b8_s12,27.826035662088543,1.9948729280757858,0.6429691314697266,18.046905155908917,0.07554016262292862,0.38701528310775757,0.2191462516784668,-0.003589153289794922,-0.0143328947416137,-0.0063866376876831055,-0.005980789661407471,0.00022020190954208374
spatial_01,spatial,b8_s15,27.8790602539666,1.991078778563707,0.6461919546127319,18.065225545406435,0.07564321905374527,0.3792407810688019,0.21210932731628418,-0.0003663301467895508,0.003987494755904208,0.001387864351272583,0.0010561347007751465,0.00011714547872543335
spatial_01,spatial,b8_s18,27.922415687004104,1.9879872092803017,0.6549532413482666,18.07137852601883,0.07558494061231613,0.3732805848121643,0.2089756727218628,0.008394956588745117,0.010140475368299207,0.007348060607910156,0.004189789295196533,0.00017542392015457153
text_01,text,b10_s09,29.297141938935965,1.997362151092513,0.45466846227645874,11.799595656558468,0.16058550775051117,0.46615132689476013,0.18679440021514893,-0.008025586605072021,-0.04828143160407272,-0.00745818018913269,0.0005533099174499512,-0.0007088333368301392
text_01,text,b10_s12,29.380846343003213,1.9916717769415488,0.4613794684410095,11.838706161089707,0.1594259887933731,0.4613395035266876,0.18556272983551025,-0.0013145804405212402,-0.009170927072833734,-0.0026463568210601807,0.001784980297088623,0.00045068562030792236
text_01,text,b10_s15,29.474027769989334,1.98537515471836,0.4617399573326111,11.832973047097557,0.16004419326782227,0.46176648139953613,0.18559980392456055,-0.0009540915489196777,-0.014904041064983886,-0.0030733346939086914,0.00174790620803833,-0.00016751885414123535
text_01,text,b10_s18,29.555863550980575,1.9798779468270484,0.4660288989543915,11.867089382225469,0.1592579036951065,0.45783746242523193,0.18415778875350952,0.0033348500728607178,0.019212294062928237,0.0008556842803955078,0.0031899213790893555,0.0006187707185745239
text_01,text,b1_s15,27.848911931971088,2.1012311930520045,0.46230512857437134,11.830720883669247,0.16015934944152832,0.45972293615341187,0.18635046482086182,-0.00038892030715942383,-0.01715620449329336,-0.0010297894477844238,0.0009972453117370605,-0.00028267502784729004
text_01,text,b1_s18,27.879175681970082,2.098950238398179,0.46401843428611755,11.85402115546504,0.15969032049179077,0.45874857902526855,0.18618518114089966,0.001324385404586792,0.0061440673024986125,-5.543231964111328e-05,0.0011625289916992188,0.0001863539218902588
text_01,text,b8_s01,29.150755170034245,2.007392333498408,0.48870396614074707,11.539696317652467,0.1592889279127121,0.4265836477279663,0.1779763102531433,0.02600991725921631,-0.30818077051007364,0.03210949897766113,0.009371399879455566,0.0005877465009689331
text_01,text,b8_s09,29.251784805906937,2.000459214105774,0.45641028881073,11.811263341807013,0.16050194203853607,0.46416914463043213,0.18708384037017822,-0.006283760070800781,-0.03661374635552761,-0.0054759979248046875,0.0002638697624206543,-0.0006252676248550415
text_01,text,b8_s12,29.350734985084273,1.9937150628000806,0.4621063470840454,11.845723098986664,0.15929490327835083,0.45988792181015015,0.1857355237007141,-0.0005877017974853516,-0.002153989175877058,-0.001194775104522705,0.0016121864318847656,0.0005817711353302002
text_01,text,b8_s15,29.42562126799021,1.9886411882719297,0.46174561977386475,11.832834380736212,0.1600569188594818,0.4615456163883209,0.18557953834533691,-0.0009484291076660156,-0.015042707426328406,-0.0028524696826934814,0.0017681717872619629,-0.00018024444580078125
text_01,text,b8_s18,29.493199673015624,1.9840845717921578,0.46594199538230896,11.864311937540833,0.15930195152759552,0.45782047510147095,0.18450433015823364,0.0032479465007781982,0.016434849378292427,0.0008726716041564941,0.0028433799743652344,0.0005747228860855103
texture_01,texture,b10_s09,27.482022656011395,1.9936301307879112,0.48165953159332275,14.796895808072215,0.13896778225898743,0.33186376094818115,0.21486830711364746,-0.00475156307220459,-0.08577587309089019,0.004713535308837891,0.008435487747192383,-0.000619545578956604
texture_01,texture,b10_s12,27.552274618996307,1.9885468325088953,0.483797162771225,14.851249572897029,0.1387832909822464,0.33797746896743774,0.22509735822677612,-0.002613931894302368,-0.031422108266076165,-0.0014001727104187012,-0.0017935633659362793,-0.00043505430221557617
texture_01,texture,b10_s15,27.632523471023887,1.982771804372965,0.4855526089668274,14.877068046933408,0.13828736543655396,0.335361510515213,0.2206646203994751,-0.0008584856986999512,-0.005603634229697008,0.0012157857418060303,0.002639174461364746,6.0871243476867676e-05
texture_01,texture,b10_s18,27.705626050941646,1.9775401689635594,0.48927128314971924,14.909603588394578,0.13802756369113922,0.33712852001190186,0.22702652215957642,0.0028601884841918945,0.026931907231473318,-0.0005512237548828125,-0.0037227272987365723,0.00032067298889160156
texture_01,texture,b1_s15,26.153052425011992,2.094936664816295,0.48709073662757874,14.883665762318152,0.13823406398296356,0.33463263511657715,0.2219470739364624,0.0006796419620513916,0.0009940811550475104,0.0019446611404418945,0.0013567209243774414,0.00011417269706726074
texture_01,texture,b1_s18,26.18507133703679,2.0923749917200145,0.4873867630958557,14.892083229557475,0.13831716775894165,0.3374059796333313,0.22481638193130493,0.0009756684303283691,0.009411548394369973,-0.0008286833763122559,-0.0015125870704650879,3.106892108917236e-05
texture_01,texture,b8_s01,27.577178961015306,1.9867510197280591,0.6785879731178284,16.530844594009242,0.10847266763448715,0.18173806369304657,0.10979694128036499,0.19217687845230103,1.648172912846137,0.15483923256397247,0.11350685358047485,0.02987556904554367
texture_01,texture,b8_s09,27.44537562900223,1.9962921682195311,0.48108842968940735,14.79683966075028,0.1390056610107422,0.33259475231170654,0.2151380181312561,-0.005322664976119995,-0.08583202041282512,0.0039825439453125,0.00816577672958374,-0.0006574243307113647
texture_01,texture,b8_s12,27.493680777028203,1.992784773575977,0.48490020632743835,14.857698233194514,0.13866348564624786,0.3373348116874695,0.22455477714538574,-0.0015108883380889893,-0.024973447968591245,-0.0007575154304504395,-0.0012509822845458984,-0.000315248966217041
texture_01,texture,b8_s15,27.560972427017987,1.9879192785052373,0.4853278696537018,14.879377301606445,0.13829945027828217,0.3355486989021301,0.22085285186767578,-0.0010832250118255615,-0.003294379556660232,0.001028597354888916,0.0024509429931640625,4.8786401748657227e-05
texture_01,texture,b8_s18,27.644410426029935,1.9819192226444124,0.4892828166484833,14.908420705822593,0.13803713023662567,0.336988627910614,0.2268713116645813,0.0028717219829559326,0.02574902465948803,-0.0004113316535949707,-0.003567516803741455,0.00031110644340515137
