case_id,step,age,block,feature_relative_l1,feature_cosine_distance,baseline_guided_noise_error,replacement_guided_noise_error,error_reduction,recovery_fraction,suffix_milliseconds
portrait_seed0,4,2,down_block_0,0.18978257797769937,0.013720512463995305,0.06799347698688507,0.0,0.06799347698688507,1.0,1857.7381591796875
portrait_seed0,4,2,down_block_1,0.35327446855086486,0.04736187112327894,0.06799347698688507,0.012847431935369968,0.0551460450515151,0.8110490519870304,1668.25048828125
portrait_seed0,4,2,down_block_2,0.4855808630432339,0.10239102964699187,0.06799347698688507,0.024871788918972015,0.043121688067913055,0.6342033085943022,1600.200439453125
portrait_seed0,4,2,down_block_3,0.4927218055428474,0.12077757988435167,0.06799347698688507,0.04686264321208,0.02113083377480507,0.3107773673477662,1577.048095703125
portrait_seed0,4,2,mid_block,0.5204387637298823,0.13957722320704224,0.06799347698688507,0.05047447979450226,0.017518997192382812,0.257657027831684,1551.9068603515625
portrait_seed0,4,2,up_block_3,0.5343845614403149,0.13861458573615992,0.06799347698688507,0.046156205236911774,0.021837271749973297,0.32116715775816823,1510.023681640625
portrait_seed0,4,2,up_block_2,0.5895869951717436,0.23304549261716845,0.06799347698688507,0.02179955318570137,0.0461939238011837,0.6793875802247004,1384.898681640625
portrait_seed0,4,2,up_block_1,0.5852794849345354,0.22499105158308474,0.06799347698688507,0.00864174123853445,0.05935173574835062,0.8729033780666737,1170.2109375
portrait_seed0,4,2,up_boundary,0.29968196091109633,0.0304381061255925,0.06799347698688507,0.0,0.06799347698688507,1.0,361.181396484375
portrait_seed0,9,2,down_block_0,0.2154696598649719,0.01883792389172856,0.06715933233499527,0.0,0.06715933233499527,1.0,2071.37451171875
portrait_seed0,9,2,down_block_1,0.3154713653813637,0.033515498813400546,0.06715933233499527,0.018281027674674988,0.04887830466032028,0.7277961671285237,1911.983642578125
portrait_seed0,9,2,down_block_2,0.35953646089524294,0.05753068755050794,0.06715933233499527,0.030234508216381073,0.0369248241186142,0.549809279437602,1839.24267578125
portrait_seed0,9,2,down_block_3,0.3500859238526768,0.06060008377169146,0.06715933233499527,0.052205540239810944,0.014953792095184326,0.22266141689130864,1817.9801025390625
portrait_seed0,9,2,mid_block,0.31539655995265053,0.04802218984365847,0.06715933233499527,0.05384616553783417,0.013313166797161102,0.19823256626129232,1797.2896728515625
portrait_seed0,9,2,up_block_3,0.26937685723081867,0.03134585851067906,0.06715933233499527,0.05190800502896309,0.01525132730603218,0.22709170528911057,1752.1158447265625
portrait_seed0,9,2,up_block_2,0.2512559290708645,0.032151244583065175,0.06715933233499527,0.02916102670133114,0.03799830563366413,0.5657933799002948,1623.248046875
portrait_seed0,9,2,up_block_1,0.29661727949720634,0.050502729465471075,0.06715933233499527,0.01626039482653141,0.05089893750846386,0.7578833162690858,1395.5802001953125
portrait_seed0,9,2,up_boundary,0.23628663647914588,0.024396568248314154,0.06715933233499527,0.0,0.06715933233499527,1.0,405.0667724609375
portrait_seed0,12,2,down_block_0,0.21519863433083247,0.019853873274420564,0.08112117648124695,0.0,0.08112117648124695,1.0,2145.24853515625
portrait_seed0,12,2,down_block_1,0.2919713830978754,0.03011351900066528,0.08112117648124695,0.026293780654668808,0.05482739582657814,0.6758703239375821,1990.7159423828125
portrait_seed0,12,2,down_block_2,0.34419237294736527,0.05920169590562607,0.08112117648124695,0.04199322313070297,0.039127953350543976,0.48233956961397517,1917.6109619140625
portrait_seed0,12,2,down_block_3,0.3349574643658342,0.058681991028335934,0.08112117648124695,0.07125108689069748,0.009870089590549469,0.12167093746268794,1900.4404296875
portrait_seed0,12,2,mid_block,0.3019763628252797,0.045303350819035026,0.08112117648124695,0.07176902145147324,0.009352155029773712,0.11528623517850091,1877.810302734375
portrait_seed0,12,2,up_block_3,0.25092694786964787,0.027759689451310243,0.08112117648124695,0.07186564803123474,0.009255528450012207,0.11409509639140697,1834.0556640625
portrait_seed0,12,2,up_block_2,0.23036780002166093,0.027254407141533377,0.08112117648124695,0.04039674997329712,0.04072442650794983,0.5020196732152206,1701.5421142578125
portrait_seed0,12,2,up_block_1,0.25346967546467786,0.033882589258982354,0.08112117648124695,0.023493515327572823,0.057627661153674126,0.7103898593851891,1466.36328125
portrait_seed0,12,2,up_boundary,0.2227646318835258,0.024425750035787397,0.08112117648124695,0.0,0.08112117648124695,1.0,431.6252136230469
portrait_seed0,15,2,down_block_0,0.23466123044666137,0.024513105071368835,0.09300296008586884,0.0,0.09300296008586884,1.0,2203.19091796875
portrait_seed0,15,2,down_block_1,0.2964339406195053,0.03291462881186602,0.09300296008586884,0.039184629917144775,0.05381833016872406,0.578673303721022,2048.323974609375
portrait_seed0,15,2,down_block_2,0.3283784919955476,0.0554117593119805,0.09300296008586884,0.05875234305858612,0.034250617027282715,0.3682744828300025,1976.5050048828125
portrait_seed0,15,2,down_block_3,0.31195017548633014,0.04972285354715145,0.09300296008586884,0.07418031245470047,0.018822647631168365,0.20238761877890313,1958.885986328125
portrait_seed0,15,2,mid_block,0.2698572539846062,0.03554909762108183,0.09300296008586884,0.07441053539514542,0.01859242469072342,0.19991218208062617,1936.47412109375
portrait_seed0,15,2,up_block_3,0.2124187310449212,0.01961328921211747,0.09300296008586884,0.07375124096870422,0.019251719117164612,0.20700114382799928,1891.804931640625
portrait_seed0,15,2,up_block_2,0.22250318969321733,0.02411043764710863,0.09300296008586884,0.05676169693470001,0.03624126315116882,0.3896785985919972,1762.4117431640625
portrait_seed0,15,2,up_block_1,0.25444411266620315,0.0337818883928418,0.09300296008586884,0.035493455827236176,0.05750950425863266,0.6183620844490824,1518.5003662109375
portrait_seed0,15,2,up_boundary,0.2316374127119113,0.028085282070573148,0.09300296008586884,0.0,0.09300296008586884,1.0,453.9836120605469
portrait_seed0,18,2,down_block_0,0.2852841828879721,0.03648999238612105,0.14289268851280212,0.0,0.14289268851280212,1.0,2244.480712890625
portrait_seed0,18,2,down_block_1,0.30825953856120814,0.04346536126397804,0.14289268851280212,0.07562041282653809,0.06727227568626404,0.4707887883307405,2088.856201171875
portrait_seed0,18,2,down_block_2,0.3096858282875927,0.049311561406815474,0.14289268851280212,0.09859301149845123,0.04429967701435089,0.31002059990201647,2019.5780029296875
portrait_seed0,18,2,down_block_3,0.2894324724201502,0.041503814469372124,0.14289268851280212,0.11321048438549042,0.029682204127311707,0.20772374315465694,2003.2635498046875
portrait_seed0,18,2,mid_block,0.2504437524080508,0.02924063576570035,0.14289268851280212,0.11338984966278076,0.029502838850021362,0.20646849854307364,1981.802490234375
portrait_seed0,18,2,up_block_3,0.20654760327114283,0.018447733491048113,0.14289268851280212,0.11333339661359787,0.029559291899204254,0.20686357158544164,1937.8203125
portrait_seed0,18,2,up_block_2,0.2652569553831062,0.03044099869430017,0.14289268851280212,0.09741432219743729,0.04547836631536484,0.3182693725528883,1803.9849853515625
portrait_seed0,18,2,up_block_1,0.27934449445296594,0.037526800112921865,0.14289268851280212,0.06819453835487366,0.07469815015792847,0.522756978928534,1553.317138671875
portrait_seed0,18,2,up_boundary,0.2694045855860138,0.038515004042248835,0.14289268851280212,0.0,0.14289268851280212,1.0,471.5895080566406
portrait_seed1,4,2,down_block_0,0.17759006165701158,0.012004737107578656,0.062266118824481964,0.0,0.062266118824481964,1.0,1861.160888671875
portrait_seed1,4,2,down_block_1,0.33473102563037394,0.040293729267617096,0.062266118824481964,0.01148550771176815,0.050780611112713814,0.8155416151094318,1701.3583984375
portrait_seed1,4,2,down_block_2,0.4553077398594217,0.08978941985181021,0.062266118824481964,0.02199033461511135,0.04027578420937061,0.6468330605750694,1632.30712890625
portrait_seed1,4,2,down_block_3,0.4613933164879497,0.10175513146805815,0.062266118824481964,0.046963904052972794,0.01530221477150917,0.24575507612163236,1610.8839111328125
portrait_seed1,4,2,mid_block,0.4597309236247076,0.09912430824460017,0.062266118824481964,0.05504178628325462,0.007224332541227341,0.11602349203089976,1586.8896484375
portrait_seed1,4,2,up_block_3,0.4169402921187585,0.07670589368959391,0.062266118824481964,0.04550320282578468,0.01676291599869728,0.26921408167336086,1544.8289794921875
portrait_seed1,4,2,up_block_2,0.4322357738707261,0.10305266551031345,0.062266118824481964,0.01990625634789467,0.042359862476587296,0.6803035627769388,1417.2982177734375
portrait_seed1,4,2,up_block_1,0.4625872482860759,0.11499044124307167,0.062266118824481964,0.008573256433010101,0.05369286239147186,0.8623126574312956,1192.082763671875
portrait_seed1,4,2,up_boundary,0.26032230257104416,0.02480286313736957,0.062266118824481964,0.0,0.062266118824481964,1.0,359.81683349609375
portrait_seed1,9,2,down_block_0,0.21393855077515422,0.01904947917491273,0.08845136314630508,0.0,0.08845136314630508,1.0,2086.754150390625
portrait_seed1,9,2,down_block_1,0.3239660952940734,0.03910621262365743,0.08845136314630508,0.02442709356546402,0.06402426958084106,0.7238358720932339,1942.61767578125
portrait_seed1,9,2,down_block_2,0.3644188532161488,0.06235805539681216,0.08845136314630508,0.04582710564136505,0.04262425750494003,0.4818948627669691,1853.0699462890625
portrait_seed1,9,2,down_block_3,0.35030242665406397,0.061856146518278865,0.08845136314630508,0.07099650800228119,0.017454855144023895,0.1973384527172552,1819.08154296875
portrait_seed1,9,2,mid_block,0.3129728291548537,0.04849933832836506,0.08845136314630508,0.07285775989294052,0.015593603253364563,0.1762957935150371,1796.0836181640625
portrait_seed1,9,2,up_block_3,0.259376317363101,0.028547370977119124,0.08845136314630508,0.0706988126039505,0.017752550542354584,0.20070409217990856,1752.774169921875
portrait_seed1,9,2,up_block_2,0.2483565144056849,0.030990213559445312,0.08845136314630508,0.04412291571497917,0.04432844743132591,0.5011618346458199,1640.8577880859375
portrait_seed1,9,2,up_block_1,0.3344580066354566,0.06053125288960726,0.08845136314630508,0.020425399765372276,0.06802596338093281,0.7690776146480959,1409.80712890625
portrait_seed1,9,2,up_boundary,0.2675578434566683,0.03385667540058124,0.08845136314630508,0.0,0.08845136314630508,1.0,399.3357849121094
portrait_seed1,12,2,down_block_0,0.21915015078511632,0.020935801360742468,0.09623835235834122,0.0,0.09623835235834122,1.0,2218.167236328125
portrait_seed1,12,2,down_block_1,0.30636474381559176,0.03654663765545163,0.09623835235834122,0.026093386113643646,0.07014496624469757,0.7288670735292148,2047.0072021484375
portrait_seed1,12,2,down_block_2,0.3501495630347851,0.06140727561133852,0.09623835235834122,0.04595497250556946,0.05028337985277176,0.5224879543401033,2008.1949462890625
portrait_seed1,12,2,down_block_3,0.3312658572923172,0.055874334963700534,0.09623835235834122,0.09237639605998993,0.003861956298351288,0.04012907748016493,1993.601806640625
portrait_seed1,12,2,mid_block,0.29391128681739453,0.0420243931912635,0.09623835235834122,0.09321698546409607,0.0030213668942451477,0.03139462407871614,1955.939208984375
portrait_seed1,12,2,up_block_3,0.24374568106212066,0.025482696657264325,0.09623835235834122,0.0918370932340622,0.004401259124279022,0.04573290186734534,1925.358642578125
portrait_seed1,12,2,up_block_2,0.23860359683632518,0.029352046159499268,0.09623835235834122,0.043861567974090576,0.05237678438425064,0.5442402441515928,1734.5660400390625
portrait_seed1,12,2,up_block_1,0.2768046842791497,0.04044267171085847,0.09623835235834122,0.02265760861337185,0.07358074374496937,0.7645677834445171,1529.3243408203125
portrait_seed1,12,2,up_boundary,0.2290348410484909,0.025768409298272732,0.09623835235834122,0.0,0.09623835235834122,1.0,444.3868713378906
portrait_seed1,15,2,down_block_0,0.23428556573729026,0.0245884710841614,0.09575147181749344,0.0,0.09575147181749344,1.0,2330.392578125
portrait_seed1,15,2,down_block_1,0.28722626002316565,0.032305509640920604,0.09575147181749344,0.038619112223386765,0.057132359594106674,0.5966734349838871,2167.265625
portrait_seed1,15,2,down_block_2,0.2948781884603173,0.04361910081138154,0.09575147181749344,0.05585477128624916,0.03989670053124428,0.416669318747279,2066.34423828125
portrait_seed1,15,2,down_block_3,0.2717776234304123,0.03666137016479876,0.09575147181749344,0.07817836105823517,0.01757311075925827,0.18352836176506404,2057.17431640625
portrait_seed1,15,2,mid_block,0.24243581476543064,0.02834934765504682,0.09575147181749344,0.07902135699987411,0.016730114817619324,0.17472436193469346,2038.041259765625
portrait_seed1,15,2,up_block_3,0.1948045751216241,0.016320684170322286,0.09575147181749344,0.07814964652061462,0.017601825296878815,0.18382824788770533,1993.1109619140625
portrait_seed1,15,2,up_block_2,0.19220711072050958,0.01789479960788276,0.09575147181749344,0.05436760559678078,0.04138386622071266,0.4322008365531148,1860.220458984375
portrait_seed1,15,2,up_block_1,0.2294388275528315,0.02675838659001173,0.09575147181749344,0.03439975902438164,0.0613517127931118,0.6407391095778756,1583.954345703125
portrait_seed1,15,2,up_boundary,0.21770308408641173,0.024430241956752696,0.09575147181749344,0.0,0.09575147181749344,1.0,465.1805419921875
portrait_seed1,18,2,down_block_0,0.2868118437178277,0.03721351770412762,0.13373014330863953,0.0,0.13373014330863953,1.0,2389.764892578125
portrait_seed1,18,2,down_block_1,0.3171031032318949,0.04474098578616825,0.13373014330863953,0.07410599291324615,0.05962415039539337,0.4458542324132947,2221.935546875
portrait_seed1,18,2,down_block_2,0.30936486260621543,0.04759951294016562,0.13373014330863953,0.0962294191122055,0.03750072419643402,0.2804208779608129,2144.195068359375
portrait_seed1,18,2,down_block_3,0.2828725788792086,0.03943334113278674,0.13373014330863953,0.10955136269330978,0.024178780615329742,0.1808027720386634,2131.23583984375
portrait_seed1,18,2,mid_block,0.24626174255896474,0.029377101424745033,0.13373014330863953,0.11017879843711853,0.023551344871520996,0.17611096712254462,2084.153076171875
portrait_seed1,18,2,up_block_3,0.20528517074835517,0.018543175995788808,0.13373014330863953,0.109518863260746,0.024211280047893524,0.18104579452977654,2052.3251953125
portrait_seed1,18,2,up_block_2,0.22933860260028505,0.02454465413007889,0.13373014330863953,0.09565700590610504,0.038073137402534485,0.28470123833386185,1901.60498046875
portrait_seed1,18,2,up_block_1,0.27960749615351255,0.03916999503316032,0.13373014330863953,0.06648363918066025,0.06724650412797928,0.5028522550280918,1622.81689453125
portrait_seed1,18,2,up_boundary,0.2669374843151233,0.03774204062681741,0.13373014330863953,0.0,0.13373014330863953,1.0,485.4219055175781
animal_seed0,4,2,down_block_0,0.18649444889062028,0.013397313235226305,0.08441682904958725,0.0,0.08441682904958725,1.0,1944.868896484375
animal_seed0,4,2,down_block_1,0.385719694944122,0.060012783240809386,0.08441682904958725,0.02014271914958954,0.06427410989999771,0.7613897681733874,1747.501953125
animal_seed0,4,2,down_block_2,0.5352527581730866,0.12747360177802491,0.08441682904958725,0.04098264127969742,0.04343418776988983,0.5145204843500598,1696.2203369140625
animal_seed0,4,2,down_block_3,0.5852541452475025,0.17268261691495168,0.08441682904958725,0.06906547397375107,0.015351355075836182,0.18185183272897693,1670.9195556640625
animal_seed0,4,2,mid_block,0.636396962612455,0.2102362451135663,0.08441682904958725,0.07264415919780731,0.011772669851779938,0.13945880204602995,1631.6690673828125
animal_seed0,4,2,up_block_3,0.6421464189328867,0.21478770676401582,0.08441682904958725,0.06912659108638763,0.015290237963199615,0.1811278406846813,1597.2808837890625
animal_seed0,4,2,up_block_2,0.6272088665462245,0.19485997956034606,0.08441682904958725,0.03432570397853851,0.05009112507104874,0.5933784250723838,1439.67529296875
animal_seed0,4,2,up_block_1,0.4890173835567404,0.115460294266015,0.08441682904958725,0.013548891991376877,0.07086793705821037,0.8395001074558471,1179.6248779296875
animal_seed0,4,2,up_boundary,0.27574662360646074,0.02473565624181784,0.08441682904958725,0.0,0.08441682904958725,1.0,375.7821350097656
animal_seed0,9,2,down_block_0,0.22642923528337744,0.02163741170657074,0.11084665358066559,0.0,0.11084665358066559,1.0,2190.5029296875
animal_seed0,9,2,down_block_1,0.36040916151971364,0.05746085607017348,0.11084665358066559,0.03493920713663101,0.07590744644403458,0.684796915306018,2037.0802001953125
animal_seed0,9,2,down_block_2,0.47996860015756215,0.12077429567832965,0.11084665358066559,0.06471556425094604,0.04613108932971954,0.41617033838688616,1933.9903564453125
animal_seed0,9,2,down_block_3,0.4945632964716838,0.1313326449292882,0.11084665358066559,0.10812685638666153,0.002719797194004059,0.024536574683554174,1930.9117431640625
animal_seed0,9,2,mid_block,0.4475372059070208,0.10358974555645373,0.11084665358066559,0.1078483983874321,0.00299825519323349,0.027048675773072326,1883.984375
animal_seed0,9,2,up_block_3,0.37959247726142786,0.06779253133759189,0.11084665358066559,0.1086481437087059,0.0021985098719596863,0.01983379561711154,1841.6783447265625
animal_seed0,9,2,up_block_2,0.3524790710906146,0.06985101379042535,0.11084665358066559,0.06049301475286484,0.05035363882780075,0.4542639511544413,1726.6058349609375
animal_seed0,9,2,up_block_1,0.3282026578382234,0.060087303298709815,0.11084665358066559,0.02954210713505745,0.08130454644560814,0.7334867027486852,1442.8385009765625
animal_seed0,9,2,up_boundary,0.25796775332659083,0.03203970008620116,0.11084665358066559,0.0,0.11084665358066559,1.0,407.206298828125
animal_seed0,12,2,down_block_0,0.21876391397572476,0.020691012655717378,0.09670108556747437,0.0,0.09670108556747437,1.0,2248.544677734375
animal_seed0,12,2,down_block_1,0.310598677760336,0.04395829218647873,0.09670108556747437,0.03689514845609665,0.059805937111377716,0.6184618999922953,2105.357177734375
animal_seed0,12,2,down_block_2,0.33544059347107164,0.055612709056213294,0.09670108556747437,0.058741793036460876,0.03795929253101349,0.39254256876492793,2021.7945556640625
animal_seed0,12,2,down_block_3,0.3152905962984665,0.05094219245211573,0.09670108556747437,0.08500783145427704,0.011693254113197327,0.12092164265351722,1992.6202392578125
animal_seed0,12,2,mid_block,0.27972220690642124,0.038737601849086034,0.09670108556747437,0.08528932929039001,0.01141175627708435,0.1180106325602897,1984.4881591796875
animal_seed0,12,2,up_block_3,0.23231636470651748,0.024146678110236963,0.09670108556747437,0.08479499071836472,0.01190609484910965,0.12312265968102319,1932.4532470703125
animal_seed0,12,2,up_block_2,0.24765940311924145,0.0329154280806232,0.09670108556747437,0.05703296139836311,0.03966812416911125,0.4102138454426381,1774.4144287109375
animal_seed0,12,2,up_block_1,0.23800467519219434,0.029343904254462094,0.09670108556747437,0.03243871033191681,0.06426237523555756,0.6645465752369212,1513.1351318359375
animal_seed0,12,2,up_boundary,0.21671123365434547,0.02234451702576523,0.09670108556747437,0.0,0.09670108556747437,1.0,421.95611572265625
animal_seed0,15,2,down_block_0,0.2421122335680521,0.026626709680868443,0.11785932630300522,0.0,0.11785932630300522,1.0,2317.232421875
animal_seed0,15,2,down_block_1,0.30055623313873703,0.04097608062965563,0.11785932630300522,0.052084699273109436,0.06577462702989578,0.5580774054383734,2175.515380859375
animal_seed0,15,2,down_block_2,0.29203318832145797,0.043555424607983895,0.11785932630300522,0.07496307790279388,0.042896248400211334,0.3639614254193947,2057.580322265625
animal_seed0,15,2,down_block_3,0.2669304123402225,0.036099195318848865,0.11785932630300522,0.09745324403047562,0.020406082272529602,0.17313930863703977,2058.58154296875
animal_seed0,15,2,mid_block,0.24245418127376048,0.029125303644894296,0.11785932630300522,0.09861394017934799,0.019245386123657227,0.16329116012575154,2020.02001953125
animal_seed0,15,2,up_block_3,0.21368001160887884,0.02052797297768938,0.11785932630300522,0.09725524485111237,0.020604081451892853,0.17481927055073862,1987.5810546875
animal_seed0,15,2,up_block_2,0.22057099003539174,0.02343400460071743,0.11785932630300522,0.07362958788871765,0.04422973841428757,0.37527567653472815,1826.5518798828125
animal_seed0,15,2,up_block_1,0.2191560136798143,0.02368524611953282,0.11785932630300522,0.04674741253256798,0.07111191377043724,0.6033626357884926,1564.9549560546875
animal_seed0,15,2,up_boundary,0.22403609007072428,0.02542870984037482,0.11785932630300522,0.0,0.11785932630300522,1.0,451.4148254394531
animal_seed0,18,2,down_block_0,0.29666612513598833,0.03991356360003684,0.17912296950817108,0.0,0.17912296950817108,1.0,2362.0390625
animal_seed0,18,2,down_block_1,0.31342885144545113,0.04538853422622868,0.17912296950817108,0.09322995692491531,0.08589301258325577,0.4795198115523513,2199.48583984375
animal_seed0,18,2,down_block_2,0.29453023630476755,0.0423514245982779,0.17912296950817108,0.12052705138921738,0.058595918118953705,0.3271267681629224,2118.53564453125
animal_seed0,18,2,down_block_3,0.27046695531054116,0.03612552577019701,0.17912296950817108,0.14252342283725739,0.036599546670913696,0.20432637294595615,2077.281005859375
animal_seed0,18,2,mid_block,0.23758939861546663,0.02731020569088438,0.17912296950817108,0.14279036223888397,0.03633260726928711,0.20283611515065755,2054.654541015625
animal_seed0,18,2,up_block_3,0.20271976120355392,0.018015054865777813,0.17912296950817108,0.14216110110282898,0.0369618684053421,0.20634912712105305,2012.689453125
animal_seed0,18,2,up_block_2,0.24999732049986031,0.030896039008432852,0.17912296950817108,0.11819494515657425,0.06092802435159683,0.3401463504032489,1858.351318359375
animal_seed0,18,2,up_block_1,0.26009987858998757,0.03364199730514972,0.17912296950817108,0.08544551581144333,0.09367745369672775,0.5229784541532763,1574.444091796875
animal_seed0,18,2,up_boundary,0.2739190122775498,0.03948477829245378,0.17912296950817108,0.0,0.17912296950817108,1.0,456.68988037109375
animal_seed1,4,2,down_block_0,0.23462385004858227,0.024722472319262057,0.17706084251403809,0.0,0.17706084251403809,1.0,2026.4798583984375
animal_seed1,4,2,down_block_1,0.5046048228194444,0.10808986704513901,0.17706084251403809,0.032132383435964584,0.1449284590780735,0.818523491813742,1862.7906494140625
animal_seed1,4,2,down_block_2,0.702385943465935,0.23176674177740364,0.17706084251403809,0.06629230827093124,0.11076853424310684,0.6255958837105651,1731.59716796875
animal_seed1,4,2,down_block_3,0.7679082517738965,0.31120696065798126,0.17706084251403809,0.12921711802482605,0.047843724489212036,0.2702106451651996,1677.0728759765625
animal_seed1,4,2,mid_block,0.8428092768757278,0.4032135290469039,0.17706084251403809,0.12681631743907928,0.0502445250749588,0.2837698294075112,1670.853759765625
animal_seed1,4,2,up_block_3,0.8891152143635536,0.44186599963089146,0.17706084251403809,0.12952029705047607,0.04754054546356201,0.26849835790086,1582.02587890625
animal_seed1,4,2,up_block_2,0.8099028951068188,0.38571375486806725,0.17706084251403809,0.055667243897914886,0.1213935986161232,0.6856038686616925,1507.18408203125
animal_seed1,4,2,up_block_1,0.7027291389075911,0.28981769143000935,0.17706084251403809,0.022896546870470047,0.15416429564356804,0.8706854291136974,1262.3759765625
animal_seed1,4,2,up_boundary,0.40373325247888336,0.0610818404128598,0.17706084251403809,0.0,0.17706084251403809,1.0,377.8785095214844
animal_seed1,9,2,down_block_0,0.22361201953542897,0.020839891967079582,0.08612292259931564,0.0,0.08612292259931564,1.0,2242.338623046875
animal_seed1,9,2,down_block_1,0.3401483404026667,0.04711687850055002,0.08612292259931564,0.03139795362949371,0.05472496896982193,0.6354286096911531,2038.6614990234375
animal_seed1,9,2,down_block_2,0.35847412780357374,0.05845853329311623,0.08612292259931564,0.049544572830200195,0.03657834976911545,0.4247225786715941,1944.818359375
animal_seed1,9,2,down_block_3,0.3290866677412267,0.052798463369836734,0.08612292259931564,0.0782652199268341,0.007857702672481537,0.09123822596034353,1920.1728515625
animal_seed1,9,2,mid_block,0.2830393195816278,0.037608096078634023,0.08612292259931564,0.07846592366695404,0.007656998932361603,0.08890779250473842,1894.970458984375
animal_seed1,9,2,up_block_3,0.24629407344857507,0.026662552235887427,0.08612292259931564,0.07820719480514526,0.00791572779417038,0.09191197366812631,1872.6370849609375
animal_seed1,9,2,up_block_2,0.23425673750598472,0.02988323092434364,0.08612292259931564,0.0468892939388752,0.039233628660440445,0.45555384648258795,1720.7752685546875
animal_seed1,9,2,up_block_1,0.24733371416553593,0.033008448279896796,0.08612292259931564,0.025582330301404,0.060540592297911644,0.7029556182106704,1455.254150390625
animal_seed1,9,2,up_boundary,0.21762270513669668,0.022396623359691836,0.08612292259931564,0.0,0.08612292259931564,1.0,415.5631408691406
animal_seed1,12,2,down_block_0,0.21996462145310727,0.020973265150466824,0.08877876400947571,0.0,0.08877876400947571,1.0,2280.193359375
animal_seed1,12,2,down_block_1,0.2746119035113168,0.029807044933868543,0.08877876400947571,0.035530395805835724,0.053248368203639984,0.5997872216148061,2098.29150390625
animal_seed1,12,2,down_block_2,0.2652853476561363,0.0326127514726533,0.08877876400947571,0.055014193058013916,0.03376457095146179,0.38032260674250845,2015.653564453125
animal_seed1,12,2,down_block_3,0.23830951507121662,0.027930633716673592,0.08877876400947571,0.07556389272212982,0.013214871287345886,0.14885171510087042,1982.4500732421875
animal_seed1,12,2,mid_block,0.20015402634846222,0.019751632954056908,0.08877876400947571,0.07635107636451721,0.012427687644958496,0.13998491400074053,1976.0159912109375
animal_seed1,12,2,up_block_3,0.1779858284721835,0.014596019009193384,0.08877876400947571,0.07580438256263733,0.012974381446838379,0.1461428483669087,1926.6123046875
animal_seed1,12,2,up_block_2,0.1869967596545551,0.01718538762515054,0.08877876400947571,0.052794065326452255,0.03598469868302345,0.40533002553609176,1775.2518310546875
animal_seed1,12,2,up_block_1,0.1973775342389547,0.02043477357147494,0.08877876400947571,0.03158250078558922,0.05719626322388649,0.6442561333449259,1507.334228515625
animal_seed1,12,2,up_boundary,0.19417474917956687,0.018834195962860067,0.08877876400947571,0.0,0.08877876400947571,1.0,433.4878845214844
animal_seed1,15,2,down_block_0,0.22282325917820875,0.02264870366958094,0.11871221661567688,0.0,0.11871221661567688,1.0,2351.166259765625
animal_seed1,15,2,down_block_1,0.2552688296164526,0.027148585571529438,0.11871221661567688,0.04708249866962433,0.07162971794605255,0.6033896088213829,2154.620849609375
animal_seed1,15,2,down_block_2,0.24217626830022426,0.03020003765371737,0.11871221661567688,0.06778838485479355,0.05092383176088333,0.42896875496601955,2076.21826171875
animal_seed1,15,2,down_block_3,0.2333515829014057,0.027830715847725118,0.11871221661567688,0.09216675162315369,0.026545464992523193,0.22361190574397594,2044.9595947265625
animal_seed1,15,2,mid_block,0.20453804941133,0.020754828766490596,0.11871221661567688,0.09886113554239273,0.01985108107328415,0.16722020394540132,2041.6651611328125
animal_seed1,15,2,up_block_3,0.2848810302836642,0.044454220553745705,0.11871221661567688,0.09218881279230118,0.026523403823375702,0.22342606834849615,1979.0078125
animal_seed1,15,2,up_block_2,0.21346335944645697,0.022254224338270734,0.11871221661567688,0.0653882697224617,0.05332394689321518,0.4491866836742507,1838.54541015625
animal_seed1,15,2,up_block_1,0.2411875401505051,0.03104925106106149,0.11871221661567688,0.04197942465543747,0.07673279196023941,0.6463765410821775,1560.0947265625
animal_seed1,15,2,up_boundary,0.21990813112347854,0.025675666604745295,0.11871221661567688,0.0,0.11871221661567688,1.0,466.8161926269531
animal_seed1,18,2,down_block_0,0.2737888395482498,0.03398415310519354,0.1405792087316513,0.0,0.1405792087316513,1.0,2351.12255859375
animal_seed1,18,2,down_block_1,0.279999065056416,0.03397593259205256,0.1405792087316513,0.07659897208213806,0.06398023664951324,0.45511877059746275,2201.6103515625
animal_seed1,18,2,down_block_2,0.26552474982052815,0.03822289312390115,0.1405792087316513,0.10081760585308075,0.03976160287857056,0.28284127672443116,2116.100830078125
animal_seed1,18,2,down_block_3,0.28224533585564077,0.04383850892864749,0.1405792087316513,0.11670830100774765,0.023870907723903656,0.16980396987061103,2068.16259765625
animal_seed1,18,2,mid_block,0.2612662810963241,0.03632163717229997,0.1405792087316513,0.11747494339942932,0.023104265332221985,0.16435051484978289,2075.11572265625
animal_seed1,18,2,up_block_3,0.2292420623670171,0.024902055133592005,0.1405792087316513,0.11676035076379776,0.023818857967853546,0.1694337177080066,2033.273193359375
animal_seed1,18,2,up_block_2,0.20758615507514264,0.02008393452228041,0.1405792087316513,0.09880271553993225,0.041776493191719055,0.29717405275388425,1871.9459228515625
animal_seed1,18,2,up_block_1,0.22042117818360735,0.024334306133883543,0.1405792087316513,0.0671810507774353,0.073398157954216,0.522112470374792,1593.408447265625
animal_seed1,18,2,up_boundary,0.2351594276137059,0.029953842661387453,0.1405792087316513,0.0,0.1405792087316513,1.0,477.3118591308594
interior_seed0,4,2,down_block_0,0.17771872841400208,0.01255617743505133,0.11274353414773941,0.0,0.11274353414773941,1.0,2003.2261962890625
interior_seed0,4,2,down_block_1,0.37351857435718006,0.06139114867962536,0.11274353414773941,0.015837179496884346,0.09690635465085506,0.8595291551165031,1801.6947021484375
interior_seed0,4,2,down_block_2,0.5800763573952072,0.15415240583552847,0.11274353414773941,0.040478046983480453,0.07226548716425896,0.6409723423213085,1680.7177734375
interior_seed0,4,2,down_block_3,0.6438433792963592,0.20838236287872414,0.11274353414773941,0.07002543658018112,0.04271809756755829,0.3788962080218311,1659.9405517578125
interior_seed0,4,2,mid_block,0.7224944632994378,0.2727156374491283,0.11274353414773941,0.07102435827255249,0.04171917587518692,0.37003608402516464,1636.9368896484375
interior_seed0,4,2,up_block_3,0.7479195304921776,0.2848215191479456,0.11274353414773941,0.06997963786125183,0.04276389628648758,0.37930242838094524,1595.95556640625
interior_seed0,4,2,up_block_2,0.7741317382798032,0.36878765108442924,0.11274353414773941,0.040061820298433304,0.0726817138493061,0.6446641432586618,1462.6773681640625
interior_seed0,4,2,up_block_1,0.6494819925485054,0.2691595364224141,0.11274353414773941,0.013149552047252655,0.09959398210048676,0.8833675727246456,1215.419921875
interior_seed0,4,2,up_boundary,0.35886077941615024,0.04531788893734501,0.11274353414773941,0.0,0.11274353414773941,1.0,367.27984619140625
interior_seed0,9,2,down_block_0,0.2633438551220852,0.0298283081961761,0.09188322722911835,0.0,0.09188322722911835,1.0,2234.945068359375
interior_seed0,9,2,down_block_1,0.43773862450792106,0.08764472910635612,0.09188322722911835,0.02707330323755741,0.06480992399156094,0.7053509758636588,2088.820068359375
interior_seed0,9,2,down_block_2,0.4741189004672926,0.10654637607192241,0.09188322722911835,0.0495881661772728,0.04229506105184555,0.46031318584815656,2003.8106689453125
interior_seed0,9,2,down_block_3,0.4476855131814026,0.0979820518459027,0.09188322722911835,0.07245411723852158,0.01942910999059677,0.21145437068888204,1979.6497802734375
interior_seed0,9,2,mid_block,0.46860786314152025,0.11607935691351046,0.09188322722911835,0.07236315310001373,0.019520074129104614,0.2124443678978505,1948.9464111328125
interior_seed0,9,2,up_block_3,0.43283337536899613,0.08994231965219424,0.09188322722911835,0.07372494786977768,0.018158279359340668,0.1976234390860207,1896.074951171875
interior_seed0,9,2,up_block_2,0.4295972307027331,0.09736034728499487,0.09188322722911835,0.047945331782102585,0.04393789544701576,0.4781927754611081,1731.98583984375
interior_seed0,9,2,up_block_1,0.4015614467860386,0.08988263435224209,0.09188322722911835,0.023296978324651718,0.06858624890446663,0.7464501517065917,1469.76171875
interior_seed0,9,2,up_boundary,0.31568970765726195,0.04688097547225911,0.09188322722911835,0.0,0.09188322722911835,1.0,422.517578125
interior_seed0,12,2,down_block_0,0.2667369593098855,0.03171887788857619,0.08266641199588776,0.0,0.08266641199588776,1.0,2297.421875
interior_seed0,12,2,down_block_1,0.36085670571045003,0.05827667771630329,0.08266641199588776,0.03941332921385765,0.043253082782030106,0.5232243874837792,2164.3271484375
interior_seed0,12,2,down_block_2,0.35504819869741583,0.05965417317688282,0.08266641199588776,0.05934019759297371,0.023326214402914047,0.2821728177107095,2075.865234375
interior_seed0,12,2,down_block_3,0.3187518683944877,0.049427524354902164,0.08266641199588776,0.07818087190389633,0.0044855400919914246,0.05426073278969163,2060.355224609375
interior_seed0,12,2,mid_block,0.30741328027538456,0.04558365671807563,0.08266641199588776,0.07874205708503723,0.003924354910850525,0.04747218145920912,2004.6763916015625
interior_seed0,12,2,up_block_3,0.24731127425484822,0.026422124144136583,0.08266641199588776,0.07810267060995102,0.004563741385936737,0.05520671909848658,1960.850341796875
interior_seed0,12,2,up_block_2,0.2822405478740645,0.039246505333564774,0.08266641199588776,0.059052154421806335,0.02361425757408142,0.2856572216447003,1782.199462890625
interior_seed0,12,2,up_block_1,0.27742717592212335,0.04161568423136219,0.08266641199588776,0.03629311919212341,0.04637329280376434,0.5609689798327183,1540.592041015625
interior_seed0,12,2,up_boundary,0.25467906759947956,0.03290203689877613,0.08266641199588776,0.0,0.08266641199588776,1.0,435.6282958984375
interior_seed0,15,2,down_block_0,0.2518371853133756,0.028901284282243478,0.10022764652967453,0.0,0.10022764652967453,1.0,2342.987548828125
interior_seed0,15,2,down_block_1,0.31288336660429045,0.046234039019250384,0.10022764652967453,0.051224324852228165,0.049003321677446365,0.4889202068905997,2198.86279296875
interior_seed0,15,2,down_block_2,0.3090503097802896,0.045935359903612416,0.10022764652967453,0.07471169531345367,0.025515951216220856,0.25457996969594926,2113.732421875
interior_seed0,15,2,down_block_3,0.2792405693755246,0.03892535621020343,0.10022764652967453,0.09051211923360825,0.009715527296066284,0.09693460469701635,2086.14453125
interior_seed0,15,2,mid_block,0.2735781170383359,0.038756598750726234,0.10022764652967453,0.09103542566299438,0.009192220866680145,0.09171342623473247,2060.292724609375
interior_seed0,15,2,up_block_3,0.21877869304136785,0.02116122015334143,0.10022764652967453,0.09071540832519531,0.009512238204479218,0.09490633107565702,2009.804443359375
interior_seed0,15,2,up_block_2,0.25863550321315676,0.033172644152179354,0.10022764652967453,0.07381989061832428,0.02640775591135025,0.2634777611338172,1824.649658203125
interior_seed0,15,2,up_block_1,0.24645446992647244,0.03204311358591594,0.10022764652967453,0.04743872582912445,0.05278892070055008,0.5266902150088977,1566.9862060546875
interior_seed0,15,2,up_boundary,0.23983320713797313,0.030082796209777052,0.10022764652967453,0.0,0.10022764652967453,1.0,460.3472900390625
interior_seed0,18,2,down_block_0,0.2913728671079928,0.03973802140614702,0.15104755759239197,0.0,0.15104755759239197,1.0,2354.310791015625
interior_seed0,18,2,down_block_1,0.3079500301539259,0.04678304044723214,0.15104755759239197,0.09144729375839233,0.059600263833999634,0.39457946082672446,2186.30615234375
interior_seed0,18,2,down_block_2,0.28571834122310225,0.038493754978672134,0.15104755759239197,0.11441212147474289,0.03663543611764908,0.24254239328060706,2122.352294921875
interior_seed0,18,2,down_block_3,0.2542531740008255,0.03173658176253069,0.15104755759239197,0.12939368188381195,0.021653875708580017,0.1433579996507715,2089.512451171875
interior_seed0,18,2,mid_block,0.2398238397616255,0.028383426198934414,0.15104755759239197,0.12987539172172546,0.021172165870666504,0.1401688726924037,2069.390869140625
interior_seed0,18,2,up_block_3,0.1921854625814849,0.016155654299827016,0.15104755759239197,0.1284140646457672,0.022633492946624756,0.1498434884177483,2017.4158935546875
interior_seed0,18,2,up_block_2,0.2549678309091815,0.03139838729412103,0.15104755759239197,0.11406683176755905,0.036980725824832916,0.24482836011573866,1893.241943359375
interior_seed0,18,2,up_block_1,0.25814971197700487,0.03539882611621126,0.15104755759239197,0.08323605358600616,0.0678115040063858,0.4489414134677896,1582.0533447265625
interior_seed0,18,2,up_boundary,0.26520201093655316,0.038245125715618555,0.15104755759239197,0.0,0.15104755759239197,1.0,463.49871826171875
interior_seed1,4,2,down_block_0,0.16321412554093,0.009610333706640328,0.05039342865347862,0.0,0.05039342865347862,1.0,1876.0567626953125
interior_seed1,4,2,down_block_1,0.2911105314630237,0.03464177930412904,0.05039342865347862,0.007224199827760458,0.043169228825718164,0.8566440105229518,1755.9263916015625
interior_seed1,4,2,down_block_2,0.39290456691247766,0.06869437973932047,0.05039342865347862,0.012313525192439556,0.038079903461039066,0.7556521649457253,1651.3035888671875
interior_seed1,4,2,down_block_3,0.41675927487858994,0.08781410284326585,0.05039342865347862,0.02559204399585724,0.024801384657621384,0.4921551345149317,1628.4813232421875
interior_seed1,4,2,mid_block,0.5118918394020793,0.13578537605920016,0.05039342865347862,0.027171960100531578,0.023221468552947044,0.460803505009062,1578.5574951171875
interior_seed1,4,2,up_block_3,0.5364303462425271,0.13997222249920493,0.05039342865347862,0.025553006678819656,0.024840421974658966,0.4929297854581333,1535.656982421875
interior_seed1,4,2,up_block_2,0.5941209805571135,0.22039343172652592,0.05039342865347862,0.011250817216932774,0.03914261143654585,0.7767403902144265,1388.939453125
interior_seed1,4,2,up_block_1,0.5020799157311818,0.1639696327179021,0.05039342865347862,0.00631718197837472,0.0440762466751039,0.8746427431676917,1157.1041259765625
interior_seed1,4,2,up_boundary,0.2629948649395101,0.021455449011655636,0.05039342865347862,0.0,0.05039342865347862,1.0,374.5042419433594
interior_seed1,9,2,down_block_0,0.2394294674681007,0.023651213783898895,0.11161831766366959,0.0,0.11161831766366959,1.0,2189.702392578125
interior_seed1,9,2,down_block_1,0.449074169884531,0.09267543105743614,0.11161831766366959,0.025078456848859787,0.0865398608148098,0.775319523051524,2011.2080078125
interior_seed1,9,2,down_block_2,0.5388652819463778,0.1401846473756473,0.11161831766366959,0.05483418330550194,0.05678413435816765,0.5087349061224044,1888.0478515625
interior_seed1,9,2,down_block_3,0.5280913423650664,0.14369402279042787,0.11161831766366959,0.09019535779953003,0.021422959864139557,0.1919305030979917,1856.153564453125
interior_seed1,9,2,mid_block,0.48000470287213964,0.11194191222835326,0.11161831766366959,0.09458370506763458,0.017034612596035004,0.1526148481055235,1832.531982421875
interior_seed1,9,2,up_block_3,0.42082165961745865,0.0738307115783835,0.11161831766366959,0.09048871695995331,0.021129600703716278,0.1893022681759493,1796.6717529296875
interior_seed1,9,2,up_block_2,0.47677682835387003,0.11653236786600718,0.11161831766366959,0.05548277497291565,0.05613554269075394,0.5029241065960393,1670.4283447265625
interior_seed1,9,2,up_block_1,0.5207350577821235,0.1516402635848213,0.11161831766366959,0.021879946812987328,0.08973837085068226,0.8039753037766042,1421.4886474609375
interior_seed1,9,2,up_boundary,0.41304669422950996,0.08330844061772125,0.11161831766366959,0.0,0.11161831766366959,1.0,400.50787353515625
interior_seed1,12,2,down_block_0,0.26365010020417523,0.03084791480205995,0.08473191410303116,0.0,0.08473191410303116,1.0,2232.20947265625
interior_seed1,12,2,down_block_1,0.37685304954221766,0.062240633773303355,0.08473191410303116,0.03423825651407242,0.05049365758895874,0.5959225413881262,2072.105224609375
interior_seed1,12,2,down_block_2,0.38647191255678154,0.06982688675962434,0.08473191410303116,0.05363238602876663,0.031099528074264526,0.3670344096847446,2000.080810546875
interior_seed1,12,2,down_block_3,0.35774478735361576,0.06210097321009622,0.08473191410303116,0.07320251315832138,0.011529400944709778,0.13606916669780897,1952.76171875
interior_seed1,12,2,mid_block,0.34166555293256984,0.05725505961282484,0.08473191410303116,0.07307759672403336,0.011654317378997803,0.13754342153567478,1940.0057373046875
interior_seed1,12,2,up_block_3,0.2818192774234919,0.03366325965542405,0.08473191410303116,0.07281216979026794,0.011919744312763214,0.1406759712552841,1870.0799560546875
interior_seed1,12,2,up_block_2,0.2902064462790318,0.04053472040828254,0.08473191410303116,0.0543392077088356,0.030392706394195557,0.35869255068685274,1740.0343017578125
interior_seed1,12,2,up_block_1,0.29269872258984947,0.04364563646332764,0.08473191410303116,0.0310845747590065,0.05364733934402466,0.633142068274196,1478.125
interior_seed1,12,2,up_boundary,0.2680946065418807,0.03535375318345646,0.08473191410303116,0.0,0.08473191410303116,1.0,422.1933288574219
interior_seed1,15,2,down_block_0,0.26582215117022584,0.032406627224615625,0.10265862941741943,0.0,0.10265862941741943,1.0,2249.880126953125
interior_seed1,15,2,down_block_1,0.3359069016446307,0.0520064552623829,0.10265862941741943,0.05185723304748535,0.05080139636993408,0.4948575356813983,2098.075927734375
interior_seed1,15,2,down_block_2,0.33616124965537536,0.055146692442233136,0.10265862941741943,0.07539267838001251,0.02726595103740692,0.26559823749975325,1983.09375
interior_seed1,15,2,down_block_3,0.30259623105732336,0.045516478979251485,0.10265862941741943,0.09078997373580933,0.011868655681610107,0.11561283984565059,2000.7177734375
interior_seed1,15,2,mid_block,0.2821402298282304,0.04184190693695744,0.10265862941741943,0.09067452698945999,0.011984102427959442,0.1167374091780534,1970.7001953125
interior_seed1,15,2,up_block_3,0.22743917203385136,0.02314037134013247,0.10265862941741943,0.09103299677371979,0.011625632643699646,0.11324554701026403,1922.626708984375
interior_seed1,15,2,up_block_2,0.2900308377840312,0.042545934003166086,0.10265862941741943,0.07532115280628204,0.02733747661113739,0.2662949697095672,1773.3653564453125
interior_seed1,15,2,up_block_1,0.2901574464481035,0.04469266618991641,0.10265862941741943,0.04801338165998459,0.054645247757434845,0.532300577823246,1464.501220703125
interior_seed1,15,2,up_boundary,0.27007714986958764,0.03810361488997327,0.10265862941741943,0.0,0.10265862941741943,1.0,429.9644775390625
interior_seed1,18,2,down_block_0,0.303045462218074,0.0432457948673054,0.14604464173316956,0.0,0.14604464173316956,1.0,2297.548583984375
interior_seed1,18,2,down_block_1,0.3280950396787,0.052527824106312626,0.14604464173316956,0.08724956214427948,0.058795079588890076,0.4025829286932105,2104.164306640625
interior_seed1,18,2,down_block_2,0.30568240670198904,0.044270263052090475,0.14604464173316956,0.11221348494291306,0.0338311567902565,0.23164942163415772,2034.0595703125
interior_seed1,18,2,down_block_3,0.2729987237611776,0.03639831261090898,0.14604464173316956,0.12218236178159714,0.023862279951572418,0.1633903145530661,2024.3857421875
interior_seed1,18,2,mid_block,0.24668882452046778,0.031105325449642174,0.14604464173316956,0.12258915603160858,0.023455485701560974,0.16060490424849172,2013.1065673828125
interior_seed1,18,2,up_block_3,0.1982186369248581,0.016824517696518382,0.14604464173316956,0.12217936664819717,0.02386527508497238,0.16341082289465547,1954.56103515625
interior_seed1,18,2,up_block_2,0.2609252335745624,0.032725954738578644,0.14604464173316956,0.11227918416261673,0.033765457570552826,0.23119956452934376,1767.1357421875
interior_seed1,18,2,up_block_1,0.2746435687309665,0.038490411290396875,0.14604464173316956,0.08124884963035583,0.06479579210281372,0.4436711359886704,1514.1640625
interior_seed1,18,2,up_boundary,0.2824018412989118,0.04233467289107007,0.14604464173316956,0.0,0.14604464173316956,1.0,451.02349853515625
architecture_seed0,4,2,down_block_0,0.20953442475552797,0.01797752861493429,0.12567295134067535,0.0,0.12567295134067535,1.0,2031.9918212890625
architecture_seed0,4,2,down_block_1,0.4927929603899436,0.10399756975161223,0.12567295134067535,0.021512242034077644,0.10416070930659771,0.8288236107723604,1837.3155517578125
architecture_seed0,4,2,down_block_2,0.7351547709959518,0.2496950106939626,0.12567295134067535,0.041952863335609436,0.08372008800506592,0.6661742810361536,1725.59326171875
architecture_seed0,4,2,down_block_3,0.7718446855132745,0.3014748972946574,0.12567295134067535,0.08914286643266678,0.036530084908008575,0.29067579394218646,1625.19287109375
architecture_seed0,4,2,mid_block,0.852089617332869,0.4009660664965403,0.12567295134067535,0.09626783430576324,0.02940511703491211,0.23398127219277645,1630.039794921875
architecture_seed0,4,2,up_block_3,0.8197378245209467,0.3454109126409626,0.12567295134067535,0.08762012422084808,0.03805282711982727,0.30279250000800356,1557.750732421875
architecture_seed0,4,2,up_block_2,0.8330363449109564,0.43511367999924877,0.12567295134067535,0.04024090990424156,0.08543204143643379,0.6797965713787039,1497.7537841796875
architecture_seed0,4,2,up_block_1,0.7641987180424645,0.3717312844504167,0.12567295134067535,0.012841921299695969,0.11283103004097939,0.8978147551824102,1264.1285400390625
architecture_seed0,4,2,up_boundary,0.43058907663316953,0.06488579802551386,0.12567295134067535,0.0,0.12567295134067535,1.0,369.0998840332031
architecture_seed0,9,2,down_block_0,0.22069985929685867,0.01996610297522372,0.062867671251297,0.0,0.062867671251297,1.0,2277.787841796875
architecture_seed0,9,2,down_block_1,0.31953560971509426,0.04038512455505516,0.062867671251297,0.019341718405485153,0.043525952845811844,0.6923423753335524,2095.935791015625
architecture_seed0,9,2,down_block_2,0.3598060716130734,0.06008033015046155,0.062867671251297,0.03231411427259445,0.030553556978702545,0.48599791229060685,2021.98583984375
architecture_seed0,9,2,down_block_3,0.3339093854142402,0.05487821317613517,0.062867671251297,0.05394359305500984,0.008924078196287155,0.14195019504723655,2004.7882080078125
architecture_seed0,9,2,mid_block,0.29010509658412237,0.04136701288294509,0.062867671251297,0.05373481661081314,0.009132854640483856,0.1452710822383999,1997.6480712890625
architecture_seed0,9,2,up_block_3,0.24919313352870515,0.027102397894377295,0.062867671251297,0.054202497005462646,0.00866517424583435,0.13783195835579137,1924.447021484375
architecture_seed0,9,2,up_block_2,0.25980618139341377,0.034208087830578604,0.062867671251297,0.031965337693691254,0.030902333557605743,0.491545701352318,1791.0712890625
architecture_seed0,9,2,up_block_1,0.2891482966666087,0.04328752656102952,0.062867671251297,0.017539888620376587,0.04532778263092041,0.7210030486056102,1486.5030517578125
architecture_seed0,9,2,up_boundary,0.24304882400064606,0.02679717902633605,0.062867671251297,0.0,0.062867671251297,1.0,415.5170593261719
architecture_seed0,12,2,down_block_0,0.22428150594933113,0.02145629055646925,0.07837463170289993,0.0,0.07837463170289993,1.0,2331.75146484375
architecture_seed0,12,2,down_block_1,0.288718173615292,0.034678612802315656,0.07837463170289993,0.02730533666908741,0.05106929503381252,0.6516049125105223,2172.414794921875
architecture_seed0,12,2,down_block_2,0.3108917529763352,0.04882942350347108,0.07837463170289993,0.04404234141111374,0.034332290291786194,0.4380536092588218,2127.501708984375
architecture_seed0,12,2,down_block_3,0.29463054786656795,0.04455997480967244,0.07837463170289993,0.06325333565473557,0.015121296048164368,0.19293610342547696,2052.039794921875
architecture_seed0,12,2,mid_block,0.2701072802371914,0.03805664387109786,0.07837463170289993,0.06380318850278854,0.01457144320011139,0.1859204041346995,2037.301025390625
architecture_seed0,12,2,up_block_3,0.22436075262574356,0.02228552246098492,0.07837463170289993,0.06335718184709549,0.015017449855804443,0.1916111059090155,1984.4327392578125
architecture_seed0,12,2,up_block_2,0.2352471856559383,0.030531734575578895,0.07837463170289993,0.043105628341436386,0.03526900336146355,0.4500053473317765,1845.3919677734375
architecture_seed0,12,2,up_block_1,0.24694068986530632,0.03303865798490602,0.07837463170289993,0.02499845065176487,0.05337618105113506,0.6810390032003186,1584.2967529296875
architecture_seed0,12,2,up_boundary,0.23476078145151982,0.0286309924444601,0.07837463170289993,0.0,0.07837463170289993,1.0,458.6537170410156
architecture_seed0,15,2,down_block_0,0.23310737943177257,0.02391502147062008,0.08981996774673462,0.0,0.08981996774673462,1.0,2376.945068359375
architecture_seed0,15,2,down_block_1,0.27266570785688626,0.0330453939345946,0.08981996774673462,0.04436863586306572,0.0454513318836689,0.5060270341203865,2233.46533203125
architecture_seed0,15,2,down_block_2,0.27740143926097394,0.0389933015990912,0.08981996774673462,0.06366734206676483,0.026152625679969788,0.2911671684598279,2138.041748046875
architecture_seed0,15,2,down_block_3,0.25387354132623874,0.0318769424270644,0.08981996774673462,0.07611937075853348,0.013700596988201141,0.15253397804408833,2123.707763671875
architecture_seed0,15,2,mid_block,0.217928944259371,0.023570207976333912,0.08981996774673462,0.07661931216716766,0.013200655579566956,0.14696793943178477,2077.02490234375
architecture_seed0,15,2,up_block_3,0.1821341633198418,0.014259732540729542,0.08981996774673462,0.07595282047986984,0.013867147266864777,0.15438824589612385,2065.34765625
architecture_seed0,15,2,up_block_2,0.1927322139243016,0.017635366733135704,0.08981996774673462,0.06271262466907501,0.027107343077659607,0.30179640182118733,1912.0799560546875
architecture_seed0,15,2,up_block_1,0.21195997511994819,0.02197984391431551,0.08981996774673462,0.04012380167841911,0.049696166068315506,0.5532863940504165,1594.6475830078125
architecture_seed0,15,2,up_boundary,0.21902604011585416,0.024684398813161423,0.08981996774673462,0.0,0.08981996774673462,1.0,469.597900390625
architecture_seed0,18,2,down_block_0,0.2791903322026382,0.034810934414760464,0.14421792328357697,0.0,0.14421792328357697,1.0,2419.89697265625
architecture_seed0,18,2,down_block_1,0.2901524360304191,0.04136122208732229,0.14421792328357697,0.08260095864534378,0.061616964638233185,0.42724900785788744,2255.59765625
architecture_seed0,18,2,down_block_2,0.2780859599400225,0.03807333612328223,0.14421792328357697,0.1086360290646553,0.03558189421892166,0.24672310770247793,2168.20361328125
architecture_seed0,18,2,down_block_3,0.25210564526344714,0.030808762242024446,0.14421792328357697,0.1203523799777031,0.02386554330587387,0.1654825056587928,2144.48583984375
architecture_seed0,18,2,mid_block,0.22004717698780057,0.023581355694769934,0.14421792328357697,0.12077560275793076,0.02344232052564621,0.16254789967784636,2126.982177734375
architecture_seed0,18,2,up_block_3,0.17284822954980344,0.01239768638359684,0.14421792328357697,0.120267853140831,0.02395007014274597,0.16606861059601266,2068.775146484375
architecture_seed0,18,2,up_block_2,0.2174818340007128,0.028837107598389977,0.14421792328357697,0.10702550411224365,0.03719241917133331,0.2578904086574699,1924.90673828125
architecture_seed0,18,2,up_block_1,0.2427370576843236,0.02921988642828699,0.14421792328357697,0.07600496709346771,0.06821295619010925,0.47298528946351226,1633.2596435546875
architecture_seed0,18,2,up_boundary,0.2566226647685668,0.035421297948207586,0.14421792328357697,0.0,0.14421792328357697,1.0,482.56524658203125
architecture_seed1,4,2,down_block_0,0.19508406877949297,0.015305915700293715,0.09213633835315704,0.0,0.09213633835315704,1.0,1880.4686279296875
architecture_seed1,4,2,down_block_1,0.4599881116771391,0.09995890462929025,0.09213633835315704,0.019536321982741356,0.07260001637041569,0.7879629000681689,1740.2568359375
architecture_seed1,4,2,down_block_2,0.7019160808248691,0.2270500543827778,0.09213633835315704,0.046068839728832245,0.0460674986243248,0.49999272217383817,1632.6739501953125
architecture_seed1,4,2,down_block_3,0.7400341119073592,0.27250418256856845,0.09213633835315704,0.08550473302602768,0.006631605327129364,0.07197600258120235,1613.4254150390625
architecture_seed1,4,2,mid_block,0.7599593513784331,0.2927863080284989,0.09213633835315704,0.08739573508501053,0.004740603268146515,0.051452047616390634,1580.5294189453125
architecture_seed1,4,2,up_block_3,0.698329118453924,0.23471625692560671,0.09213633835315704,0.08609270304441452,0.006043635308742523,0.06559448114355673,1525.9010009765625
architecture_seed1,4,2,up_block_2,0.720421263017522,0.269704072957897,0.09213633835315704,0.04168381541967392,0.050452522933483124,0.547585500306073,1391.1234130859375
architecture_seed1,4,2,up_block_1,0.6017351925749899,0.2010443283317549,0.09213633835315704,0.013416159898042679,0.07872017845511436,0.8543879631224461,1169.45654296875
architecture_seed1,4,2,up_boundary,0.3703636771401493,0.0477283933347209,0.09213633835315704,0.0,0.09213633835315704,1.0,374.96484375
architecture_seed1,9,2,down_block_0,0.24107731868033813,0.02528979276244403,0.08025186508893967,0.0,0.08025186508893967,1.0,2014.210693359375
architecture_seed1,9,2,down_block_1,0.390589414506224,0.07662293054862224,0.08025186508893967,0.019493799656629562,0.060758065432310104,0.7570922540550873,1840.3697509765625
architecture_seed1,9,2,down_block_2,0.44137645560803396,0.10034747728455906,0.08025186508893967,0.04410216957330704,0.03614969551563263,0.45045302655046693,1773.6124267578125
architecture_seed1,9,2,down_block_3,0.4375629353874612,0.1030930243517918,0.08025186508893967,0.06803333759307861,0.012218527495861053,0.1522522558487555,1726.5889892578125
architecture_seed1,9,2,mid_block,0.389880644496546,0.08003694346511436,0.08025186508893967,0.06855132430791855,0.011700540781021118,0.14579774274471896,1729.7069091796875
architecture_seed1,9,2,up_block_3,0.32090254982487243,0.04567385736935958,0.08025186508893967,0.06789207458496094,0.01235979050397873,0.15401250164442792,1636.55029296875
architecture_seed1,9,2,up_block_2,0.3713562896616808,0.0905928068581362,0.08025186508893967,0.04281534627079964,0.03743651881814003,0.4664878352253964,1516.128173828125
architecture_seed1,9,2,up_block_1,0.3347658571675975,0.06585707777852479,0.08025186508893967,0.017138101160526276,0.06311376392841339,0.7864460702373351,1274.041259765625
architecture_seed1,9,2,up_boundary,0.2609154906428447,0.0353084001990559,0.08025186508893967,0.0,0.08025186508893967,1.0,391.7061767578125
architecture_seed1,12,2,down_block_0,0.22778790198452065,0.023204390957277554,0.0651201605796814,0.0,0.0651201605796814,1.0,2074.679443359375
architecture_seed1,12,2,down_block_1,0.29456516206420486,0.03969035884395955,0.0651201605796814,0.02491927705705166,0.04020088352262974,0.6173339126435309,1896.187744140625
architecture_seed1,12,2,down_block_2,0.32402676950157305,0.05285557087436987,0.0651201605796814,0.03720951825380325,0.027910642325878143,0.42860217292809843,1846.9495849609375
architecture_seed1,12,2,down_block_3,0.3166831915252699,0.049967005483625315,0.0651201605796814,0.04789452627301216,0.017225634306669235,0.2645207590603505,1785.1025390625
architecture_seed1,12,2,mid_block,0.2823287208234272,0.03911736242676189,0.0651201605796814,0.048523955047130585,0.016596205532550812,0.2548551076166896,1764.4449462890625
architecture_seed1,12,2,up_block_3,0.23231173984067022,0.02295272648135549,0.0651201605796814,0.04760516807436943,0.017514992505311966,0.26896420938459636,1718.762451171875
architecture_seed1,12,2,up_block_2,0.29093528030502763,0.05684854991988941,0.0651201605796814,0.03670143336057663,0.028418727219104767,0.43640444013235274,1554.87841796875
architecture_seed1,12,2,up_block_1,0.26335060838754,0.03964832916397276,0.0651201605796814,0.022359773516654968,0.04276038706302643,0.6566382312694787,1313.5216064453125
architecture_seed1,12,2,up_boundary,0.21979500376000313,0.023357629057701113,0.0651201605796814,0.0,0.0651201605796814,1.0,399.1750183105469
architecture_seed1,15,2,down_block_0,0.23429818127106178,0.024288513351091723,0.08755138516426086,0.0,0.08755138516426086,1.0,2067.330322265625
architecture_seed1,15,2,down_block_1,0.2658915837265097,0.03196074823865591,0.08755138516426086,0.039371151477098465,0.0481802336871624,0.5503080687617714,1953.8067626953125
architecture_seed1,15,2,down_block_2,0.277270409660789,0.037451746972698596,0.08755138516426086,0.05827496200799942,0.029276423156261444,0.33439131889614354,1864.6434326171875
architecture_seed1,15,2,down_block_3,0.2624351901124583,0.03393993509416593,0.08755138516426086,0.07200967520475388,0.015541709959506989,0.1775152949362043,1835.6734619140625
architecture_seed1,15,2,mid_block,0.2371647431179587,0.02762555366688768,0.08755138516426086,0.0723690316081047,0.015182353556156158,0.17341077502853386,1822.557861328125
architecture_seed1,15,2,up_block_3,0.18953756747710693,0.01503516474847566,0.08755138516426086,0.07193572074174881,0.015615664422512054,0.1783599927427132,1768.56494140625
architecture_seed1,15,2,up_block_2,0.2229458374176906,0.02301832153094141,0.08755138516426086,0.05740959197282791,0.030141793191432953,0.34427545760563316,1625.115478515625
architecture_seed1,15,2,up_block_1,0.22716436913195004,0.024732158793807746,0.08755138516426086,0.03461495414376259,0.052936431020498276,0.6046327070803139,1347.25
architecture_seed1,15,2,up_boundary,0.21949871549044064,0.024134118240464852,0.08755138516426086,0.0,0.08755138516426086,1.0,411.6050109863281
architecture_seed1,18,2,down_block_0,0.28383466113049494,0.035835989194965,0.14171749353408813,0.0,0.14171749353408813,1.0,2117.1591796875
architecture_seed1,18,2,down_block_1,0.303997104044888,0.04496368261927075,0.14171749353408813,0.07972970604896545,0.06198778748512268,0.4374039219809684,1980.9332275390625
architecture_seed1,18,2,down_block_2,0.31241635779488625,0.04647472528759067,0.14171749353408813,0.10266687721014023,0.039050616323947906,0.27555254718469063,1896.73388671875
architecture_seed1,18,2,down_block_3,0.28775319067075494,0.04014971683173185,0.14171749353408813,0.11668143421411514,0.025036059319972992,0.17666174228484308,1858.4022216796875
architecture_seed1,18,2,mid_block,0.25359923749863095,0.031155234421027633,0.14171749353408813,0.11748063564300537,0.024236857891082764,0.17102234372535619,1841.60888671875
architecture_seed1,18,2,up_block_3,0.1993889352260742,0.01649652679464053,0.14171749353408813,0.11683809757232666,0.024879395961761475,0.17555627990116188,1812.029296875
architecture_seed1,18,2,up_block_2,0.24959348047004537,0.03843763105987308,0.14171749353408813,0.10190579295158386,0.03981170058250427,0.28092297986436043,1631.405029296875
architecture_seed1,18,2,up_block_1,0.24334774514297675,0.02932389562740967,0.14171749353408813,0.07301552593708038,0.06870196759700775,0.48478113663845224,1384.11572265625
architecture_seed1,18,2,up_boundary,0.2593462094811116,0.035166728519313684,0.14171749353408813,0.0,0.14171749353408813,1.0,424.1477966308594
texture_seed0,4,2,down_block_0,0.2011452539219596,0.016589760844546775,0.06164581701159477,0.0,0.06164581701159477,1.0,1944.5859375
texture_seed0,4,2,down_block_1,0.3809276784006983,0.059287930987434456,0.06164581701159477,0.015224886126816273,0.0464209308847785,0.7530264523227477,1734.12158203125
texture_seed0,4,2,down_block_2,0.47467774430735715,0.10165011581996752,0.06164581701159477,0.03248263895511627,0.0291631780564785,0.4730763492191739,1675.3843994140625
texture_seed0,4,2,down_block_3,0.4897129468301207,0.12031195756554913,0.06164581701159477,0.04810120165348053,0.013544615358114243,0.21971669798076773,1667.322509765625
texture_seed0,4,2,mid_block,0.5027073367447279,0.12704127864755288,0.06164581701159477,0.05050792545080185,0.011137891560792923,0.18067554459855778,1635.1705322265625
texture_seed0,4,2,up_block_3,0.5097195913919763,0.1358841325746627,0.06164581701159477,0.047936517745256424,0.013709299266338348,0.22238815106886828,1608.943359375
texture_seed0,4,2,up_block_2,0.5791196984807634,0.30429732670571297,0.06164581701159477,0.029334457591176033,0.03231135942041874,0.5241452054133924,1386.3812255859375
texture_seed0,4,2,up_block_1,0.44438354947379544,0.17152311436688839,0.06164581701159477,0.011078694835305214,0.05056712217628956,0.8202847269714755,1180.9735107421875
texture_seed0,4,2,up_boundary,0.2550030509588355,0.022659684228244492,0.06164581701159477,0.0,0.06164581701159477,1.0,365.9458312988281
texture_seed0,9,2,down_block_0,0.21311353845374684,0.01800148351899633,0.123855359852314,0.0,0.123855359852314,1.0,2134.14990234375
texture_seed0,9,2,down_block_1,0.3348937294642097,0.04733807655305944,0.123855359852314,0.01713835820555687,0.10671700164675713,0.861626027117496,1942.9737548828125
texture_seed0,9,2,down_block_2,0.4526441812651551,0.10623925277318691,0.123855359852314,0.030738042667508125,0.09311731718480587,0.7518230724600019,1875.29931640625
texture_seed0,9,2,down_block_3,0.48068278714366414,0.12060945822951974,0.123855359852314,0.061857979744672775,0.06199738010764122,0.5005627546645324,1871.8623046875
texture_seed0,9,2,mid_block,0.5344417244549248,0.15703900451039654,0.123855359852314,0.06403687596321106,0.059818483889102936,0.48297049042068846,1843.1353759765625
texture_seed0,9,2,up_block_3,0.6054266580466486,0.2100685859479674,0.123855359852314,0.0639529600739479,0.05990239977836609,0.4836480217714771,1788.7767333984375
texture_seed0,9,2,up_block_2,0.649027563809337,0.19568838928465282,0.123855359852314,0.027726635336875916,0.09612872451543808,0.7761369764704785,1624.935546875
texture_seed0,9,2,up_block_1,0.468614193533227,0.11140624409782318,0.123855359852314,0.013320205733180046,0.11053515411913395,0.8924535381507659,1392.9569091796875
texture_seed0,9,2,up_boundary,0.2991867787018528,0.04024916935531242,0.123855359852314,0.0,0.123855359852314,1.0,421.427978515625
texture_seed0,12,2,down_block_0,0.1959263998839162,0.01590816759331959,0.07955754548311234,0.0,0.07955754548311234,1.0,2193.39306640625
texture_seed0,12,2,down_block_1,0.2626006917683668,0.029424175025103083,0.07955754548311234,0.02499803528189659,0.054559510201215744,0.6857867455551037,2051.0634765625
texture_seed0,12,2,down_block_2,0.33226479954630384,0.05777619295598024,0.07955754548311234,0.042450595647096634,0.0371069498360157,0.4664164738955199,1963.711181640625
texture_seed0,12,2,down_block_3,0.3258903841723526,0.0535341008880712,0.07955754548311234,0.06784526258707047,0.01171228289604187,0.14721775068498102,1945.611083984375
texture_seed0,12,2,mid_block,0.3209379070930182,0.05186400366850341,0.07955754548311234,0.06808658689260483,0.011470958590507507,0.1441844204826863,1910.7283935546875
texture_seed0,12,2,up_block_3,0.3080109072715724,0.045655094251731976,0.07955754548311234,0.06825311481952667,0.011304430663585663,0.14209124470770976,1878.6746826171875
texture_seed0,12,2,up_block_2,0.34377208092771433,0.057190277174973714,0.07955754548311234,0.039377737790346146,0.04017980769276619,0.505040816037935,1726.8634033203125
texture_seed0,12,2,up_block_1,0.28623377833340574,0.04141458391688013,0.07955754548311234,0.020102789625525475,0.05945475585758686,0.747317623948156,1480.986328125
texture_seed0,12,2,up_boundary,0.2219698230393014,0.02298153722023577,0.07955754548311234,0.0,0.07955754548311234,1.0,461.696533203125
texture_seed0,15,2,down_block_0,0.21702446918148818,0.02043063414641455,0.1352934092283249,0.0,0.1352934092283249,1.0,2268.4482421875
texture_seed0,15,2,down_block_1,0.2648911414158945,0.031409142172895255,0.1352934092283249,0.045707620680332184,0.0895857885479927,0.6621592955559665,2100.384033203125
texture_seed0,15,2,down_block_2,0.3319420960444876,0.05814794544381596,0.1352934092283249,0.07412439584732056,0.061169013381004333,0.45212116192425766,2029.8455810546875
texture_seed0,15,2,down_block_3,0.3427244013174136,0.061038760795577574,0.1352934092283249,0.12216908484697342,0.013124324381351471,0.09700638380102093,1991.0697021484375
texture_seed0,15,2,mid_block,0.346066284218744,0.06125965286249535,0.1352934092283249,0.12358670681715012,0.011706702411174774,0.086528253504339,2000.6243896484375
texture_seed0,15,2,up_block_3,0.3555936556618198,0.058732201126503014,0.1352934092283249,0.12169739603996277,0.013596013188362122,0.10049279758644498,1955.0577392578125
texture_seed0,15,2,up_block_2,0.3692822811576458,0.06185117954619879,0.1352934092283249,0.07027081400156021,0.06502259522676468,0.4806043073172231,1797.9140625
texture_seed0,15,2,up_block_1,0.3169385287084453,0.045808958324217275,0.1352934092283249,0.03857908770442009,0.0967143215239048,0.7148487282236125,1545.380126953125
texture_seed0,15,2,up_boundary,0.2418586611279416,0.029508772770553526,0.1352934092283249,0.0,0.1352934092283249,1.0,477.5404968261719
texture_seed0,18,2,down_block_0,0.26702378423063405,0.03148933758165029,0.15759220719337463,0.0,0.15759220719337463,1.0,2296.32177734375
texture_seed0,18,2,down_block_1,0.28588746394526554,0.03861925606443117,0.15759220719337463,0.08473493158817291,0.07285727560520172,0.46231521788258023,2182.89208984375
texture_seed0,18,2,down_block_2,0.31011617806066677,0.04879388160434306,0.15759220719337463,0.11402031779289246,0.04357188940048218,0.27648505072980534,2056.595947265625
texture_seed0,18,2,down_block_3,0.29899733993302796,0.04601583684781585,0.15759220719337463,0.1356549710035324,0.021937236189842224,0.13920254421542547,2065.596435546875
texture_seed0,18,2,mid_block,0.28296211238600055,0.04091778855360639,0.15759220719337463,0.1359623819589615,0.021629825234413147,0.13725187063261393,2025.5946044921875
texture_seed0,18,2,up_block_3,0.2450935137395486,0.02692897233977487,0.15759220719337463,0.13540008664131165,0.02219212055206299,0.14081991075124667,1982.0301513671875
texture_seed0,18,2,up_block_2,0.2885099756102259,0.0384834245774619,0.15759220719337463,0.11169286072254181,0.045899346470832825,0.2912539096207448,1843.1844482421875
texture_seed0,18,2,up_block_1,0.26377359364924713,0.03185179610715749,0.15759220719337463,0.07710219919681549,0.08049000799655914,0.5107486558506875,1586.764892578125
texture_seed0,18,2,up_boundary,0.2589813049293932,0.03593939662458423,0.15759220719337463,0.0,0.15759220719337463,1.0,499.4478454589844
texture_seed1,4,2,down_block_0,0.18553604863953518,0.012891938760364874,0.03974316269159317,0.0,0.03974316269159317,1.0,1788.4189453125
texture_seed1,4,2,down_block_1,0.3544748977543664,0.054362548427270174,0.03974316269159317,0.011917044408619404,0.027826118282973766,0.7001485638902059,1654.9384765625
texture_seed1,4,2,down_block_2,0.4962887382926165,0.12173557968232607,0.03974316269159317,0.021191000938415527,0.018552161753177643,0.4668013438473019,1612.506591796875
texture_seed1,4,2,down_block_3,0.5256764481678959,0.15067800153966526,0.03974316269159317,0.029269780963659286,0.010473381727933884,0.2635266299566367,1570.393798828125
texture_seed1,4,2,mid_block,0.5382719513570245,0.15512672697099772,0.03974316269159317,0.030068757012486458,0.009674405679106712,0.24342314561576472,1513.435546875
texture_seed1,4,2,up_block_3,0.5564295778756958,0.15984215185804662,0.03974316269159317,0.029326315969228745,0.010416846722364426,0.26210412098300095,1481.106689453125
texture_seed1,4,2,up_block_2,0.5879037040819132,0.137484554745537,0.03974316269159317,0.017909308895468712,0.02183385379612446,0.5493738373454348,1343.139404296875
texture_seed1,4,2,up_block_1,0.45495908123781503,0.08958385648222833,0.03974316269159317,0.009401769377291203,0.030341393314301968,0.7634368092381347,1098.8382568359375
texture_seed1,4,2,up_boundary,0.24597794076992244,0.019906463370584992,0.03974316269159317,0.0,0.03974316269159317,1.0,366.31573486328125
texture_seed1,9,2,down_block_0,0.20299217775369915,0.01656902478304012,0.08241243660449982,0.0,0.08241243660449982,1.0,1868.630615234375
texture_seed1,9,2,down_block_1,0.3215762783639998,0.04606118461924247,0.08241243660449982,0.01415998488664627,0.06825245171785355,0.8281814557358553,1718.766357421875
texture_seed1,9,2,down_block_2,0.41342552461673554,0.08468421420513927,0.08241243660449982,0.03074188530445099,0.05167055130004883,0.6269751681778033,1636.2984619140625
texture_seed1,9,2,down_block_3,0.43501303969604727,0.09651942625277843,0.08241243660449982,0.06501088291406631,0.017401553690433502,0.21115203490395718,1620.55126953125
texture_seed1,9,2,mid_block,0.43581756561379525,0.09268277801166813,0.08241243660449982,0.06562141329050064,0.016791023313999176,0.20374380379723375,1597.298583984375
texture_seed1,9,2,up_block_3,0.38736150124496116,0.07259545121929756,0.08241243660449982,0.06574498862028122,0.016667447984218597,0.20224432950825452,1538.862060546875
texture_seed1,9,2,up_block_2,0.5145573923774224,0.1487574699546358,0.08241243660449982,0.02703423984348774,0.05537819676101208,0.6719640753588441,1388.964111328125
texture_seed1,9,2,up_block_1,0.3917805083102749,0.09342888102365166,0.08241243660449982,0.011394351720809937,0.07101808488368988,0.8617399000651828,1143.0703125
texture_seed1,9,2,up_boundary,0.2742096695881013,0.029302827896200534,0.08241243660449982,0.0,0.08241243660449982,1.0,365.6330261230469
texture_seed1,12,2,down_block_0,0.20515453126367778,0.017651281035316435,0.1100216656923294,0.0,0.1100216656923294,1.0,1924.2357177734375
texture_seed1,12,2,down_block_1,0.2910438896707432,0.03951628220673742,0.1100216656923294,0.03072657808661461,0.0792950876057148,0.7207224786748813,1768.4859619140625
texture_seed1,12,2,down_block_2,0.3932448563584592,0.08009555924039302,0.1100216656923294,0.05228829383850098,0.05773337185382843,0.524745480724471,1689.104248046875
texture_seed1,12,2,down_block_3,0.4033890475429669,0.08363197784944976,0.1100216656923294,0.0840935930609703,0.0259280726313591,0.2356633347459561,1662.6956787109375
texture_seed1,12,2,mid_block,0.42638512477975826,0.09336899701419965,0.1100216656923294,0.08625137805938721,0.0237702876329422,0.21605097035537282,1663.2764892578125
texture_seed1,12,2,up_block_3,0.3926519490138472,0.07532826349706478,0.1100216656923294,0.08420421183109283,0.025817453861236572,0.23465790759280003,1570.0389404296875
texture_seed1,12,2,up_block_2,0.5563405981026753,0.294794197994933,0.1100216656923294,0.04871094226837158,0.061310723423957825,0.5572604544582199,1438.7236328125
texture_seed1,12,2,up_block_1,0.40455432823824183,0.11962919507146086,0.1100216656923294,0.02434593066573143,0.08567573502659798,0.778716941681162,1214.571044921875
texture_seed1,12,2,up_boundary,0.2638358324552416,0.030670610552508304,0.1100216656923294,0.0,0.1100216656923294,1.0,388.1685791015625
texture_seed1,15,2,down_block_0,0.22807353225560226,0.02325848237725414,0.14363904297351837,0.0,0.14363904297351837,1.0,2009.6165771484375
texture_seed1,15,2,down_block_1,0.28266305443130746,0.03854182917024973,0.14363904297351837,0.060687366873025894,0.08295167610049248,0.5775008965757704,1864.66748046875
texture_seed1,15,2,down_block_2,0.3711561594404559,0.07280730092261145,0.14363904297351837,0.08992618322372437,0.053712859749794006,0.3739433140033983,1760.666259765625
texture_seed1,15,2,down_block_3,0.39778362334944567,0.08196884624794765,0.14363904297351837,0.12426982820034027,0.0193692147731781,0.13484644823725994,1754.4705810546875
texture_seed1,15,2,mid_block,0.41356561660036184,0.08716292010979321,0.14363904297351837,0.1263105273246765,0.017328515648841858,0.12063931428474209,1719.039794921875
texture_seed1,15,2,up_block_3,0.3527892620628245,0.05804760947637877,0.14363904297351837,0.12429305911064148,0.019345983862876892,0.13468471706848925,1661.8770751953125
texture_seed1,15,2,up_block_2,0.3805272938016301,0.10460359962595123,0.14363904297351837,0.08553548157215118,0.05810356140136719,0.4045109198623615,1549.825927734375
texture_seed1,15,2,up_block_1,0.2867166497513911,0.0456021757571925,0.14363904297351837,0.052594903856515884,0.09104413911700249,0.633839778045497,1273.4873046875
texture_seed1,15,2,up_boundary,0.2629736316048748,0.03382342855316567,0.14363904297351837,0.0,0.14363904297351837,1.0,402.6794738769531
texture_seed1,18,2,down_block_0,0.2792543135130435,0.03572382047440492,0.25645172595977783,0.0,0.25645172595977783,1.0,2123.40087890625
texture_seed1,18,2,down_block_1,0.3017440501663536,0.04474350235725677,0.25645172595977783,0.10737890750169754,0.1490728184580803,0.5812899792355503,1942.0194091796875
texture_seed1,18,2,down_block_2,0.35989409170545816,0.06863693171664631,0.25645172595977783,0.14910264313220978,0.10734908282756805,0.41859372334427103,1865.2410888671875
texture_seed1,18,2,down_block_3,0.3849359209069677,0.07749280625992039,0.25645172595977783,0.2201395332813263,0.03631219267845154,0.1415946511670067,1841.2249755859375
texture_seed1,18,2,mid_block,0.42478418902964066,0.09434198481236067,0.25645172595977783,0.22834767401218414,0.02810405194759369,0.10958807877940177,1812.1517333984375
texture_seed1,18,2,up_block_3,0.4545166345751443,0.10361307153269517,0.25645172595977783,0.22058463096618652,0.03586709499359131,0.1398590508968411,1767.226318359375
texture_seed1,18,2,up_block_2,0.42899716803467114,0.1020045906278979,0.25645172595977783,0.14456701278686523,0.1118847131729126,0.4362798212965068,1614.3897705078125
texture_seed1,18,2,up_block_1,0.31635915000931314,0.04955997933016443,0.25645172595977783,0.09600873291492462,0.1604429930448532,0.6256264895250394,1364.3065185546875
texture_seed1,18,2,up_boundary,0.3001404149627889,0.04763060821579468,0.25645172595977783,0.0,0.25645172595977783,1.0,422.8014831542969
