case,prompt_id,mode,seed,second_refresh,seconds,peak_allocated_mib,unet_calls,full_calls,reuse_calls,initial_latent_sha256,refresh_indices,refresh_reasons,nsfw_flag,ssim,psnr_db,mean_absolute_rgb_error
portrait_101,portrait,early1,101,1,30.44436237961054,3640.99658203125,20,9,11,e56cb4d6c6c66cae09ead2cb329bfbac91a5b2051c1d53d5adc47aaeea31b372,"[0, 1, 5, 7, 10, 12, 14, 17, 19]",{'scheduled_refresh': 9},False,0.5862938761711121,18.685791727602744,0.08855642181595945
portrait_101,portrait,early3,101,3,30.4050517603755,3641.24658203125,20,9,11,e56cb4d6c6c66cae09ead2cb329bfbac91a5b2051c1d53d5adc47aaeea31b372,"[0, 3, 5, 7, 10, 12, 14, 17, 19]",{'scheduled_refresh': 9},False,0.6638041138648987,21.02160661318813,0.06216330933415033
portrait_101,portrait,early4,101,4,30.54328515380621,3641.49658203125,20,9,11,e56cb4d6c6c66cae09ead2cb329bfbac91a5b2051c1d53d5adc47aaeea31b372,"[0, 4, 5, 7, 10, 12, 14, 17, 19]",{'scheduled_refresh': 9},False,0.6707451343536377,20.998936663484457,0.06196709427179075
portrait_202,portrait,early3,202,3,31.593286719173193,3641.24658203125,20,9,11,b77e77196e9252634bd52a792e7a9073a3877d2b5ae8e92c5cc4e3ab249d685f,"[0, 3, 5, 7, 10, 12, 14, 17, 19]",{'scheduled_refresh': 9},False,0.5178564190864563,17.014009856117156,0.10051422617793862
portrait_202,portrait,early4,202,4,32.21786258369684,3641.49658203125,20,9,11,b77e77196e9252634bd52a792e7a9073a3877d2b5ae8e92c5cc4e3ab249d685f,"[0, 4, 5, 7, 10, 12, 14, 17, 19]",{'scheduled_refresh': 9},False,0.42154619097709656,14.021627446584663,0.1445124358133553
portrait_202,portrait,early1,202,1,32.45866806805134,3640.99658203125,20,9,11,b77e77196e9252634bd52a792e7a9073a3877d2b5ae8e92c5cc4e3ab249d685f,"[0, 1, 5, 7, 10, 12, 14, 17, 19]",{'scheduled_refresh': 9},False,0.42484816908836365,14.8457830873506,0.1225314470677594
people_101,people,early4,101,4,31.759474646300077,3641.49658203125,20,9,11,e56cb4d6c6c66cae09ead2cb329bfbac91a5b2051c1d53d5adc47aaeea31b372,"[0, 4, 5, 7, 10, 12, 14, 17, 19]",{'scheduled_refresh': 9},False,0.5423611998558044,15.230075567807974,0.11721110125772315
people_101,people,early1,101,1,32.006429102271795,3640.99658203125,20,9,11,e56cb4d6c6c66cae09ead2cb329bfbac91a5b2051c1d53d5adc47aaeea31b372,"[0, 1, 5, 7, 10, 12, 14, 17, 19]",{'scheduled_refresh': 9},False,0.5460644960403442,15.092362156010212,0.11138473211550246
people_101,people,early3,101,3,31.93357550725341,3641.24658203125,20,9,11,e56cb4d6c6c66cae09ead2cb329bfbac91a5b2051c1d53d5adc47aaeea31b372,"[0, 3, 5, 7, 10, 12, 14, 17, 19]",{'scheduled_refresh': 9},False,0.6179571151733398,16.309304789932323,0.09984282948612389
people_202,people,early1,202,1,31.557901822030544,3640.99658203125,20,9,11,b77e77196e9252634bd52a792e7a9073a3877d2b5ae8e92c5cc4e3ab249d685f,"[0, 1, 5, 7, 10, 12, 14, 17, 19]",{'scheduled_refresh': 9},False,0.47950637340545654,13.71337065113841,0.13642376669092118
people_202,people,early3,202,3,31.917630922049284,3641.24658203125,20,9,11,b77e77196e9252634bd52a792e7a9073a3877d2b5ae8e92c5cc4e3ab249d685f,"[0, 3, 5, 7, 10, 12, 14, 17, 19]",{'scheduled_refresh': 9},False,0.5262998938560486,14.709507507089075,0.11582693461499184
people_202,people,early4,202,4,31.550728537142277,3641.49658203125,20,9,11,b77e77196e9252634bd52a792e7a9073a3877d2b5ae8e92c5cc4e3ab249d685f,"[0, 4, 5, 7, 10, 12, 14, 17, 19]",{'scheduled_refresh': 9},False,0.46329039335250854,13.4749116635472,0.14491551717122395
animal_101,animal,early3,101,3,33.32277112826705,3641.24658203125,20,9,11,e56cb4d6c6c66cae09ead2cb329bfbac91a5b2051c1d53d5adc47aaeea31b372,"[0, 3, 5, 7, 10, 12, 14, 17, 19]",{'scheduled_refresh': 9},False,0.567163348197937,12.780226417593868,0.1505102818308313
animal_101,animal,early4,101,4,33.444859605282545,3641.49658203125,20,9,11,e56cb4d6c6c66cae09ead2cb329bfbac91a5b2051c1d53d5adc47aaeea31b372,"[0, 4, 5, 7, 10, 12, 14, 17, 19]",{'scheduled_refresh': 9},False,0.5649248361587524,12.164893244332122,0.15494273565953073
animal_101,animal,early1,101,1,33.732231836766005,3640.99658203125,20,9,11,e56cb4d6c6c66cae09ead2cb329bfbac91a5b2051c1d53d5adc47aaeea31b372,"[0, 1, 5, 7, 10, 12, 14, 17, 19]",{'scheduled_refresh': 9},False,0.5296949744224548,13.187104275827373,0.15359470641690923
animal_202,animal,early4,202,4,30.36090822517872,3641.49658203125,20,9,11,b77e77196e9252634bd52a792e7a9073a3877d2b5ae8e92c5cc4e3ab249d685f,"[0, 4, 5, 7, 10, 12, 14, 17, 19]",{'scheduled_refresh': 9},False,0.43685001134872437,12.475665907232267,0.1693448135276246
animal_202,animal,early1,202,1,30.938763938844204,3640.99658203125,20,9,11,b77e77196e9252634bd52a792e7a9073a3877d2b5ae8e92c5cc4e3ab249d685f,"[0, 1, 5, 7, 10, 12, 14, 17, 19]",{'scheduled_refresh': 9},False,0.5574668645858765,14.405395689122983,0.12734993828667535
animal_202,animal,early3,202,3,30.614894665777683,3641.24658203125,20,9,11,b77e77196e9252634bd52a792e7a9073a3877d2b5ae8e92c5cc4e3ab249d685f,"[0, 3, 5, 7, 10, 12, 14, 17, 19]",{'scheduled_refresh': 9},False,0.45743072032928467,12.836131630754167,0.15894068300334457
interior_101,interior,early1,101,1,31.25902183353901,3640.99658203125,20,9,11,e56cb4d6c6c66cae09ead2cb329bfbac91a5b2051c1d53d5adc47aaeea31b372,"[0, 1, 5, 7, 10, 12, 14, 17, 19]",{'scheduled_refresh': 9},False,0.6013574600219727,15.403669838844174,0.0989498562282986
interior_101,interior,early3,101,3,31.452583324164152,3641.24658203125,20,9,11,e56cb4d6c6c66cae09ead2cb329bfbac91a5b2051c1d53d5adc47aaeea31b372,"[0, 3, 5, 7, 10, 12, 14, 17, 19]",{'scheduled_refresh': 9},False,0.6207630038261414,15.75653298117629,0.09589000028722426
interior_101,interior,early4,101,4,31.159035556018353,3641.49658203125,20,9,11,e56cb4d6c6c66cae09ead2cb329bfbac91a5b2051c1d53d5adc47aaeea31b372,"[0, 4, 5, 7, 10, 12, 14, 17, 19]",{'scheduled_refresh': 9},False,0.5926192402839661,15.104859084732329,0.10543455236098345
interior_202,interior,early3,202,3,30.956903785467148,3641.24658203125,20,9,11,b77e77196e9252634bd52a792e7a9073a3877d2b5ae8e92c5cc4e3ab249d685f,"[0, 3, 5, 7, 10, 12, 14, 17, 19]",{'scheduled_refresh': 9},False,0.6453018188476562,16.001750527773225,0.09366987141129239
interior_202,interior,early4,202,4,30.732092704623938,3641.49658203125,20,9,11,b77e77196e9252634bd52a792e7a9073a3877d2b5ae8e92c5cc4e3ab249d685f,"[0, 4, 5, 7, 10, 12, 14, 17, 19]",{'scheduled_refresh': 9},False,0.658723771572113,15.811480515760465,0.10765535940531812
interior_202,interior,early1,202,1,31.236999206244946,3640.99658203125,20,9,11,b77e77196e9252634bd52a792e7a9073a3877d2b5ae8e92c5cc4e3ab249d685f,"[0, 1, 5, 7, 10, 12, 14, 17, 19]",{'scheduled_refresh': 9},False,0.7589578628540039,18.385719857402865,0.06938440659466912
architecture_101,architecture,early4,101,4,30.860548671334982,3641.49658203125,20,9,11,e56cb4d6c6c66cae09ead2cb329bfbac91a5b2051c1d53d5adc47aaeea31b372,"[0, 4, 5, 7, 10, 12, 14, 17, 19]",{'scheduled_refresh': 9},False,0.2501068413257599,9.234941590084343,0.24615622127757353
architecture_101,architecture,early1,101,1,30.76173585653305,3640.99658203125,20,9,11,e56cb4d6c6c66cae09ead2cb329bfbac91a5b2051c1d53d5adc47aaeea31b372,"[0, 1, 5, 7, 10, 12, 14, 17, 19]",{'scheduled_refresh': 9},False,0.32483428716659546,10.545858466678691,0.20776744668000666
architecture_101,architecture,early3,101,3,30.506410252302885,3641.24658203125,20,9,11,e56cb4d6c6c66cae09ead2cb329bfbac91a5b2051c1d53d5adc47aaeea31b372,"[0, 3, 5, 7, 10, 12, 14, 17, 19]",{'scheduled_refresh': 9},False,0.30416959524154663,10.318845407416825,0.2155982073615579
architecture_202,architecture,early1,202,1,31.25590666010976,3640.99658203125,20,9,11,b77e77196e9252634bd52a792e7a9073a3877d2b5ae8e92c5cc4e3ab249d685f,"[0, 1, 5, 7, 10, 12, 14, 17, 19]",{'scheduled_refresh': 9},False,0.28781449794769287,10.374573256636774,0.2163241567175373
architecture_202,architecture,early3,202,3,31.344002090394497,3641.24658203125,20,9,11,b77e77196e9252634bd52a792e7a9073a3877d2b5ae8e92c5cc4e3ab249d685f,"[0, 3, 5, 7, 10, 12, 14, 17, 19]",{'scheduled_refresh': 9},False,0.20958149433135986,9.887058221288354,0.24166259765625
architecture_202,architecture,early4,202,4,31.30919211357832,3641.49658203125,20,9,11,b77e77196e9252634bd52a792e7a9073a3877d2b5ae8e92c5cc4e3ab249d685f,"[0, 4, 5, 7, 10, 12, 14, 17, 19]",{'scheduled_refresh': 9},False,0.22467496991157532,9.927450376891978,0.2383606505549811
nature_101,nature,early3,101,3,32.27998323366046,3641.24658203125,20,9,11,e56cb4d6c6c66cae09ead2cb329bfbac91a5b2051c1d53d5adc47aaeea31b372,"[0, 3, 5, 7, 10, 12, 14, 17, 19]",{'scheduled_refresh': 9},False,0.6842623949050903,16.03381465835389,0.11411601546543096
nature_101,nature,early4,101,4,32.28047937527299,3641.49658203125,20,9,11,e56cb4d6c6c66cae09ead2cb329bfbac91a5b2051c1d53d5adc47aaeea31b372,"[0, 4, 5, 7, 10, 12, 14, 17, 19]",{'scheduled_refresh': 9},False,0.64024817943573,14.169501535333268,0.1483256371192683
nature_101,nature,early1,101,1,31.76889217272401,3640.99658203125,20,9,11,e56cb4d6c6c66cae09ead2cb329bfbac91a5b2051c1d53d5adc47aaeea31b372,"[0, 1, 5, 7, 10, 12, 14, 17, 19]",{'scheduled_refresh': 9},False,0.7623404264450073,18.311381947478925,0.08345232695535897
nature_202,nature,early4,202,4,30.71503508836031,3641.49658203125,20,9,11,b77e77196e9252634bd52a792e7a9073a3877d2b5ae8e92c5cc4e3ab249d685f,"[0, 4, 5, 7, 10, 12, 14, 17, 19]",{'scheduled_refresh': 9},False,0.5164945125579834,15.090607051856724,0.13020679249482997
nature_202,nature,early1,202,1,30.465797245502472,3640.99658203125,20,9,11,b77e77196e9252634bd52a792e7a9073a3877d2b5ae8e92c5cc4e3ab249d685f,"[0, 1, 5, 7, 10, 12, 14, 17, 19]",{'scheduled_refresh': 9},False,0.7912842035293579,20.697342541085895,0.054613599590226714
nature_202,nature,early3,202,3,30.81027700379491,3641.24658203125,20,9,11,b77e77196e9252634bd52a792e7a9073a3877d2b5ae8e92c5cc4e3ab249d685f,"[0, 3, 5, 7, 10, 12, 14, 17, 19]",{'scheduled_refresh': 9},False,0.6436310410499573,16.406460446766527,0.10843142839818218
objects_101,objects,early1,101,1,31.500155560672283,3640.99658203125,20,9,11,e56cb4d6c6c66cae09ead2cb329bfbac91a5b2051c1d53d5adc47aaeea31b372,"[0, 1, 5, 7, 10, 12, 14, 17, 19]",{'scheduled_refresh': 9},False,0.5828090906143188,14.973375636453987,0.10782706566106261
objects_101,objects,early3,101,3,31.56147615239024,3641.24658203125,20,9,11,e56cb4d6c6c66cae09ead2cb329bfbac91a5b2051c1d53d5adc47aaeea31b372,"[0, 3, 5, 7, 10, 12, 14, 17, 19]",{'scheduled_refresh': 9},False,0.6704972386360168,15.16171212189374,0.11080026065602022
objects_101,objects,early4,101,4,31.49924024939537,3641.49658203125,20,9,11,e56cb4d6c6c66cae09ead2cb329bfbac91a5b2051c1d53d5adc47aaeea31b372,"[0, 4, 5, 7, 10, 12, 14, 17, 19]",{'scheduled_refresh': 9},False,0.5210685133934021,13.032095144496083,0.15031372269773796
objects_202,objects,early3,202,3,30.18164264038205,3641.24658203125,20,9,11,b77e77196e9252634bd52a792e7a9073a3877d2b5ae8e92c5cc4e3ab249d685f,"[0, 3, 5, 7, 10, 12, 14, 17, 19]",{'scheduled_refresh': 9},False,0.5755724906921387,16.29811271472642,0.10264918009440104
objects_202,objects,early4,202,4,30.255999360233545,3641.49658203125,20,9,11,b77e77196e9252634bd52a792e7a9073a3877d2b5ae8e92c5cc4e3ab249d685f,"[0, 4, 5, 7, 10, 12, 14, 17, 19]",{'scheduled_refresh': 9},False,0.5005478858947754,15.18240870534937,0.12209257736704708
objects_202,objects,early1,202,1,29.900877822190523,3640.99658203125,20,9,11,b77e77196e9252634bd52a792e7a9073a3877d2b5ae8e92c5cc4e3ab249d685f,"[0, 1, 5, 7, 10, 12, 14, 17, 19]",{'scheduled_refresh': 9},False,0.5780466198921204,17.000225418976985,0.09779318017897262
text_101,text,early4,101,4,30.36115273833275,3641.49658203125,20,9,11,e56cb4d6c6c66cae09ead2cb329bfbac91a5b2051c1d53d5adc47aaeea31b372,"[0, 4, 5, 7, 10, 12, 14, 17, 19]",{'scheduled_refresh': 9},False,0.5063117146492004,14.45788837458686,0.12977236579446233
text_101,text,early1,101,1,30.514386799186468,3640.99658203125,20,9,11,e56cb4d6c6c66cae09ead2cb329bfbac91a5b2051c1d53d5adc47aaeea31b372,"[0, 1, 5, 7, 10, 12, 14, 17, 19]",{'scheduled_refresh': 9},False,0.590370237827301,15.252865024011722,0.10926633348651961
text_101,text,early3,101,3,30.335215762257576,3641.24658203125,20,9,11,e56cb4d6c6c66cae09ead2cb329bfbac91a5b2051c1d53d5adc47aaeea31b372,"[0, 3, 5, 7, 10, 12, 14, 17, 19]",{'scheduled_refresh': 9},False,0.5161696076393127,14.506340171320385,0.12815733766244128
text_202,text,early1,202,1,30.334796871989965,3640.99658203125,20,9,11,b77e77196e9252634bd52a792e7a9073a3877d2b5ae8e92c5cc4e3ab249d685f,"[0, 1, 5, 7, 10, 12, 14, 17, 19]",{'scheduled_refresh': 9},False,0.707978367805481,18.741961384769297,0.07412432003644558
text_202,text,early3,202,3,30.586976900696754,3641.24658203125,20,9,11,b77e77196e9252634bd52a792e7a9073a3877d2b5ae8e92c5cc4e3ab249d685f,"[0, 3, 5, 7, 10, 12, 14, 17, 19]",{'scheduled_refresh': 9},False,0.7078365087509155,18.309139253733946,0.0760145299574908
text_202,text,early4,202,4,30.537897240370512,3641.49658203125,20,9,11,b77e77196e9252634bd52a792e7a9073a3877d2b5ae8e92c5cc4e3ab249d685f,"[0, 4, 5, 7, 10, 12, 14, 17, 19]",{'scheduled_refresh': 9},False,0.7217707633972168,19.00685951067046,0.07235852409811581
texture_101,texture,early3,101,3,30.784455355256796,3641.24658203125,20,9,11,e56cb4d6c6c66cae09ead2cb329bfbac91a5b2051c1d53d5adc47aaeea31b372,"[0, 3, 5, 7, 10, 12, 14, 17, 19]",{'scheduled_refresh': 9},False,0.31406131386756897,11.599818115913298,0.1832123600579555
texture_101,texture,early4,101,4,30.66081476956606,3641.49658203125,20,9,11,e56cb4d6c6c66cae09ead2cb329bfbac91a5b2051c1d53d5adc47aaeea31b372,"[0, 4, 5, 7, 10, 12, 14, 17, 19]",{'scheduled_refresh': 9},False,0.2949623167514801,11.458921103414617,0.18766851487502553
texture_101,texture,early1,101,1,29.771218340843916,3640.99658203125,20,9,11,e56cb4d6c6c66cae09ead2cb329bfbac91a5b2051c1d53d5adc47aaeea31b372,"[0, 1, 5, 7, 10, 12, 14, 17, 19]",{'scheduled_refresh': 9},False,0.3372909724712372,12.145646663850458,0.17777581308402268
texture_202,texture,early4,202,4,31.63988956809044,3641.49658203125,20,9,11,b77e77196e9252634bd52a792e7a9073a3877d2b5ae8e92c5cc4e3ab249d685f,"[0, 4, 5, 7, 10, 12, 14, 17, 19]",{'scheduled_refresh': 9},False,0.24469031393527985,11.146424248494633,0.19293517069099778
texture_202,texture,early1,202,1,31.279201239347458,3640.99658203125,20,9,11,b77e77196e9252634bd52a792e7a9073a3877d2b5ae8e92c5cc4e3ab249d685f,"[0, 1, 5, 7, 10, 12, 14, 17, 19]",{'scheduled_refresh': 9},False,0.21408720314502716,10.590194365794934,0.21108252332101463
texture_202,texture,early3,202,3,32.337336622178555,3641.24658203125,20,9,11,b77e77196e9252634bd52a792e7a9073a3877d2b5ae8e92c5cc4e3ab249d685f,"[0, 3, 5, 7, 10, 12, 14, 17, 19]",{'scheduled_refresh': 9},False,0.235041081905365,11.041894374799927,0.19713295331967423
glass_101,glass,early1,101,1,32.752919398248196,3640.99658203125,20,9,11,e56cb4d6c6c66cae09ead2cb329bfbac91a5b2051c1d53d5adc47aaeea31b372,"[0, 1, 5, 7, 10, 12, 14, 17, 19]",{'scheduled_refresh': 9},False,0.46765410900115967,14.766627586404113,0.12308847763959099
glass_101,glass,early3,101,3,32.73371958360076,3641.24658203125,20,9,11,e56cb4d6c6c66cae09ead2cb329bfbac91a5b2051c1d53d5adc47aaeea31b372,"[0, 3, 5, 7, 10, 12, 14, 17, 19]",{'scheduled_refresh': 9},False,0.5139444470405579,15.219493383713322,0.1126634086658752
glass_101,glass,early4,101,4,32.712040554732084,3641.49658203125,20,9,11,e56cb4d6c6c66cae09ead2cb329bfbac91a5b2051c1d53d5adc47aaeea31b372,"[0, 4, 5, 7, 10, 12, 14, 17, 19]",{'scheduled_refresh': 9},False,0.4950660169124603,14.982657855059504,0.12206100264405893
glass_202,glass,early3,202,3,32.577090837061405,3641.24658203125,20,9,11,b77e77196e9252634bd52a792e7a9073a3877d2b5ae8e92c5cc4e3ab249d685f,"[0, 3, 5, 7, 10, 12, 14, 17, 19]",{'scheduled_refresh': 9},False,0.5755141973495483,16.69347939904191,0.1000290964163986
glass_202,glass,early4,202,4,32.44322054833174,3641.49658203125,20,9,11,b77e77196e9252634bd52a792e7a9073a3877d2b5ae8e92c5cc4e3ab249d685f,"[0, 4, 5, 7, 10, 12, 14, 17, 19]",{'scheduled_refresh': 9},False,0.45516514778137207,15.108344043038022,0.122411401287403
glass_202,glass,early1,202,1,32.22409522905946,3640.99658203125,20,9,11,b77e77196e9252634bd52a792e7a9073a3877d2b5ae8e92c5cc4e3ab249d685f,"[0, 1, 5, 7, 10, 12, 14, 17, 19]",{'scheduled_refresh': 9},False,0.4323621988296509,14.616947943691212,0.132961308099086
