case,prompt_id,mode,seed,seconds,peak_allocated_mib,unet_calls,full_calls,reuse_calls,initial_latent_sha256,refresh_indices,dropped_refresh,refresh_reasons,nsfw_flag,ssim,psnr_db,mean_absolute_rgb_error
portrait_101,portrait,drop_early8,101,28.245427519083023,3638.74658203125,20,8,12,e56cb4d6c6c66cae09ead2cb329bfbac91a5b2051c1d53d5adc47aaeea31b372,"[0, 5, 7, 10, 12, 14, 17, 19]",2,{'scheduled_refresh': 8},False,0.6363569498062134,19.961655193052536,0.07381354437934028
portrait_101,portrait,drop_middle8,101,27.863326456397772,3638.12158203125,20,8,12,e56cb4d6c6c66cae09ead2cb329bfbac91a5b2051c1d53d5adc47aaeea31b372,"[0, 2, 5, 7, 12, 14, 17, 19]",10,{'scheduled_refresh': 8},False,0.6528617143630981,20.445013414904505,0.06905329585854524
portrait_101,portrait,drop_late8,101,28.09344531223178,3638.89501953125,20,8,12,e56cb4d6c6c66cae09ead2cb329bfbac91a5b2051c1d53d5adc47aaeea31b372,"[0, 2, 5, 7, 10, 12, 14, 19]",17,{'scheduled_refresh': 8},False,0.641952633857727,20.418931161610203,0.06902655308542688
portrait_202,portrait,drop_middle8,202,29.482436280697584,3638.12158203125,20,8,12,b77e77196e9252634bd52a792e7a9073a3877d2b5ae8e92c5cc4e3ab249d685f,"[0, 2, 5, 7, 12, 14, 17, 19]",10,{'scheduled_refresh': 8},False,0.4792676866054535,15.857572914105189,0.10627445894129137
portrait_202,portrait,drop_late8,202,29.533967040479183,3638.89501953125,20,8,12,b77e77196e9252634bd52a792e7a9073a3877d2b5ae8e92c5cc4e3ab249d685f,"[0, 2, 5, 7, 10, 12, 14, 19]",17,{'scheduled_refresh': 8},False,0.4696768522262573,15.803385206558913,0.10745399824154922
portrait_202,portrait,drop_early8,202,29.602145567536354,3638.74658203125,20,8,12,b77e77196e9252634bd52a792e7a9073a3877d2b5ae8e92c5cc4e3ab249d685f,"[0, 5, 7, 10, 12, 14, 17, 19]",2,{'scheduled_refresh': 8},False,0.40125271677970886,13.83508253126884,0.15511417762905944
people_101,people,drop_late8,101,29.009956661611795,3638.89501953125,20,8,12,e56cb4d6c6c66cae09ead2cb329bfbac91a5b2051c1d53d5adc47aaeea31b372,"[0, 2, 5, 7, 10, 12, 14, 19]",17,{'scheduled_refresh': 8},False,0.5893391370773315,15.737599943113697,0.10172769883099725
people_101,people,drop_early8,101,29.188335947692394,3638.74658203125,20,8,12,e56cb4d6c6c66cae09ead2cb329bfbac91a5b2051c1d53d5adc47aaeea31b372,"[0, 5, 7, 10, 12, 14, 17, 19]",2,{'scheduled_refresh': 8},False,0.40135619044303894,13.139890312548392,0.15172763899260877
people_101,people,drop_middle8,101,29.21878468990326,3638.12158203125,20,8,12,e56cb4d6c6c66cae09ead2cb329bfbac91a5b2051c1d53d5adc47aaeea31b372,"[0, 2, 5, 7, 12, 14, 17, 19]",10,{'scheduled_refresh': 8},False,0.5795717239379883,15.400881167912473,0.10539527843201082
people_202,people,drop_early8,202,29.012158680707216,3638.74658203125,20,8,12,b77e77196e9252634bd52a792e7a9073a3877d2b5ae8e92c5cc4e3ab249d685f,"[0, 5, 7, 10, 12, 14, 17, 19]",2,{'scheduled_refresh': 8},False,0.39048877358436584,12.71362559778019,0.16244444504282834
people_202,people,drop_middle8,202,29.215056095272303,3638.12158203125,20,8,12,b77e77196e9252634bd52a792e7a9073a3877d2b5ae8e92c5cc4e3ab249d685f,"[0, 2, 5, 7, 12, 14, 17, 19]",10,{'scheduled_refresh': 8},False,0.5224348306655884,15.078867573428543,0.11537802203807955
people_202,people,drop_late8,202,29.097804687917233,3638.89501953125,20,8,12,b77e77196e9252634bd52a792e7a9073a3877d2b5ae8e92c5cc4e3ab249d685f,"[0, 2, 5, 7, 10, 12, 14, 19]",17,{'scheduled_refresh': 8},False,0.511961042881012,15.115427701036943,0.11363925809174581
animal_101,animal,drop_middle8,101,30.65212382376194,3638.12158203125,20,8,12,e56cb4d6c6c66cae09ead2cb329bfbac91a5b2051c1d53d5adc47aaeea31b372,"[0, 2, 5, 7, 12, 14, 17, 19]",10,{'scheduled_refresh': 8},False,0.634768009185791,13.941138670443294,0.13396603952046315
animal_101,animal,drop_late8,101,30.610716082155704,3638.89501953125,20,8,12,e56cb4d6c6c66cae09ead2cb329bfbac91a5b2051c1d53d5adc47aaeea31b372,"[0, 2, 5, 7, 10, 12, 14, 19]",17,{'scheduled_refresh': 8},False,0.6222522854804993,13.822759271464903,0.13714690364264195
animal_101,animal,drop_early8,101,30.914849776774645,3638.74658203125,20,8,12,e56cb4d6c6c66cae09ead2cb329bfbac91a5b2051c1d53d5adc47aaeea31b372,"[0, 5, 7, 10, 12, 14, 17, 19]",2,{'scheduled_refresh': 8},False,0.48125627636909485,12.400293871645147,0.1609850565592448
animal_202,animal,drop_late8,202,29.234246477484703,3638.89501953125,20,8,12,b77e77196e9252634bd52a792e7a9073a3877d2b5ae8e92c5cc4e3ab249d685f,"[0, 2, 5, 7, 10, 12, 14, 19]",17,{'scheduled_refresh': 8},False,0.4213315546512604,11.958292919578588,0.1801419127221201
animal_202,animal,drop_early8,202,29.563463918864727,3638.74658203125,20,8,12,b77e77196e9252634bd52a792e7a9073a3877d2b5ae8e92c5cc4e3ab249d685f,"[0, 5, 7, 10, 12, 14, 17, 19]",2,{'scheduled_refresh': 8},False,0.45612838864326477,12.625808814683783,0.16581439348607283
animal_202,animal,drop_middle8,202,29.65586157515645,3638.12158203125,20,8,12,b77e77196e9252634bd52a792e7a9073a3877d2b5ae8e92c5cc4e3ab249d685f,"[0, 2, 5, 7, 12, 14, 17, 19]",10,{'scheduled_refresh': 8},False,0.4296785295009613,11.96532836397786,0.18040934543983608
interior_101,interior,drop_early8,101,30.001741129904985,3638.74658203125,20,8,12,e56cb4d6c6c66cae09ead2cb329bfbac91a5b2051c1d53d5adc47aaeea31b372,"[0, 5, 7, 10, 12, 14, 17, 19]",2,{'scheduled_refresh': 8},False,0.5661782026290894,14.510776456692282,0.11833119111902574
interior_101,interior,drop_middle8,101,30.0633192807436,3638.12158203125,20,8,12,e56cb4d6c6c66cae09ead2cb329bfbac91a5b2051c1d53d5adc47aaeea31b372,"[0, 2, 5, 7, 12, 14, 17, 19]",10,{'scheduled_refresh': 8},False,0.6046686172485352,16.87100449118399,0.08390159357606974
interior_101,interior,drop_late8,101,29.90907507017255,3638.89501953125,20,8,12,e56cb4d6c6c66cae09ead2cb329bfbac91a5b2051c1d53d5adc47aaeea31b372,"[0, 2, 5, 7, 10, 12, 14, 19]",17,{'scheduled_refresh': 8},False,0.5946006774902344,16.616545037585652,0.0868493024040671
interior_202,interior,drop_middle8,202,29.98662705346942,3638.12158203125,20,8,12,b77e77196e9252634bd52a792e7a9073a3877d2b5ae8e92c5cc4e3ab249d685f,"[0, 2, 5, 7, 12, 14, 17, 19]",10,{'scheduled_refresh': 8},False,0.6840309500694275,16.707528314326122,0.08165136599073224
interior_202,interior,drop_late8,202,29.938124295324087,3638.89501953125,20,8,12,b77e77196e9252634bd52a792e7a9073a3877d2b5ae8e92c5cc4e3ab249d685f,"[0, 2, 5, 7, 10, 12, 14, 19]",17,{'scheduled_refresh': 8},False,0.6874837875366211,16.61091660370744,0.08171067082024867
interior_202,interior,drop_early8,202,30.000792358070612,3638.74658203125,20,8,12,b77e77196e9252634bd52a792e7a9073a3877d2b5ae8e92c5cc4e3ab249d685f,"[0, 5, 7, 10, 12, 14, 17, 19]",2,{'scheduled_refresh': 8},False,0.5833523869514465,14.193117770262182,0.13092177147958792
architecture_101,architecture,drop_late8,101,29.797459974884987,3638.89501953125,20,8,12,e56cb4d6c6c66cae09ead2cb329bfbac91a5b2051c1d53d5adc47aaeea31b372,"[0, 2, 5, 7, 10, 12, 14, 19]",17,{'scheduled_refresh': 8},False,0.3280133903026581,10.935869570957708,0.20173075557534212
architecture_101,architecture,drop_early8,101,30.004736956208944,3638.74658203125,20,8,12,e56cb4d6c6c66cae09ead2cb329bfbac91a5b2051c1d53d5adc47aaeea31b372,"[0, 5, 7, 10, 12, 14, 17, 19]",2,{'scheduled_refresh': 8},False,0.2561589479446411,9.299878009144654,0.2432945450926139
architecture_101,architecture,drop_middle8,101,29.797691099345684,3638.12158203125,20,8,12,e56cb4d6c6c66cae09ead2cb329bfbac91a5b2051c1d53d5adc47aaeea31b372,"[0, 2, 5, 7, 12, 14, 17, 19]",10,{'scheduled_refresh': 8},False,0.33365580439567566,10.833742402623196,0.20288672353707107
architecture_202,architecture,drop_early8,202,30.554175179451704,3638.74658203125,20,8,12,b77e77196e9252634bd52a792e7a9073a3877d2b5ae8e92c5cc4e3ab249d685f,"[0, 5, 7, 10, 12, 14, 17, 19]",2,{'scheduled_refresh': 8},False,0.21197198331356049,9.940271994089388,0.2435550016515395
architecture_202,architecture,drop_middle8,202,30.30897894874215,3638.12158203125,20,8,12,b77e77196e9252634bd52a792e7a9073a3877d2b5ae8e92c5cc4e3ab249d685f,"[0, 2, 5, 7, 12, 14, 17, 19]",10,{'scheduled_refresh': 8},False,0.3135092854499817,10.47789522514162,0.21145215501972273
architecture_202,architecture,drop_late8,202,30.244465220719576,3638.89501953125,20,8,12,b77e77196e9252634bd52a792e7a9073a3877d2b5ae8e92c5cc4e3ab249d685f,"[0, 2, 5, 7, 10, 12, 14, 19]",17,{'scheduled_refresh': 8},False,0.30812397599220276,10.563124700878523,0.20936486237968496
nature_101,nature,drop_middle8,101,30.661629356443882,3638.12158203125,20,8,12,e56cb4d6c6c66cae09ead2cb329bfbac91a5b2051c1d53d5adc47aaeea31b372,"[0, 2, 5, 7, 12, 14, 17, 19]",10,{'scheduled_refresh': 8},False,0.7498746514320374,18.048072900575754,0.08629697413226359
nature_101,nature,drop_late8,101,30.27093431726098,3638.89501953125,20,8,12,e56cb4d6c6c66cae09ead2cb329bfbac91a5b2051c1d53d5adc47aaeea31b372,"[0, 2, 5, 7, 10, 12, 14, 19]",17,{'scheduled_refresh': 8},False,0.7422970533370972,17.79760072359378,0.08841659446167789
nature_101,nature,drop_early8,101,31.37879327312112,3638.74658203125,20,8,12,e56cb4d6c6c66cae09ead2cb329bfbac91a5b2051c1d53d5adc47aaeea31b372,"[0, 5, 7, 10, 12, 14, 17, 19]",2,{'scheduled_refresh': 8},False,0.5730375051498413,12.191821333009207,0.19322351692548764
nature_202,nature,drop_late8,202,29.207923255860806,3638.89501953125,20,8,12,b77e77196e9252634bd52a792e7a9073a3877d2b5ae8e92c5cc4e3ab249d685f,"[0, 2, 5, 7, 10, 12, 14, 19]",17,{'scheduled_refresh': 8},False,0.7504308819770813,19.77859054110069,0.06882816389495251
nature_202,nature,drop_early8,202,29.406989969313145,3638.74658203125,20,8,12,b77e77196e9252634bd52a792e7a9073a3877d2b5ae8e92c5cc4e3ab249d685f,"[0, 5, 7, 10, 12, 14, 17, 19]",2,{'scheduled_refresh': 8},False,0.45588329434394836,14.58986723263031,0.13869082880955116
nature_202,nature,drop_middle8,202,28.72926489636302,3638.12158203125,20,8,12,b77e77196e9252634bd52a792e7a9073a3877d2b5ae8e92c5cc4e3ab249d685f,"[0, 2, 5, 7, 12, 14, 17, 19]",10,{'scheduled_refresh': 8},False,0.7526267766952515,19.946871465799372,0.06753820780835121
objects_101,objects,drop_early8,101,29.53539587929845,3638.74658203125,20,8,12,e56cb4d6c6c66cae09ead2cb329bfbac91a5b2051c1d53d5adc47aaeea31b372,"[0, 5, 7, 10, 12, 14, 17, 19]",2,{'scheduled_refresh': 8},False,0.5132058262825012,12.89947351249782,0.16226957732555913
objects_101,objects,drop_middle8,101,29.624551501125097,3638.12158203125,20,8,12,e56cb4d6c6c66cae09ead2cb329bfbac91a5b2051c1d53d5adc47aaeea31b372,"[0, 2, 5, 7, 12, 14, 17, 19]",10,{'scheduled_refresh': 8},False,0.7126592993736267,17.386196471434253,0.08497723847432853
objects_101,objects,drop_late8,101,29.399035822600126,3638.89501953125,20,8,12,e56cb4d6c6c66cae09ead2cb329bfbac91a5b2051c1d53d5adc47aaeea31b372,"[0, 2, 5, 7, 10, 12, 14, 19]",17,{'scheduled_refresh': 8},False,0.702049970626831,17.295858516990453,0.08588678696576287
objects_202,objects,drop_middle8,202,28.656001448631287,3638.12158203125,20,8,12,b77e77196e9252634bd52a792e7a9073a3877d2b5ae8e92c5cc4e3ab249d685f,"[0, 2, 5, 7, 12, 14, 17, 19]",10,{'scheduled_refresh': 8},False,0.6432316303253174,18.408270043180785,0.0821434519649331
objects_202,objects,drop_late8,202,28.6402933485806,3638.89501953125,20,8,12,b77e77196e9252634bd52a792e7a9073a3877d2b5ae8e92c5cc4e3ab249d685f,"[0, 2, 5, 7, 10, 12, 14, 19]",17,{'scheduled_refresh': 8},False,0.647443950176239,18.682864512209648,0.07985036513384651
text_101,text,drop_late8,101,28.861730128526688,3638.89501953125,20,8,12,e56cb4d6c6c66cae09ead2cb329bfbac91a5b2051c1d53d5adc47aaeea31b372,"[0, 2, 5, 7, 10, 12, 14, 19]",17,{'scheduled_refresh': 8},False,0.5386239886283875,14.85329039851,0.12177862030228757
text_101,text,drop_early8,101,28.83401082456112,3638.74658203125,20,8,12,e56cb4d6c6c66cae09ead2cb329bfbac91a5b2051c1d53d5adc47aaeea31b372,"[0, 5, 7, 10, 12, 14, 17, 19]",2,{'scheduled_refresh': 8},False,0.49010366201400757,14.021003017043505,0.13587757684046928
text_101,text,drop_middle8,101,29.1270790733397,3638.12158203125,20,8,12,e56cb4d6c6c66cae09ead2cb329bfbac91a5b2051c1d53d5adc47aaeea31b372,"[0, 2, 5, 7, 12, 14, 17, 19]",10,{'scheduled_refresh': 8},False,0.5346024036407471,14.654027439763492,0.12438373939663756
text_202,text,drop_early8,202,29.281003016978502,3638.74658203125,20,8,12,b77e77196e9252634bd52a792e7a9073a3877d2b5ae8e92c5cc4e3ab249d685f,"[0, 5, 7, 10, 12, 14, 17, 19]",2,{'scheduled_refresh': 8},False,0.6135240793228149,16.465391429194945,0.09701095281862746
text_202,text,drop_middle8,202,29.013900235295296,3638.12158203125,20,8,12,b77e77196e9252634bd52a792e7a9073a3877d2b5ae8e92c5cc4e3ab249d685f,"[0, 2, 5, 7, 12, 14, 17, 19]",10,{'scheduled_refresh': 8},False,0.6471514105796814,16.80787900128498,0.09175337747810712
text_202,text,drop_late8,202,28.86637632548809,3638.89501953125,20,8,12,b77e77196e9252634bd52a792e7a9073a3877d2b5ae8e92c5cc4e3ab249d685f,"[0, 2, 5, 7, 10, 12, 14, 19]",17,{'scheduled_refresh': 8},False,0.6453134417533875,16.94732392488679,0.09008119371202257
texture_101,texture,drop_middle8,101,28.27600932493806,3638.12158203125,20,8,12,e56cb4d6c6c66cae09ead2cb329bfbac91a5b2051c1d53d5adc47aaeea31b372,"[0, 2, 5, 7, 12, 14, 17, 19]",10,{'scheduled_refresh': 8},False,0.3644585907459259,12.848035951761062,0.16736080194610395
texture_101,texture,drop_late8,101,28.33425571769476,3638.89501953125,20,8,12,e56cb4d6c6c66cae09ead2cb329bfbac91a5b2051c1d53d5adc47aaeea31b372,"[0, 2, 5, 7, 10, 12, 14, 19]",17,{'scheduled_refresh': 8},False,0.34413349628448486,12.705768935544848,0.1701430227242264
texture_101,texture,drop_early8,101,28.013488467782736,3638.74658203125,20,8,12,e56cb4d6c6c66cae09ead2cb329bfbac91a5b2051c1d53d5adc47aaeea31b372,"[0, 5, 7, 10, 12, 14, 17, 19]",2,{'scheduled_refresh': 8},False,0.22820131480693817,11.021869755285586,0.20266861759759244
texture_202,texture,drop_late8,202,29.233268450945616,3638.89501953125,20,8,12,b77e77196e9252634bd52a792e7a9073a3877d2b5ae8e92c5cc4e3ab249d685f,"[0, 2, 5, 7, 10, 12, 14, 19]",17,{'scheduled_refresh': 8},False,0.2596144378185272,10.772930535592629,0.20181504791858149
texture_202,texture,drop_early8,202,29.287835463881493,3638.74658203125,20,8,12,b77e77196e9252634bd52a792e7a9073a3877d2b5ae8e92c5cc4e3ab249d685f,"[0, 5, 7, 10, 12, 14, 17, 19]",2,{'scheduled_refresh': 8},False,0.1978411227464676,10.68682265450208,0.2082392424539803
texture_202,texture,drop_middle8,202,29.298634253442287,3638.12158203125,20,8,12,b77e77196e9252634bd52a792e7a9073a3877d2b5ae8e92c5cc4e3ab249d685f,"[0, 2, 5, 7, 12, 14, 17, 19]",10,{'scheduled_refresh': 8},False,0.26772788166999817,10.948374249168175,0.1989347669813368
glass_101,glass,drop_early8,101,30.00094895809889,3638.74658203125,20,8,12,e56cb4d6c6c66cae09ead2cb329bfbac91a5b2051c1d53d5adc47aaeea31b372,"[0, 5, 7, 10, 12, 14, 17, 19]",2,{'scheduled_refresh': 8},False,0.45779386162757874,14.441423011854047,0.1352994931289573
glass_101,glass,drop_middle8,101,29.82947178557515,3638.12158203125,20,8,12,e56cb4d6c6c66cae09ead2cb329bfbac91a5b2051c1d53d5adc47aaeea31b372,"[0, 2, 5, 7, 12, 14, 17, 19]",10,{'scheduled_refresh': 8},False,0.5061757564544678,15.195850985214967,0.11507544424019608
glass_101,glass,drop_late8,101,29.599848806858063,3638.89501953125,20,8,12,e56cb4d6c6c66cae09ead2cb329bfbac91a5b2051c1d53d5adc47aaeea31b372,"[0, 2, 5, 7, 10, 12, 14, 19]",17,{'scheduled_refresh': 8},False,0.5148047208786011,15.396212043148484,0.11137919706456802
glass_202,glass,drop_middle8,202,29.576815016567707,3638.12158203125,20,8,12,b77e77196e9252634bd52a792e7a9073a3877d2b5ae8e92c5cc4e3ab249d685f,"[0, 2, 5, 7, 12, 14, 17, 19]",10,{'scheduled_refresh': 8},False,0.45173996686935425,14.7794392260395,0.13163446164598652
glass_202,glass,drop_late8,202,29.34085263684392,3638.89501953125,20,8,12,b77e77196e9252634bd52a792e7a9073a3877d2b5ae8e92c5cc4e3ab249d685f,"[0, 2, 5, 7, 10, 12, 14, 19]",17,{'scheduled_refresh': 8},False,0.454362154006958,14.882779246100853,0.12892400704178156
glass_202,glass,drop_early8,202,29.641213055700064,3638.74658203125,20,8,12,b77e77196e9252634bd52a792e7a9073a3877d2b5ae8e92c5cc4e3ab249d685f,"[0, 5, 7, 10, 12, 14, 17, 19]",2,{'scheduled_refresh': 8},False,0.41966482996940613,15.08503815776632,0.12460324156518075
objects_202,objects,drop_early8,202,26.89086776599288,3061.2177734375,20,8,12,b77e77196e9252634bd52a792e7a9073a3877d2b5ae8e92c5cc4e3ab249d685f,"[0, 5, 7, 10, 12, 14, 17, 19]",2,{'scheduled_refresh': 8},,0.5198860764503479,15.500419687833183,0.12307631548713235
