prompt_id,seed,step,frontier,baseline_guided_noise_error,guided_noise_error,error_reduction,recovery_fraction,milliseconds,incremental_milliseconds,recomputed_wrapped_modules
animal,101,4,matched_0,0.09888575226068497,0.09758327156305313,0.001302480697631836,0.013171570907386186,1970.026123046875,1595.430908203125,13
animal,101,4,matched_01,0.09888575226068497,0.09553149342536926,0.0033542588353157043,0.03392054728443717,2418.606689453125,2044.011474609375,27
animal,101,4,matched_012,0.09888575226068497,0.06624501943588257,0.0326407328248024,0.33008529619872967,2695.678466796875,2321.083251953125,41
animal,101,4,matched_0123,0.09888575226068497,0.06375089287757874,0.03513485938310623,0.35530760073992135,2780.3828125,2405.78759765625,49
animal,101,4,full_unet,0.09888575226068497,0.0,0.09888575226068497,1.0,2804.142333984375,2429.547119140625,50
animal,101,9,matched_0,0.1005062386393547,0.09739077836275101,0.0031154602766036987,0.03099768052989095,2391.65771484375,1965.0302734375,13
animal,101,9,matched_01,0.1005062386393547,0.08617348968982697,0.01433274894952774,0.14260556502325958,2799.729736328125,2373.102294921875,27
animal,101,9,matched_012,0.1005062386393547,0.03757631778717041,0.0629299208521843,0.626129499065177,3017.896240234375,2591.268798828125,41
animal,101,9,matched_0123,0.1005062386393547,0.02984747476875782,0.07065876387059689,0.7030286361042806,3142.56884765625,2715.94140625,49
animal,101,9,full_unet,0.1005062386393547,0.0,0.1005062386393547,1.0,3125.07177734375,2698.4443359375,50
animal,202,4,matched_0,0.07359253615140915,0.07737017422914505,-0.003777638077735901,-0.051331809926536506,1845.0625,1464.2366943359375,13
animal,202,4,matched_01,0.07359253615140915,0.08083983510732651,-0.007247298955917358,-0.09847872263848577,2228.625,1847.7991943359375,27
animal,202,4,matched_012,0.07359253615140915,0.03904140740633011,0.03455112874507904,0.46949229571316325,2492.361083984375,2111.5352783203125,41
animal,202,4,matched_0123,0.07359253615140915,0.04139651358127594,0.03219602257013321,0.4374903251586978,2519.658203125,2138.8323974609375,49
animal,202,4,full_unet,0.07359253615140915,0.0,0.07359253615140915,1.0,2567.78125,2186.9554443359375,50
animal,202,9,matched_0,0.1601426601409912,0.16304782032966614,-0.0029051601886749268,-0.018141076126231413,2105.3583984375,1720.9617614746094,13
animal,202,9,matched_01,0.1601426601409912,0.13720984756946564,0.022932812571525574,0.14320239560985995,2512.615234375,2128.2185974121094,27
animal,202,9,matched_012,0.1601426601409912,0.0452665314078331,0.11487612873315811,0.7173362090527284,2778.229248046875,2393.8326110839844,41
animal,202,9,matched_0123,0.1601426601409912,0.03923783823847771,0.1209048219025135,0.7549819754215877,2850.509521484375,2466.1128845214844,49
animal,202,9,full_unet,0.1601426601409912,0.0,0.1601426601409912,1.0,2870.086181640625,2485.6895446777344,50
architecture,101,4,matched_0,0.07204380631446838,0.07052724808454514,0.0015165582299232483,0.02105050118123314,1817.2967529296875,1448.1673278808594,13
architecture,101,4,matched_01,0.07204380631446838,0.07315260916948318,-0.001108802855014801,-0.01539067564219081,2170.6865234375,1801.5570983886719,27
architecture,101,4,matched_012,0.07204380631446838,0.021947141736745834,0.05009666457772255,0.6953639339800091,2471.104248046875,2101.974822998047,41
architecture,101,4,matched_0123,0.07204380631446838,0.019950106739997864,0.05209369957447052,0.723083665889106,2533.02197265625,2163.892547607422,49
architecture,101,4,full_unet,0.07204380631446838,0.0,0.07204380631446838,1.0,2585.45654296875,2216.327117919922,50
architecture,101,9,matched_0,0.2267543375492096,0.23324212431907654,-0.006487786769866943,-0.028611522231450068,2007.01123046875,1635.1641845703125,13
architecture,101,9,matched_01,0.2267543375492096,0.22693614661693573,-0.00018180906772613525,-0.0008017887097162125,2435.19384765625,2063.3468017578125,27
architecture,101,9,matched_012,0.2267543375492096,0.1365518569946289,0.09020248055458069,0.39779825836850946,2712.412109375,2340.5650634765625,41
architecture,101,9,matched_0123,0.2267543375492096,0.11772255599498749,0.1090317815542221,0.4808365861162869,2798.95703125,2427.1099853515625,49
architecture,101,9,full_unet,0.2267543375492096,0.0,0.2267543375492096,1.0,2842.2998046875,2470.4527587890625,50
architecture,202,4,matched_0,0.08372260630130768,0.0836811512708664,4.145503044128418e-05,0.0004951473953413785,1815.669189453125,1447.4251403808594,13
architecture,202,4,matched_01,0.08372260630130768,0.08657823503017426,-0.002855628728866577,-0.034108215869313833,2208.539306640625,1840.2952575683594,27
architecture,202,4,matched_012,0.08372260630130768,0.04825300723314285,0.035469599068164825,0.42365617406264167,2444.4794921875,2076.2354431152344,41
architecture,202,4,matched_0123,0.08372260630130768,0.04183220490813255,0.041890401393175125,0.5003475553832685,2515.43359375,2147.1895446777344,49
architecture,202,4,full_unet,0.08372260630130768,0.0,0.08372260630130768,1.0,2559.48388671875,2191.2398376464844,50
architecture,202,9,matched_0,0.15523572266101837,0.16462555527687073,-0.009389832615852356,-0.060487576280084276,2088.104248046875,1703.5901489257812,13
architecture,202,9,matched_01,0.15523572266101837,0.1560264527797699,-0.0007907301187515259,-0.005093738124170102,2531.1328125,2146.6187133789062,27
architecture,202,9,matched_012,0.15523572266101837,0.07773926854133606,0.07749645411968231,0.4992179170570682,2786.825439453125,2402.3113403320312,41
architecture,202,9,matched_0123,0.15523572266101837,0.0695105567574501,0.08572516590356827,0.552225766299698,2868.441650390625,2483.9275512695312,49
architecture,202,9,full_unet,0.15523572266101837,0.0,0.15523572266101837,1.0,2858.687744140625,2474.1736450195312,50
glass,101,4,matched_0,0.09895934909582138,0.0993817001581192,-0.00042235106229782104,-0.004267924821219899,2008.70458984375,1634.5079956054688,13
glass,101,4,matched_01,0.09895934909582138,0.10404133796691895,-0.005081988871097565,-0.051354307779214715,2426.318359375,2052.1217651367188,27
glass,101,4,matched_012,0.09895934909582138,0.06643771380186081,0.03252163529396057,0.3286363096676211,2699.88671875,2325.6901245117188,41
glass,101,4,matched_0123,0.09895934909582138,0.06407354772090912,0.03488580137491226,0.35252658484174826,2764.9912109375,2390.7946166992188,49
glass,101,4,full_unet,0.09895934909582138,0.0,0.09895934909582138,1.0,2766.142578125,2391.9459838867188,50
glass,101,9,matched_0,0.06391917914152145,0.06455499678850174,-0.0006358176469802856,-0.009947212331568615,2278.445068359375,1866.3151245117188,13
glass,101,9,matched_01,0.06391917914152145,0.05575363710522652,0.008165542036294937,0.12774791769800212,2709.110107421875,2296.9801635742188,27
glass,101,9,matched_012,0.06391917914152145,0.01959732547402382,0.044321853667497635,0.6934046128684789,2927.748779296875,2515.6188354492188,41
glass,101,9,matched_0123,0.06391917914152145,0.018103789538145065,0.04581538960337639,0.7167706190647093,2965.40478515625,2553.2748413085938,49
glass,101,9,full_unet,0.06391917914152145,0.0,0.06391917914152145,1.0,3049.59521484375,2637.4652709960938,50
glass,202,4,matched_0,0.08817935734987259,0.08627360314130783,0.0019057542085647583,0.021612248782934818,1834.871826171875,1468.6435852050781,13
glass,202,4,matched_01,0.08817935734987259,0.09450435638427734,-0.006324999034404755,-0.0717287948619178,2243.870849609375,1877.6426086425781,27
glass,202,4,matched_012,0.08817935734987259,0.0686475858092308,0.019531771540641785,0.2215004977088326,2546.35791015625,2180.129669189453,41
glass,202,4,matched_0123,0.08817935734987259,0.06876413524150848,0.019415222108364105,0.22017876623130275,2581.911865234375,2215.683624267578,49
glass,202,4,full_unet,0.08817935734987259,0.0,0.08817935734987259,1.0,2679.120361328125,2312.892120361328,50
glass,202,9,matched_0,0.1141652911901474,0.12180863320827484,-0.007643342018127441,-0.06694978778968043,2283.3515625,1884.7278137207031,13
glass,202,9,matched_01,0.1141652911901474,0.11750778555870056,-0.0033424943685531616,-0.029277675672775956,2669.05419921875,2270.430450439453,27
glass,202,9,matched_012,0.1141652911901474,0.06169566884636879,0.05246962234377861,0.45959347010632245,2950.328857421875,2551.705108642578,41
glass,202,9,matched_0123,0.1141652911901474,0.054253458976745605,0.059911832213401794,0.5247814952235873,3012.377197265625,2613.753448486328,49
glass,202,9,full_unet,0.1141652911901474,0.0,0.1141652911901474,1.0,3032.548583984375,2633.924835205078,50
interior,101,4,matched_0,0.09249567985534668,0.096163809299469,-0.0036681294441223145,-0.03965730561534198,1870.2764892578125,1496.5448303222656,13
interior,101,4,matched_01,0.09249567985534668,0.1053016409277916,-0.012805961072444916,-0.13844928857728345,2247.923583984375,1874.1919250488281,27
interior,101,4,matched_012,0.09249567985534668,0.12206325680017471,-0.029567576944828033,-0.319664410176438,2532.252685546875,2158.521026611328,41
interior,101,4,matched_0123,0.09249567985534668,0.1163674145936966,-0.023871734738349915,-0.25808486164632494,2601.366943359375,2227.635284423828,49
interior,101,4,full_unet,0.09249567985534668,0.0,0.09249567985534668,1.0,2638.069580078125,2264.337921142578,50
interior,101,9,matched_0,0.1587284356355667,0.1599026769399643,-0.001174241304397583,-0.007397800524498255,2145.738037109375,1747.2110290527344,13
interior,101,9,matched_01,0.1587284356355667,0.10942479223012924,0.04930364340543747,0.3106163253485116,2518.31884765625,2119.7918395996094,27
interior,101,9,matched_012,0.1587284356355667,0.05116364732384682,0.1075647883117199,0.6776655227591594,2758.7958984375,2360.2688903808594,41
interior,101,9,matched_0123,0.1587284356355667,0.041970450431108475,0.11675798520445824,0.7355832919095182,2878.0986328125,2479.5716247558594,49
interior,101,9,full_unet,0.1587284356355667,0.0,0.1587284356355667,1.0,2891.511474609375,2492.9844665527344,50
interior,202,4,matched_0,0.09350889176130295,0.09421250969171524,-0.0007036179304122925,-0.0075246098756939035,1834.4168701171875,1467.7904052734375,13
interior,202,4,matched_01,0.09350889176130295,0.10657572001218796,-0.01306682825088501,-0.1397388847708758,2236.783935546875,1870.157470703125,27
interior,202,4,matched_012,0.09350889176130295,0.10700175166130066,-0.013492859899997711,-0.14429493972017643,2499.99267578125,2133.3662109375,41
interior,202,4,matched_0123,0.09350889176130295,0.10911191254854202,-0.015603020787239075,-0.16686135931402535,2561.54833984375,2194.921875,49
interior,202,4,full_unet,0.09350889176130295,0.0,0.09350889176130295,1.0,2622.44677734375,2255.8203125,50
interior,202,9,matched_0,0.07938482612371445,0.0787835419178009,0.0006012842059135437,0.007574296440184851,2108.395263671875,1726.6572265625,13
interior,202,9,matched_01,0.07938482612371445,0.07484550774097443,0.004539318382740021,0.057181184420129386,2532.469482421875,2150.7314453125,27
interior,202,9,matched_012,0.07938482612371445,0.04148412495851517,0.03790070116519928,0.47743004571345016,2763.579833984375,2381.841796875,41
interior,202,9,matched_0123,0.07938482612371445,0.035282015800476074,0.04410281032323837,0.5555571823575947,2816.985107421875,2435.2470703125,49
interior,202,9,full_unet,0.07938482612371445,0.0,0.07938482612371445,1.0,2850.260009765625,2468.52197265625,50
nature,101,4,matched_0,0.04788589105010033,0.0458381287753582,0.0020477622747421265,0.04276337413455808,1903.623291015625,1537.93896484375,13
nature,101,4,matched_01,0.04788589105010033,0.04242599382996559,0.005459897220134735,0.11401891246885958,2327.3623046875,1961.677978515625,27
nature,101,4,matched_012,0.04788589105010033,0.015598909929394722,0.032286981120705605,0.6742483101531,2577.318603515625,2211.63427734375,41
nature,101,4,matched_0123,0.04788589105010033,0.016318917274475098,0.03156697377562523,0.659212412745927,2645.4658203125,2279.781494140625,49
nature,101,4,full_unet,0.04788589105010033,0.0,0.04788589105010033,1.0,2669.668212890625,2303.98388671875,50
nature,101,9,matched_0,0.05118685960769653,0.0479775108397007,0.0032093487679958344,0.06269868463493845,2180.5009765625,1799.4541015625,13
nature,101,9,matched_01,0.05118685960769653,0.04654531180858612,0.004641547799110413,0.090678502933837,2577.20458984375,2196.15771484375,27
nature,101,9,matched_012,0.05118685960769653,0.015871265903115273,0.03531559370458126,0.6899347601170507,2810.2509765625,2429.2041015625,41
nature,101,9,matched_0123,0.05118685960769653,0.014143845066428185,0.03704301454126835,0.7236821095330198,2897.984375,2516.9375,49
nature,101,9,full_unet,0.05118685960769653,0.0,0.05118685960769653,1.0,2930.232666015625,2549.185791015625,50
nature,202,4,matched_0,0.04916190356016159,0.047078557312488556,0.0020833462476730347,0.04237724939034453,1864.3671875,1497.58642578125,13
nature,202,4,matched_01,0.04916190356016159,0.04043472930788994,0.008727174252271652,0.17751904666571391,2279.208984375,1912.42822265625,27
nature,202,4,matched_012,0.04916190356016159,0.019550930708646774,0.029610972851514816,0.6023154253024104,2509.3154296875,2142.53466796875,41
nature,202,4,matched_0123,0.04916190356016159,0.01695224642753601,0.03220965713262558,0.6551751417275615,2568.015869140625,2201.235107421875,49
nature,202,4,full_unet,0.04916190356016159,0.0,0.04916190356016159,1.0,2607.646484375,2240.86572265625,50
nature,202,9,matched_0,0.04820374771952629,0.042726363986730576,0.005477383732795715,0.11362983153645845,2019.9498291015625,1652.6681213378906,13
nature,202,9,matched_01,0.04820374771952629,0.03682161867618561,0.011382129043340683,0.2361253965058412,2439.4306640625,2072.148956298828,27
nature,202,9,matched_012,0.04820374771952629,0.015048929490149021,0.03315481822937727,0.6878058200430539,2721.89111328125,2354.609405517578,41
nature,202,9,matched_0123,0.04820374771952629,0.013543374836444855,0.034660372883081436,0.7190389652844621,2759.929443359375,2392.647735595703,49
nature,202,9,full_unet,0.04820374771952629,0.0,0.04820374771952629,1.0,2777.214599609375,2409.932891845703,50
objects,101,4,matched_0,0.16595271229743958,0.16179712116718292,0.004155591130256653,0.02504081477625098,1900.6800537109375,1533.545166015625,13
objects,101,4,matched_01,0.16595271229743958,0.1534288376569748,0.012523874640464783,0.07546652577764473,2290.669189453125,1923.5343017578125,27
objects,101,4,matched_012,0.16595271229743958,0.11883573979139328,0.047116972506046295,0.28391806228269306,2584.93701171875,2217.8021240234375,41
objects,101,4,matched_0123,0.16595271229743958,0.12047822028398514,0.04547449201345444,0.2740207820885133,2630.803955078125,2263.6690673828125,49
objects,101,4,full_unet,0.16595271229743958,0.0,0.16595271229743958,1.0,2679.2568359375,2312.1219482421875,50
objects,101,9,matched_0,0.06973762810230255,0.06711792945861816,0.002619698643684387,0.037565066592763735,2222.239501953125,1816.9000854492188,13
objects,101,9,matched_01,0.06973762810230255,0.05476047843694687,0.014977149665355682,0.2147642538599786,2619.602783203125,2214.2633666992188,27
objects,101,9,matched_012,0.06973762810230255,0.028485024347901344,0.04125260375440121,0.5915401036279173,2807.537841796875,2402.1984252929688,41
objects,101,9,matched_0123,0.06973762810230255,0.02241572178900242,0.04732190631330013,0.6785706311072213,2895.296142578125,2489.9567260742188,49
objects,101,9,full_unet,0.06973762810230255,0.0,0.06973762810230255,1.0,2931.62548828125,2526.2860717773438,50
objects,202,4,matched_0,0.103103868663311,0.10541370511054993,-0.002309836447238922,-0.02240300463197717,1770.212158203125,1415.6059875488281,13
objects,202,4,matched_01,0.103103868663311,0.10433424264192581,-0.0012303739786148071,-0.011933344447361455,2131.664794921875,1777.0586242675781,27
objects,202,4,matched_012,0.103103868663311,0.06313707679510117,0.03996679186820984,0.3876362001383545,2331.469970703125,1976.8638000488281,41
objects,202,4,matched_0123,0.103103868663311,0.06189688295125961,0.04120698571205139,0.39966478703737224,2394.6640625,2040.0578918457031,49
objects,202,4,full_unet,0.103103868663311,0.0,0.103103868663311,1.0,2418.0595703125,2063.453399658203,50
objects,202,9,matched_0,0.13834348320960999,0.14598329365253448,-0.0076398104429244995,-0.05522349347926352,2069.887451171875,1699.7849731445312,13
objects,202,9,matched_01,0.13834348320960999,0.14383748173713684,-0.0054939985275268555,-0.03971273817938117,2472.443603515625,2102.3411254882812,27
objects,202,9,matched_012,0.13834348320960999,0.06530747562646866,0.07303600758314133,0.5279324033823944,2688.6298828125,2318.5274047851562,41
objects,202,9,matched_0123,0.13834348320960999,0.059592463076114655,0.07875102013349533,0.5692427160748611,2753.249755859375,2383.1472778320312,49
objects,202,9,full_unet,0.13834348320960999,0.0,0.13834348320960999,1.0,2776.00732421875,2405.9048461914062,50
people,101,4,matched_0,0.08792447298765182,0.09075817465782166,-0.0028337016701698303,-0.03222881609501142,1792.168212890625,1433.7925109863281,13
people,101,4,matched_01,0.08792447298765182,0.09944026917219162,-0.011515796184539795,-0.13097372998934076,2184.3525390625,1825.9768371582031,27
people,101,4,matched_012,0.08792447298765182,0.06976857781410217,0.018155895173549652,0.20649421664545523,2431.936279296875,2073.560577392578,41
people,101,4,matched_0123,0.08792447298765182,0.06372459977865219,0.024199873208999634,0.2752347826116431,2495.49853515625,2137.122833251953,49
people,101,4,full_unet,0.08792447298765182,0.0,0.08792447298765182,1.0,2593.151123046875,2234.775421142578,50
people,101,9,matched_0,0.20442071557044983,0.2147338092327118,-0.010313093662261963,-0.050450335395229286,2192.019775390625,1800.0249633789062,13
people,101,9,matched_01,0.20442071557044983,0.2254503220319748,-0.021029606461524963,-0.10287414562090944,2630.20947265625,2238.2146606445312,27
people,101,9,matched_012,0.20442071557044983,0.11668013036251068,0.08774058520793915,0.429215722893314,2885.383544921875,2493.3887329101562,41
people,101,9,matched_0123,0.20442071557044983,0.10679357498884201,0.09762714058160782,0.4775794875248953,2955.58203125,2563.5872192382812,49
people,101,9,full_unet,0.20442071557044983,0.0,0.20442071557044983,1.0,2997.081298828125,2605.0864868164062,50
people,202,4,matched_0,0.11157480627298355,0.11721909046173096,-0.005644284188747406,-0.050587443324238146,1878.901123046875,1498.2887573242188,13
people,202,4,matched_01,0.11157480627298355,0.11561109125614166,-0.004036284983158112,-0.03617559481378591,2299.98583984375,1919.3734741210938,27
people,202,4,matched_012,0.11157480627298355,0.09404106438159943,0.017533741891384125,0.15714785870643005,2618.20947265625,2237.5971069335938,41
people,202,4,matched_0123,0.11157480627298355,0.09249483793973923,0.019079968333244324,0.17100606284327738,2670.2275390625,2289.6151733398438,49
people,202,4,full_unet,0.11157480627298355,0.0,0.11157480627298355,1.0,2701.969482421875,2321.3571166992188,50
people,202,9,matched_0,0.11952675879001617,0.11689680814743042,0.0026299506425857544,0.022003028185563323,2165.455810546875,1762.7199096679688,13
people,202,9,matched_01,0.11952675879001617,0.1108628362417221,0.008663922548294067,0.0724852128176151,2586.05810546875,2183.3222045898438,27
people,202,9,matched_012,0.11952675879001617,0.06859266757965088,0.050934091210365295,0.42613128412396734,2864.076171875,2461.3402709960938,41
people,202,9,matched_0123,0.11952675879001617,0.05635400861501694,0.06317275017499924,0.5285239122561728,2961.30419921875,2558.5682983398438,49
people,202,9,full_unet,0.11952675879001617,0.0,0.11952675879001617,1.0,3002.424072265625,2599.6881713867188,50
portrait,101,4,matched_0,0.09339171648025513,0.0994362160563469,-0.006044499576091766,-0.0647220096588512,1832.0142822265625,1475.8356323242188,13
portrait,101,4,matched_01,0.09339171648025513,0.12753179669380188,-0.03414008021354675,-0.365557904921521,2252.473388671875,1896.2947387695312,27
portrait,101,4,matched_012,0.09339171648025513,0.07271561026573181,0.020676106214523315,0.22139122176745363,2517.327880859375,2161.1492309570312,41
portrait,101,4,matched_0123,0.09339171648025513,0.06757659465074539,0.025815121829509735,0.2764176824501086,2577.669921875,2221.4912719726562,49
portrait,101,4,full_unet,0.09339171648025513,0.0,0.09339171648025513,1.0,2597.3408203125,2241.1621704101562,50
portrait,101,9,matched_0,0.041792478412389755,0.0402095764875412,0.0015829019248485565,0.03787528246660028,2161.700439453125,1778.3440856933594,13
portrait,101,9,matched_01,0.041792478412389755,0.03900625556707382,0.0027862228453159332,0.06666804533157174,2547.678955078125,2164.3226013183594,27
portrait,101,9,matched_012,0.041792478412389755,0.0241995919495821,0.017592886462807655,0.42095819944461793,2742.694580078125,2359.3382263183594,41
portrait,101,9,matched_0123,0.041792478412389755,0.01944516971707344,0.022347308695316315,0.5347208288248169,2802.6865234375,2419.3301696777344,49
portrait,101,9,full_unet,0.041792478412389755,0.0,0.041792478412389755,1.0,2825.46630859375,2442.1099548339844,50
portrait,202,4,matched_0,0.07886802405118942,0.07529247552156448,0.003575548529624939,0.045335845200131085,1840.3182373046875,1484.1643371582031,13
portrait,202,4,matched_01,0.07886802405118942,0.07908356189727783,-0.00021553784608840942,-0.0027328926859954577,2230.7197265625,1874.5658264160156,27
portrait,202,4,matched_012,0.07886802405118942,0.06774250417947769,0.011125519871711731,0.14106502610602611,2448.68017578125,2092.5262756347656,41
portrait,202,4,matched_0123,0.07886802405118942,0.06336905062198639,0.015498973429203033,0.1965178361656861,2514.202880859375,2158.0489807128906,49
portrait,202,4,full_unet,0.07886802405118942,0.0,0.07886802405118942,1.0,2551.181884765625,2195.0279846191406,50
portrait,202,9,matched_0,0.07129688560962677,0.06980599462985992,0.0014908909797668457,0.020911025313643434,2163.7275390625,1777.838623046875,13
portrait,202,9,matched_01,0.07129688560962677,0.061684560030698776,0.009612325578927994,0.13482111450924444,2558.423828125,2172.534912109375,27
portrait,202,9,matched_012,0.07129688560962677,0.0275355726480484,0.04376131296157837,0.6137899655419108,2761.185546875,2375.296630859375,41
portrait,202,9,matched_0123,0.07129688560962677,0.026074573397636414,0.045222312211990356,0.6342817337014827,2824.59619140625,2438.707275390625,49
portrait,202,9,full_unet,0.07129688560962677,0.0,0.07129688560962677,1.0,2846.739990234375,2460.85107421875,50
text,101,4,matched_0,0.10649028420448303,0.11418219655752182,-0.007691912353038788,-0.07223111864617386,1784.430908203125,1427.1550598144531,13
text,101,4,matched_01,0.10649028420448303,0.12511326372623444,-0.018622979521751404,-0.17487961142062022,2163.343994140625,1806.0681457519531,27
text,101,4,matched_012,0.10649028420448303,0.11787553131580353,-0.011385247111320496,-0.10691348226152259,2430.254150390625,2072.978302001953,41
text,101,4,matched_0123,0.10649028420448303,0.12064036726951599,-0.014150083065032959,-0.1328767518157987,2544.736572265625,2187.460723876953,49
text,101,4,full_unet,0.10649028420448303,0.0,0.10649028420448303,1.0,2701.0849609375,2343.809112548828,50
text,101,9,matched_0,0.12293250858783722,0.12628719210624695,-0.003354683518409729,-0.02728882341169142,2356.156005859375,1919.3291931152344,13
text,101,9,matched_01,0.12293250858783722,0.12447384744882584,-0.001541338860988617,-0.012538090035698782,2728.95849609375,2292.1316833496094,27
text,101,9,matched_012,0.12293250858783722,0.06564994156360626,0.05728256702423096,0.46596760842394797,2929.625,2492.7981872558594,41
text,101,9,matched_0123,0.12293250858783722,0.053495656698942184,0.06943685188889503,0.5648371833173916,3037.7568359375,2600.9300231933594,49
text,101,9,full_unet,0.12293250858783722,0.0,0.12293250858783722,1.0,2981.03466796875,2544.2078552246094,50
text,202,4,matched_0,0.0710996463894844,0.07500471919775009,-0.003905072808265686,-0.054923941349492335,1871.8931884765625,1497.7901916503906,13
text,202,4,matched_01,0.0710996463894844,0.08191169798374176,-0.010812051594257355,-0.15206899250987627,2280.437744140625,1906.3347473144531,27
text,202,4,matched_012,0.0710996463894844,0.07515108585357666,-0.004051439464092255,-0.056982554342091075,2531.685546875,2157.582550048828,41
text,202,4,matched_0123,0.0710996463894844,0.07593925297260284,-0.004839606583118439,-0.06806794166889434,2601.8583984375,2227.755401611328,49
text,202,4,full_unet,0.0710996463894844,0.0,0.0710996463894844,1.0,2659.887939453125,2285.784942626953,50
text,202,9,matched_0,0.07305076718330383,0.0689191222190857,0.00413164496421814,0.0565585430999067,2103.68359375,1713.1540222167969,13
text,202,9,matched_01,0.07305076718330383,0.0582321472465992,0.014818619936704636,0.2028537208859254,2462.947998046875,2072.418426513672,27
text,202,9,matched_012,0.07305076718330383,0.02497916668653488,0.04807160049676895,0.6580574352647728,2757.384033203125,2366.854461669922,41
text,202,9,matched_0123,0.07305076718330383,0.02147676609456539,0.05157400108873844,0.7060021828289021,2832.234130859375,2441.704559326172,49
text,202,9,full_unet,0.07305076718330383,0.0,0.07305076718330383,1.0,2824.052490234375,2433.522918701172,50
texture,101,4,matched_0,0.06398778408765793,0.06600939482450485,-0.002021610736846924,-0.03159369816709836,1852.6414794921875,1471.3330993652344,13
texture,101,4,matched_01,0.06398778408765793,0.07382488995790482,-0.009837105870246887,-0.15373412301277495,2248.188720703125,1866.8803405761719,27
texture,101,4,matched_012,0.06398778408765793,0.026480091735720634,0.037507692351937294,0.5861695773142399,2511.6640625,2130.355682373047,41
texture,101,4,matched_0123,0.06398778408765793,0.02054404839873314,0.04344373568892479,0.678937961492939,2556.25,2174.941619873047,49
texture,101,4,full_unet,0.06398778408765793,0.0,0.06398778408765793,1.0,2607.359619140625,2226.051239013672,50
texture,101,9,matched_0,0.26876288652420044,0.28605058789253235,-0.01728770136833191,-0.06432324638236558,2173.849609375,1762.23193359375,13
texture,101,9,matched_01,0.26876288652420044,0.2624237835407257,0.0063391029834747314,0.023586228982192207,2619.961669921875,2208.343994140625,27
texture,101,9,matched_012,0.26876288652420044,0.11334788054227829,0.15541500598192215,0.5782606668347714,2874.60009765625,2462.982421875,41
texture,101,9,matched_0123,0.26876288652420044,0.08592385053634644,0.182839035987854,0.680298676474404,2928.7255859375,2517.10791015625,49
texture,101,9,full_unet,0.26876288652420044,0.0,0.26876288652420044,1.0,2955.105224609375,2543.487548828125,50
texture,202,4,matched_0,0.15356984734535217,0.1620776504278183,-0.008507803082466125,-0.05540021839921179,1827.83447265625,1457.7747802734375,13
texture,202,4,matched_01,0.15356984734535217,0.17458854615688324,-0.021018698811531067,-0.1368673549844953,2249.196044921875,1879.1363525390625,27
texture,202,4,matched_012,0.15356984734535217,0.1408618539571762,0.012707993388175964,0.08275057641750384,2685.9267578125,2315.8670654296875,41
texture,202,4,matched_0123,0.15356984734535217,0.12707926332950592,0.026490584015846252,0.17249860225668837,2741.757568359375,2371.6978759765625,49
texture,202,4,full_unet,0.15356984734535217,0.0,0.15356984734535217,1.0,2818.72216796875,2448.6624755859375,50
texture,202,9,matched_0,0.17773215472698212,0.19590044021606445,-0.018168285489082336,-0.1022228392886532,2305.5869140625,1879.8699645996094,13
texture,202,9,matched_01,0.17773215472698212,0.15659688413143158,0.021135270595550537,0.1189164145790999,2808.414306640625,2382.6973571777344,27
texture,202,9,matched_012,0.17773215472698212,0.05466657131910324,0.12306558340787888,0.6924216025902705,3027.078369140625,2601.3614196777344,41
texture,202,9,matched_0123,0.17773215472698212,0.04646335169672966,0.13126880303025246,0.7385765576965916,3098.048583984375,2672.3316345214844,49
texture,202,9,full_unet,0.17773215472698212,0.0,0.17773215472698212,1.0,3090.077880859375,2664.3609313964844,50
