prompt_id,category,mode,branch_id,ssim,psnr_db,mean_absolute_rgb_error,lpips,dists,mean_reuse_guided_error,deployment_ms,estimated_speedup
animal_01,animal,branch_00,0,0.6876106262207031,18.509225810108525,0.07357963174581528,0.49562907218933105,0.16103315353393555,0.14339544468869767,27867.284790039062,2.0830587144405515
animal_01,animal,branch_01,1,0.7791090607643127,19.536688162136052,0.063078872859478,0.21055489778518677,0.1053234338760376,0.10717095357055466,38549.855712890625,1.5170046735023637
animal_01,animal,branch_03,3,0.7733810544013977,19.630853587575956,0.06313681602478027,0.2187533676624298,0.10990941524505615,0.09047810950626929,50251.73937988281,1.1499181213480665
animal_01,animal,branch_08,8,0.8213924765586853,20.098165930047394,0.06007279455661774,0.1782025396823883,0.08566808700561523,0.034249378833919764,57048.0087890625,1.0215637233723152
animal_01,animal,branch_10,10,0.795611560344696,19.11890139596052,0.06807118654251099,0.20593972504138947,0.10286939144134521,0.03374008329895636,58088.865966796875,1.0086979769156308
architecture_01,architecture,branch_00,0,0.42082276940345764,13.60254352922292,0.145656019449234,0.3655323088169098,0.20006799697875977,0.07147724802295367,27167.33364868164,2.072109600414376
architecture_01,architecture,branch_01,1,0.4496048092842102,14.311647450527778,0.13312947750091553,0.35585010051727295,0.20435035228729248,0.0667023987819751,37240.364013671875,1.514656479240373
architecture_01,architecture,branch_03,3,0.4661802351474762,14.636361072609398,0.12724502384662628,0.3122582733631134,0.19726711511611938,0.06199472568308314,49362.67858886719,1.1568483455336558
architecture_01,architecture,branch_08,8,0.5501962900161743,15.380355977892021,0.10910555720329285,0.2723695933818817,0.1606510877609253,0.0265684964057679,56921.525390625,1.0206399754514002
architecture_01,architecture,branch_10,10,0.5611461400985718,15.699539418546866,0.10455065220594406,0.2523054778575897,0.15544015169143677,0.026264613416666787,57189.82958984375,1.0111179000725645
art_01,art,branch_00,0,0.6815813779830933,18.60989165194755,0.0672089159488678,0.26084035634994507,0.14729398488998413,0.08624478398511808,28895.13101196289,2.08606956628829
art_01,art,branch_01,1,0.6680393218994141,17.901057386185975,0.06976000964641571,0.2807147204875946,0.13657808303833008,0.08026815888782342,39636.73693847656,1.521350520223873
art_01,art,branch_03,3,0.6891881227493286,18.382201500823694,0.06542107462882996,0.26207345724105835,0.1357845664024353,0.07693650666624308,51887.04309082031,1.1568787410910208
art_01,art,branch_08,8,0.6889578104019165,17.695867924481654,0.0713639184832573,0.292779803276062,0.13539528846740723,0.029476775554940104,59943.182373046875,1.02300563145174
art_01,art,branch_10,10,0.7140281796455383,19.37236728121566,0.058327704668045044,0.24885912239551544,0.13016289472579956,0.024742291852210958,60067.03369140625,1.013167052093533
counting_01,counting,branch_00,0,0.7765668630599976,16.703593170337196,0.08616060018539429,0.3052406907081604,0.16476935148239136,0.056560980156064034,27254.547393798828,2.077914703098129
counting_01,counting,branch_01,1,0.7760370373725891,16.571493844015627,0.08924268931150436,0.31008580327033997,0.17404794692993164,0.05286711764832338,37284.67041015625,1.5131942656926973
counting_01,counting,branch_03,3,0.7833550572395325,16.536372326598055,0.08554407209157944,0.30060669779777527,0.17624282836914062,0.042437876031423606,48885.0205078125,1.1542242548138058
counting_01,counting,branch_08,8,0.7501225471496582,16.15863720825976,0.09165029972791672,0.3739357590675354,0.22185838222503662,0.017762444370115798,56022.458251953125,1.020435007167819
counting_01,counting,branch_10,10,0.8093903660774231,18.183986210184,0.0619911253452301,0.25721320509910583,0.132335364818573,0.01619938760995865,56564.31982421875,1.0111715198873048
interior_01,interior,branch_00,0,0.545360803604126,17.869325325758304,0.0981229618191719,0.3129505515098572,0.1942741870880127,0.10649674447874229,27655.199188232422,2.0833367932730873
interior_01,interior,branch_01,1,0.5782158374786377,18.530227339421202,0.08754834532737732,0.28668296337127686,0.16136109828948975,0.10408815190506478,38109.35888671875,1.519708732451673
interior_01,interior,branch_03,3,0.595212459564209,18.11373707584825,0.0864940658211708,0.2546336054801941,0.14849787950515747,0.09535177191719413,49755.9052734375,1.160051540286116
interior_01,interior,branch_08,8,0.5117303729057312,16.467434833966518,0.1053716316819191,0.3230677545070648,0.1713128685951233,0.038422656090309225,56056.902587890625,1.0237278689766758
interior_01,interior,branch_10,10,0.5139615535736084,16.430184655945908,0.10502592474222183,0.3218110501766205,0.16354429721832275,0.03686421748716384,57471.490234375,1.011462553291114
landscape_01,landscape,branch_00,0,0.6265321969985962,17.068083403284987,0.09744929522275925,0.2911604046821594,0.17761880159378052,0.07495133858174086,27711.172821044922,2.07624440336839
landscape_01,landscape,branch_01,1,0.6172839999198914,16.353520693267125,0.1071174368262291,0.30301564931869507,0.16782093048095703,0.07407166296616197,37951.87902832031,1.5234019380518657
landscape_01,landscape,branch_03,3,0.6007473468780518,15.744050556833361,0.11461963504552841,0.3303905427455902,0.18781793117523193,0.06612221725905935,49821.07751464844,1.1587076318686076
landscape_01,landscape,branch_08,8,0.6296505928039551,18.952866743750125,0.06552854925394058,0.23128259181976318,0.15285378694534302,0.024489526947339375,54896.334716796875,1.0213226690450605
landscape_01,landscape,branch_10,10,0.6548534631729126,19.32029920035304,0.0617000050842762,0.21918535232543945,0.14504647254943848,0.022711020428687334,55338.738037109375,1.0112913246382849
objects_01,objects,branch_00,0,0.8005800247192383,19.489437164260288,0.05619535222649574,0.17009934782981873,0.12150686979293823,0.07721217318127553,28843.23828125,2.0841780152789817
objects_01,objects,branch_01,1,0.8137837052345276,19.451475150356504,0.05434718728065491,0.15629909932613373,0.11487025022506714,0.06679540903617938,39568.93310546875,1.5176615547123897
objects_01,objects,branch_03,3,0.7845976948738098,17.82892106733301,0.0633925274014473,0.18230554461479187,0.12544649839401245,0.057778028616060816,51615.487060546875,1.15829612311042
objects_01,objects,branch_08,8,0.7303240299224854,15.425955867382413,0.08530696481466293,0.24156732857227325,0.13126981258392334,0.020680915835934382,58842.8583984375,1.0251305918784914
objects_01,objects,branch_10,10,0.631607711315155,13.76660316579811,0.12317678332328796,0.3307128846645355,0.15510207414627075,0.024511579734583695,58843.463623046875,1.010112772430472
people_01,people,branch_00,0,0.6700474619865417,16.81313102769326,0.0937856063246727,0.32704851031303406,0.14720535278320312,0.08452176085362832,27782.554290771484,2.082629488999962
people_01,people,branch_01,1,0.6699812412261963,16.645844068750712,0.09501316398382187,0.32758039236068726,0.14600974321365356,0.0825360594317317,38060.51281738281,1.5193428500303252
people_01,people,branch_03,3,0.6780694723129272,16.72454645954217,0.09489547461271286,0.3388317823410034,0.1461646556854248,0.06680450774729252,50478.77587890625,1.1535672243051793
people_01,people,branch_08,8,0.682137131690979,16.737423815129556,0.09198344498872757,0.3152475953102112,0.15668970346450806,0.03338912517453233,58330.3251953125,1.02290790983256
people_01,people,branch_10,10,0.6944014430046082,17.005202732377523,0.08806195855140686,0.30385637283325195,0.1531791090965271,0.032566861637557544,58925.706787109375,1.0107414371732613
portrait_01,portrait,branch_00,0,0.7448364496231079,19.36110596497247,0.07367789000272751,0.3318013548851013,0.1531018614768982,0.07033076292524736,26253.156158447266,2.075562554925836
portrait_01,portrait,branch_01,1,0.7628183960914612,19.677014747768872,0.07090125232934952,0.299879789352417,0.14830303192138672,0.06270615803077817,36361.970458984375,1.5036340907417096
portrait_01,portrait,branch_03,3,0.7557059526443481,19.46134580980048,0.07195339351892471,0.30756813287734985,0.14927184581756592,0.05490473719934622,48052.61779785156,1.1462985985326017
portrait_01,portrait,branch_08,8,0.7053387761116028,18.130436185945705,0.08437979966402054,0.38119572401046753,0.15570735931396484,0.029238986705119412,54506.76953125,1.0200823007362976
portrait_01,portrait,branch_10,10,0.7258670926094055,18.70521238358279,0.0774676725268364,0.3342234492301941,0.1422596573829651,0.030738573987036943,56433.65625,1.0117509344144147
spatial_01,spatial,branch_00,0,0.6465582847595215,18.06123805065053,0.0757603645324707,0.38062864542007446,0.21316546201705933,0.10660440955931942,27034.157653808594,2.0668449728421665
spatial_01,spatial,branch_01,1,0.6363492608070374,17.250988300649535,0.07843413203954697,0.38842520117759705,0.2479034662246704,0.08264149709915121,36513.68542480469,1.5198052530810942
spatial_01,spatial,branch_03,3,0.6007879972457886,16.591967392976702,0.09143541008234024,0.4208316206932068,0.254261314868927,0.09359359508380294,47738.84899902344,1.1625950586346818
spatial_01,spatial,branch_08,8,0.7445787787437439,19.09592107851995,0.06639338284730911,0.2601558566093445,0.19283068180084229,0.02723523834720254,53553.017578125,1.0236845596388946
spatial_01,spatial,branch_10,10,0.7680402994155884,20.012992832379865,0.059033527970314026,0.24706770479679108,0.1737954020500183,0.027843615738675,53786.795654296875,1.012846992031232
text_01,text,branch_00,0,0.46269404888153076,11.84787708816254,0.15987667441368103,0.45869314670562744,0.18734771013259888,0.11751900411521395,27883.332092285156,2.0722662571740873
text_01,text,branch_01,1,0.46485233306884766,11.514054714801809,0.16452226042747498,0.46369966864585876,0.18208634853363037,0.10832934236774842,38044.86047363281,1.520147821481962
text_01,text,branch_03,3,0.45415350794792175,10.971090262413783,0.17079360783100128,0.5140147805213928,0.18705826997756958,0.09668673233439525,49978.714599609375,1.1510179907398568
text_01,text,branch_08,8,0.5073796510696411,11.10609581146689,0.15835733711719513,0.3945870101451874,0.18769365549087524,0.027152332826517522,57058.754150390625,1.0219669318123408
text_01,text,branch_10,10,0.5110244154930115,11.233882030038922,0.15505683422088623,0.38748008012771606,0.18418776988983154,0.02481864676034699,58395.3662109375,1.01324149907215
texture_01,texture,branch_00,0,0.48641109466552734,14.882671681163105,0.13834823668003082,0.33657729625701904,0.22330379486083984,0.0618226183578372,25660.705352783203,2.07545245707102
texture_01,texture,branch_01,1,0.46625450253486633,14.742770262536496,0.1423017531633377,0.3485044240951538,0.24477005004882812,0.056754273207237325,35498.276123046875,1.5190992748678191
texture_01,texture,branch_03,3,0.6304580569267273,16.48800805692857,0.11109569668769836,0.2341696172952652,0.14446872472763062,0.048254502626756825,46724.89074707031,1.1621275114327376
texture_01,texture,branch_08,8,0.7042965888977051,16.877557543234232,0.10280760377645493,0.18806983530521393,0.09258323907852173,0.012949576135724783,53478.589111328125,1.022322725068751
texture_01,texture,branch_10,10,0.69605952501297,16.714328027628813,0.10481644421815872,0.19431692361831665,0.09124332666397095,0.012221873893092075,53741.174072265625,1.0101494000316158
