target,predictor,pearson,spearman,within_step_rank_correlation
boundary_error,conv_previous,0.2949264760293308,0.23208285966906653,-0.007403123192596882
boundary_error,conv_cache,0.5790904963766834,0.6352419869661249,-0.08906882591093113
boundary_error,delta_lambda,-0.1444192352727209,-0.04596265142377789,
boundary_error,lambda_distance,0.4496206534624873,0.5615222611367382,
boundary_error,age,0.6195379757095463,0.7056776909630028,
mid_error,conv_previous,0.2031833432874785,0.16099191271605065,-0.032851359167148625
mid_error,conv_cache,0.3490939050137402,0.3905273974239491,-0.10052053209947946
mid_error,delta_lambda,0.04095999537723087,0.23948239654236592,
mid_error,lambda_distance,0.5456252607802737,0.512053519497082,
mid_error,age,0.46299460421850663,0.5115006832093084,
guided_noise_error,conv_previous,0.0816951757319068,0.018437232230335675,-0.05841526894158474
guided_noise_error,conv_cache,0.29251265933179355,0.2914337603992776,-0.1156737998843262
guided_noise_error,delta_lambda,0.027895420307105276,0.011285227882357859,
guided_noise_error,lambda_distance,0.23429159712044031,0.3371187916556295,
guided_noise_error,age,0.3293315823570245,0.33284550085043013,
