index,timestep,refresh,age,lambda_value,delta_lambda,lambda_distance,conv_previous,conv_cache,noise_error,guided_noise_error,boundary_error,boundary_uncond_error,boundary_cond_error,mid_error,mid_uncond_error,mid_cond_error,case,prompt_id,seed
0,999,True,0,-2.6820242404937744,0.0,0.0,0.0,0.0,0.0,0.0,0.0,0.0,0.0,0.0,0.0,0.0,portrait_101,portrait,101
1,949,False,1,-2.3891515731811523,0.29287266731262207,0.29287266731262207,0.040193624794483185,0.040193624794483185,0.006072300020605326,0.039779625833034515,0.10528232902288437,0.09734437614679337,0.11310914158821106,0.385252445936203,0.42042791843414307,0.355200856924057,portrait_101,portrait,101
2,899,False,2,-2.116593599319458,0.27255797386169434,0.5654306411743164,0.07331649959087372,0.1110411211848259,0.020415635779500008,0.08110732585191727,0.2820061147212982,0.30085334181785583,0.2634655833244324,0.818255603313446,0.9259617328643799,0.7205406427383423,portrait_101,portrait,101
3,849,True,0,-1.8629876375198364,0.2536059617996216,0.0,0.07094042748212814,0.0,0.0,0.0,0.0,0.0,0.0,0.0,0.0,0.0,portrait_101,portrait,101
4,799,False,1,-1.6268385648727417,0.23614907264709473,0.23614907264709473,0.10663224011659622,0.10663224011659622,0.021820221096277237,0.11350320279598236,0.24945811927318573,0.3134116530418396,0.18580347299575806,0.6560934782028198,0.9370976090431213,0.3723818063735962,portrait_101,portrait,101
5,749,False,2,-1.406521201133728,0.22031736373901367,0.4564664363861084,0.056603070348501205,0.15192624926567078,0.03349229693412781,0.12145772576332092,0.32289695739746094,0.37378400564193726,0.2723768353462219,0.7225036025047302,0.9708124399185181,0.47486746311187744,portrait_101,portrait,101
6,699,True,0,-1.200291395187378,0.2062298059463501,0.0,0.06956260651350021,0.0,0.0,0.0,0.0,0.0,0.0,0.0,0.0,0.0,portrait_101,portrait,101
7,649,False,1,-1.006303310394287,0.19398808479309082,0.19398808479309082,0.073826864361763,0.073826864361763,0.01480130571871996,0.03224737569689751,0.12831541895866394,0.13685019314289093,0.11984202265739441,0.20561230182647705,0.2333296835422516,0.1781286746263504,portrait_101,portrait,101
8,599,False,2,-0.8226233124732971,0.18367999792099,0.3776680827140808,0.07517863065004349,0.1499541699886322,0.0272053312510252,0.05017271637916565,0.21758580207824707,0.2287183552980423,0.206512451171875,0.3305988609790802,0.3720746338367462,0.289451539516449,portrait_101,portrait,101
9,549,True,0,-0.6472349762916565,0.17538833618164062,0.0,0.07581879943609238,0.0,0.0,0.0,0.0,0.0,0.0,0.0,0.0,0.0,portrait_101,portrait,101
10,500,False,1,-0.4813636541366577,0.16587132215499878,0.16587132215499878,0.07428149878978729,0.07428149878978729,0.013621002435684204,0.02091928943991661,0.09009845554828644,0.09230471402406693,0.08789975196123123,0.10838695615530014,0.11907616257667542,0.09774447232484818,portrait_101,portrait,101
11,450,False,2,-0.31602802872657776,0.16533562541007996,0.33120694756507874,0.07436737418174744,0.1514972597360611,0.03094472549855709,0.04524035006761551,0.1797073483467102,0.1828383505344391,0.1765865981578827,0.21002648770809174,0.22788459062576294,0.19224324822425842,portrait_101,portrait,101
12,400,True,0,-0.15219885110855103,0.16382917761802673,0.0,0.07157222181558609,0.0,0.0,0.0,0.0,0.0,0.0,0.0,0.0,0.0,portrait_101,portrait,101
13,350,False,1,0.012974858283996582,0.1651737093925476,0.1651737093925476,0.0677701011300087,0.0677701011300087,0.02682306617498398,0.03848322853446007,0.11436117440462112,0.11699306964874268,0.1117386445403099,0.12206908315420151,0.12658117711544037,0.11758551001548767,portrait_101,portrait,101
14,300,False,2,0.1830180287361145,0.17004317045211792,0.3352168798446655,0.06358334422111511,0.13373707234859467,0.05870365723967552,0.07282096892595291,0.21951794624328613,0.22371657192707062,0.2153346836566925,0.23278580605983734,0.24209319055080414,0.22355419397354126,portrait_101,portrait,101
15,250,True,0,0.36269381642341614,0.17967578768730164,0.0,0.058542508631944656,0.0,0.0,0.0,0.0,0.0,0.0,0.0,0.0,0.0,portrait_101,portrait,101
16,200,False,1,0.5591998100280762,0.19650599360466003,0.19650599360466003,0.05335718393325806,0.05335718393325806,0.04191688448190689,0.04658123478293419,0.12111160904169083,0.12248493731021881,0.11974285542964935,0.11303528398275375,0.1161886602640152,0.10990030318498611,portrait_101,portrait,101
17,150,False,2,0.7850973606109619,0.22589755058288574,0.4224035441875458,0.048390693962574005,0.10310472548007965,0.0981191024184227,0.10243243724107742,0.24662363529205322,0.24886001646518707,0.24439415335655212,0.21689443290233612,0.22164836525917053,0.21214662492275238,portrait_101,portrait,101
18,100,True,0,1.0673118829727173,0.28221452236175537,0.0,0.044222600758075714,0.0,0.0,0.0,0.0,0.0,0.0,0.0,0.0,0.0,portrait_101,portrait,101
19,50,False,1,1.4890689849853516,0.4217571020126343,0.4217571020126343,0.04164619371294975,0.04164619371294975,0.10422902554273605,0.11293349415063858,0.18923525512218475,0.1896984875202179,0.18877308070659637,0.13516958057880402,0.13771642744541168,0.1326151043176651,portrait_101,portrait,101
0,999,True,0,-2.6820242404937744,0.0,0.0,0.0,0.0,0.0,0.0,0.0,0.0,0.0,0.0,0.0,0.0,portrait_202,portrait,202
1,949,False,1,-2.3891515731811523,0.29287266731262207,0.29287266731262207,0.036605581641197205,0.036605581641197205,0.006609895266592503,0.06081409752368927,0.1040787547826767,0.09069455415010452,0.11744111031293869,0.3223594129085541,0.31929370760917664,0.3251233994960785,portrait_202,portrait,202
2,899,False,2,-2.116593599319458,0.27255797386169434,0.5654306411743164,0.08904306590557098,0.11917653679847717,0.03658793121576309,0.0878773108124733,0.3509242534637451,0.3795529305934906,0.3224285840988159,1.0345287322998047,1.1827006340026855,0.8982922434806824,portrait_202,portrait,202
3,849,True,0,-1.8629876375198364,0.2536059617996216,0.0,0.0678820088505745,0.0,0.0,0.0,0.0,0.0,0.0,0.0,0.0,0.0,portrait_202,portrait,202
4,799,False,1,-1.6268385648727417,0.23614907264709473,0.23614907264709473,0.08728474378585815,0.08728474378585815,0.019728241488337517,0.08272841572761536,0.23758172988891602,0.27774932980537415,0.19776275753974915,0.5979775190353394,0.7885876297950745,0.41750988364219666,portrait_202,portrait,202
5,749,False,2,-1.406521201133728,0.22031736373901367,0.4564664363861084,0.07082570344209671,0.1476210057735443,0.03153188154101372,0.09509731829166412,0.34437069296836853,0.3841184377670288,0.3049704134464264,0.7321019172668457,0.9199197292327881,0.5497510433197021,portrait_202,portrait,202
6,699,True,0,-1.200291395187378,0.2062298059463501,0.0,0.07768972963094711,0.0,0.0,0.0,0.0,0.0,0.0,0.0,0.0,0.0,portrait_202,portrait,202
7,649,False,1,-1.006303310394287,0.19398808479309082,0.19398808479309082,0.0784960612654686,0.0784960612654686,0.01466026809066534,0.040592122822999954,0.15396781265735626,0.1614302545785904,0.14652399718761444,0.19454436004161835,0.22445297241210938,0.1646270900964737,portrait_202,portrait,202
8,599,False,2,-0.8226233124732971,0.18367999792099,0.3776680827140808,0.08180323243141174,0.16172930598258972,0.033440783619880676,0.05925413593649864,0.26950863003730774,0.27491599321365356,0.26411765813827515,0.34575769305229187,0.39389750361442566,0.2978588938713074,portrait_202,portrait,202
9,549,True,0,-0.6472349762916565,0.17538833618164062,0.0,0.08228851109743118,0.0,0.0,0.0,0.0,0.0,0.0,0.0,0.0,0.0,portrait_202,portrait,202
10,500,False,1,-0.4813636541366577,0.16587132215499878,0.16587132215499878,0.07935092598199844,0.07935092598199844,0.01944568380713463,0.03232674300670624,0.12905898690223694,0.13305291533470154,0.12507814168930054,0.14192000031471252,0.15059371292591095,0.13334093987941742,portrait_202,portrait,202
11,450,False,2,-0.31602802872657776,0.16533562541007996,0.33120694756507874,0.0786486566066742,0.1613810658454895,0.043755609542131424,0.06674342602491379,0.2462921142578125,0.25312331318855286,0.23948168754577637,0.26733508706092834,0.2832580804824829,0.2515648901462555,portrait_202,portrait,202
12,400,True,0,-0.15219885110855103,0.16382917761802673,0.0,0.07505227625370026,0.0,0.0,0.0,0.0,0.0,0.0,0.0,0.0,0.0,portrait_202,portrait,202
13,350,False,1,0.012974858283996582,0.1651737093925476,0.1651737093925476,0.07039236277341843,0.07039236277341843,0.03217240050435066,0.04718872532248497,0.1307995766401291,0.1324029266834259,0.1292029470205307,0.13904134929180145,0.14614154398441315,0.13197624683380127,portrait_202,portrait,202
14,300,False,2,0.1830180287361145,0.17004317045211792,0.3352168798446655,0.06525973230600357,0.13835082948207855,0.07021414488554001,0.09067076444625854,0.2481459528207779,0.2516925036907196,0.24461379647254944,0.2790452837944031,0.29155486822128296,0.26658961176872253,portrait_202,portrait,202
15,250,True,0,0.36269381642341614,0.17967578768730164,0.0,0.05983171984553337,0.0,0.0,0.0,0.0,0.0,0.0,0.0,0.0,0.0,portrait_202,portrait,202
16,200,False,1,0.5591998100280762,0.19650599360466003,0.19650599360466003,0.05412856489419937,0.05412856489419937,0.04934258759021759,0.061809882521629333,0.14056572318077087,0.14239616692066193,0.13874240219593048,0.14216792583465576,0.1472039371728897,0.13715524971485138,portrait_202,portrait,202
17,150,False,2,0.7850973606109619,0.22589755058288574,0.4224035441875458,0.048913516104221344,0.10448455065488815,0.10586599260568619,0.12248367071151733,0.26622045040130615,0.2690611779689789,0.26338887214660645,0.26803791522979736,0.277048796415329,0.25909867882728577,portrait_202,portrait,202
18,100,True,0,1.0673118829727173,0.28221452236175537,0.0,0.04451344162225723,0.0,0.0,0.0,0.0,0.0,0.0,0.0,0.0,0.0,portrait_202,portrait,202
19,50,False,1,1.4890689849853516,0.4217571020126343,0.4217571020126343,0.04176810011267662,0.04176810011267662,0.1071813553571701,0.12007659673690796,0.1911635547876358,0.19218683242797852,0.19014258682727814,0.18413236737251282,0.18808309733867645,0.18022489547729492,portrait_202,portrait,202
0,999,True,0,-2.6820242404937744,0.0,0.0,0.0,0.0,0.0,0.0,0.0,0.0,0.0,0.0,0.0,0.0,people_101,people,101
1,949,False,1,-2.3891515731811523,0.29287266731262207,0.29287266731262207,0.018569234758615494,0.018569234758615494,0.004158976022154093,0.014067727141082287,0.0840935930609703,0.08286929130554199,0.085307277739048,0.22413215041160583,0.2771943211555481,0.18270452320575714,people_101,people,101
2,899,False,2,-2.116593599319458,0.27255797386169434,0.5654306411743164,0.027622779831290245,0.045343153178691864,0.011944993399083614,0.03187454864382744,0.18264424800872803,0.18213360011577606,0.1831493079662323,0.5050321817398071,0.6111025214195251,0.4233912229537964,people_101,people,101
3,849,True,0,-1.8629876375198364,0.2536059617996216,0.0,0.037720199674367905,0.0,0.0,0.0,0.0,0.0,0.0,0.0,0.0,0.0,people_101,people,101
4,799,False,1,-1.6268385648727417,0.23614907264709473,0.23614907264709473,0.056030869483947754,0.056030869483947754,0.019092416390776634,0.08087144047021866,0.17580752074718475,0.17464403808116913,0.17696228623390198,0.4613358974456787,0.5891196727752686,0.3576556146144867,people_101,people,101
5,749,False,2,-1.406521201133728,0.22031736373901367,0.4564664363861084,0.06694193929433823,0.11030162125825882,0.04217902570962906,0.11876314133405685,0.3465682864189148,0.33199986815452576,0.36086487770080566,0.7177648544311523,0.8353245258331299,0.6216236352920532,people_101,people,101
6,699,True,0,-1.200291395187378,0.2062298059463501,0.0,0.08089916408061981,0.0,0.0,0.0,0.0,0.0,0.0,0.0,0.0,0.0,people_101,people,101
7,649,False,1,-1.006303310394287,0.19398808479309082,0.19398808479309082,0.07099568843841553,0.07099568843841553,0.03526629880070686,0.12920165061950684,0.24896937608718872,0.26418137550354004,0.23393630981445312,0.37053045630455017,0.4527425467967987,0.2956121861934662,people_101,people,101
8,599,False,2,-0.8226233124732971,0.18367999792099,0.3776680827140808,0.08090827614068985,0.14321023225784302,0.066548652946949,0.17421813309192657,0.39078110456466675,0.4027803838253021,0.37893205881118774,0.5407453775405884,0.6360544562339783,0.4523060619831085,people_101,people,101
9,549,True,0,-0.6472349762916565,0.17538833618164062,0.0,0.07652737945318222,0.0,0.0,0.0,0.0,0.0,0.0,0.0,0.0,0.0,people_101,people,101
10,500,False,1,-0.4813636541366577,0.16587132215499878,0.16587132215499878,0.07657866925001144,0.07657866925001144,0.04808643460273743,0.145664244890213,0.2311151772737503,0.24702703952789307,0.215330109000206,0.2594476342201233,0.291816383600235,0.22910284996032715,people_101,people,101
11,450,False,2,-0.31602802872657776,0.16533562541007996,0.33120694756507874,0.0742626041173935,0.14713707566261292,0.08399909734725952,0.19846954941749573,0.35171443223953247,0.3703743517398834,0.33313730359077454,0.452141672372818,0.5025187730789185,0.4040830135345459,people_101,people,101
12,400,True,0,-0.15219885110855103,0.16382917761802673,0.0,0.0704309418797493,0.0,0.0,0.0,0.0,0.0,0.0,0.0,0.0,0.0,people_101,people,101
13,350,False,1,0.012974858283996582,0.1651737093925476,0.1651737093925476,0.06456415355205536,0.06456415355205536,0.04192575067281723,0.08534043282270432,0.1474090963602066,0.15272299945354462,0.14211174845695496,0.1523342877626419,0.1634029746055603,0.14153991639614105,people_101,people,101
14,300,False,2,0.1830180287361145,0.17004317045211792,0.3352168798446655,0.05948229879140854,0.12508219480514526,0.08278267830610275,0.14111991226673126,0.26034578680992126,0.26760390400886536,0.25310268998146057,0.2704070210456848,0.2889680862426758,0.2520855665206909,people_101,people,101
15,250,True,0,0.36269381642341614,0.17967578768730164,0.0,0.05393795669078827,0.0,0.0,0.0,0.0,0.0,0.0,0.0,0.0,0.0,people_101,people,101
16,200,False,1,0.5591998100280762,0.19650599360466003,0.19650599360466003,0.04887070879340172,0.04887070879340172,0.05302665755152702,0.0743662416934967,0.1288192719221115,0.13033996522426605,0.12730102241039276,0.1166783943772316,0.12319118529558182,0.1101699024438858,people_101,people,101
17,150,False,2,0.7850973606109619,0.22589755058288574,0.4224035441875458,0.04450831189751625,0.09434482455253601,0.11852619796991348,0.1549633890390396,0.25296059250831604,0.255275160074234,0.25064918398857117,0.21660001575946808,0.22609777748584747,0.20709070563316345,people_101,people,101
18,100,True,0,1.0673118829727173,0.28221452236175537,0.0,0.04057079553604126,0.0,0.0,0.0,0.0,0.0,0.0,0.0,0.0,0.0,people_101,people,101
19,50,False,1,1.4890689849853516,0.4217571020126343,0.4217571020126343,0.03793890401721001,0.03793890401721001,0.11809799075126648,0.13723675906658173,0.17953245341777802,0.18067745864391327,0.17838826775550842,0.1388353705406189,0.14384359121322632,0.13384859263896942,people_101,people,101
0,999,True,0,-2.6820242404937744,0.0,0.0,0.0,0.0,0.0,0.0,0.0,0.0,0.0,0.0,0.0,0.0,people_202,people,202
1,949,False,1,-2.3891515731811523,0.29287266731262207,0.29287266731262207,0.027203788980841637,0.027203788980841637,0.004291479475796223,0.02535836771130562,0.09928516298532486,0.09406781196594238,0.10445965081453323,0.26239827275276184,0.3286922872066498,0.2081792652606964,people_202,people,202
2,899,False,2,-2.116593599319458,0.27255797386169434,0.5654306411743164,0.04311945661902428,0.06717293709516525,0.01363641582429409,0.07960675656795502,0.23347245156764984,0.21661785244941711,0.25004008412361145,0.6630764603614807,0.7836554050445557,0.5681653022766113,people_202,people,202
3,849,True,0,-1.8629876375198364,0.2536059617996216,0.0,0.08332142233848572,0.0,0.0,0.0,0.0,0.0,0.0,0.0,0.0,0.0,people_202,people,202
4,799,False,1,-1.6268385648727417,0.23614907264709473,0.23614907264709473,0.05846254527568817,0.05846254527568817,0.017082957550883293,0.07746539264917374,0.20856820046901703,0.2239956557750702,0.1933227926492691,0.36656811833381653,0.44550850987434387,0.30100369453430176,people_202,people,202
5,749,False,2,-1.406521201133728,0.22031736373901367,0.4564664363861084,0.06374366581439972,0.1037055104970932,0.03296685591340065,0.11600329726934433,0.3406044840812683,0.3484225273132324,0.33287736773490906,0.5914645791053772,0.6910696029663086,0.5078020691871643,people_202,people,202
6,699,True,0,-1.200291395187378,0.2062298059463501,0.0,0.06950339674949646,0.0,0.0,0.0,0.0,0.0,0.0,0.0,0.0,0.0,people_202,people,202
7,649,False,1,-1.006303310394287,0.19398808479309082,0.19398808479309082,0.07139001786708832,0.07139001786708832,0.026035306975245476,0.0886627659201622,0.20314893126487732,0.222368061542511,0.18405960500240326,0.2889028787612915,0.3403611183166504,0.24275358021259308,people_202,people,202
8,599,False,2,-0.8226233124732971,0.18367999792099,0.3776680827140808,0.066002756357193,0.13293270766735077,0.04686044156551361,0.12731124460697174,0.3201935887336731,0.33544355630874634,0.30505022406578064,0.43401288986206055,0.5109961628913879,0.36369696259498596,people_202,people,202
9,549,True,0,-0.6472349762916565,0.17538833618164062,0.0,0.06850796192884445,0.0,0.0,0.0,0.0,0.0,0.0,0.0,0.0,0.0,people_202,people,202
10,500,False,1,-0.4813636541366577,0.16587132215499878,0.16587132215499878,0.06838137656450272,0.06838137656450272,0.027639368548989296,0.06962089240550995,0.1517661213874817,0.16036860644817352,0.14318618178367615,0.16851337254047394,0.18958887457847595,0.14809797704219818,people_202,people,202
11,450,False,2,-0.31602802872657776,0.16533562541007996,0.33120694756507874,0.06732066720724106,0.1361011117696762,0.05439034104347229,0.11281342804431915,0.2597792446613312,0.2692635953426361,0.25031906366348267,0.2903149724006653,0.3191155791282654,0.26206308603286743,people_202,people,202
12,400,True,0,-0.15219885110855103,0.16382917761802673,0.0,0.06490263342857361,0.0,0.0,0.0,0.0,0.0,0.0,0.0,0.0,0.0,people_202,people,202
13,350,False,1,0.012974858283996582,0.1651737093925476,0.1651737093925476,0.06203480437397957,0.06203480437397957,0.03041822463274002,0.04779835417866707,0.1167529970407486,0.11919928342103958,0.11431165039539337,0.1309838443994522,0.13683541119098663,0.1251416802406311,people_202,people,202
14,300,False,2,0.1830180287361145,0.17004317045211792,0.3352168798446655,0.05841735005378723,0.12216821312904358,0.06385184824466705,0.0942898541688919,0.2209182232618332,0.2243831306695938,0.21746020019054413,0.2346285581588745,0.24247154593467712,0.22675436735153198,people_202,people,202
15,250,True,0,0.36269381642341614,0.17967578768730164,0.0,0.05439459905028343,0.0,0.0,0.0,0.0,0.0,0.0,0.0,0.0,0.0,people_202,people,202
16,200,False,1,0.5591998100280762,0.19650599360466003,0.19650599360466003,0.050508081912994385,0.050508081912994385,0.04760175570845604,0.06677556037902832,0.12542939186096191,0.12699444591999054,0.12386713922023773,0.12465723603963852,0.12796373665332794,0.1213160827755928,people_202,people,202
17,150,False,2,0.7850973606109619,0.22589755058288574,0.4224035441875458,0.04646095260977745,0.09783733636140823,0.10584426671266556,0.13383185863494873,0.246678426861763,0.24920596182346344,0.24415479600429535,0.22598393261432648,0.2306380718946457,0.2212684005498886,people_202,people,202
18,100,True,0,1.0673118829727173,0.28221452236175537,0.0,0.04300231486558914,0.0,0.0,0.0,0.0,0.0,0.0,0.0,0.0,0.0,people_202,people,202
19,50,False,1,1.4890689849853516,0.4217571020126343,0.4217571020126343,0.041029009968042374,0.041029009968042374,0.11559505015611649,0.1319975107908249,0.18401454389095306,0.18483763933181763,0.18319210410118103,0.13382837176322937,0.13468864560127258,0.13295136392116547,people_202,people,202
0,999,True,0,-2.6820242404937744,0.0,0.0,0.0,0.0,0.0,0.0,0.0,0.0,0.0,0.0,0.0,0.0,animal_101,animal,101
1,949,False,1,-2.3891515731811523,0.29287266731262207,0.29287266731262207,0.037725262343883514,0.037725262343883514,0.009092085994780064,0.05644417554140091,0.12306075543165207,0.10774191468954086,0.13816305994987488,0.438351035118103,0.5398961305618286,0.36571696400642395,animal_101,animal,101
2,899,False,2,-2.116593599319458,0.27255797386169434,0.5654306411743164,0.08231156319379807,0.11551064997911453,0.03152845427393913,0.0842888131737709,0.28806227445602417,0.298196017742157,0.2780511677265167,0.8990892767906189,1.0931551456451416,0.7526885867118835,animal_101,animal,101
3,849,True,0,-1.8629876375198364,0.2536059617996216,0.0,0.05906236171722412,0.0,0.0,0.0,0.0,0.0,0.0,0.0,0.0,0.0,animal_101,animal,101
4,799,False,1,-1.6268385648727417,0.23614907264709473,0.23614907264709473,0.0778430700302124,0.0778430700302124,0.014640048146247864,0.08150435984134674,0.16397495567798615,0.182527557015419,0.14570893347263336,0.4515942633152008,0.6483095288276672,0.289887011051178,animal_101,animal,101
5,749,False,2,-1.406521201133728,0.22031736373901367,0.4564664363861084,0.07123999297618866,0.13729138672351837,0.028264380991458893,0.10041935741901398,0.2940984070301056,0.31286588311195374,0.27568480372428894,0.6316454410552979,0.8253461718559265,0.4651793837547302,animal_101,animal,101
6,699,True,0,-1.200291395187378,0.2062298059463501,0.0,0.0738668441772461,0.0,0.0,0.0,0.0,0.0,0.0,0.0,0.0,0.0,animal_101,animal,101
7,649,False,1,-1.006303310394287,0.19398808479309082,0.19398808479309082,0.06991619616746902,0.06991619616746902,0.023658210411667824,0.07763776928186417,0.1855292022228241,0.20098121464252472,0.17026139795780182,0.27102193236351013,0.34111955761909485,0.20619456470012665,animal_101,animal,101
8,599,False,2,-0.8226233124732971,0.18367999792099,0.3776680827140808,0.07296206802129745,0.1396191120147705,0.04315437003970146,0.1017937883734703,0.2871551215648651,0.2997121214866638,0.2747552990913391,0.38252028822898865,0.4594281017780304,0.3089992105960846,animal_101,animal,101
9,549,True,0,-0.6472349762916565,0.17538833618164062,0.0,0.07331792265176773,0.0,0.0,0.0,0.0,0.0,0.0,0.0,0.0,0.0,animal_101,animal,101
10,500,False,1,-0.4813636541366577,0.16587132215499878,0.16587132215499878,0.06966257095336914,0.06966257095336914,0.025604071095585823,0.05448264628648758,0.12961529195308685,0.13710355758666992,0.1222148910164833,0.1661602407693863,0.1950252503156662,0.13790157437324524,animal_101,animal,101
11,450,False,2,-0.31602802872657776,0.16533562541007996,0.33120694756507874,0.06959732621908188,0.1406024843454361,0.05493820831179619,0.10252019017934799,0.24593272805213928,0.25762367248535156,0.2343645989894867,0.31446757912635803,0.36056727170944214,0.26901233196258545,animal_101,animal,101
12,400,True,0,-0.15219885110855103,0.16382917761802673,0.0,0.06706114858388901,0.0,0.0,0.0,0.0,0.0,0.0,0.0,0.0,0.0,animal_101,animal,101
13,350,False,1,0.012974858283996582,0.1651737093925476,0.1651737093925476,0.06424667686223984,0.06424667686223984,0.03502222150564194,0.06129157170653343,0.12454085797071457,0.12835732102394104,0.12075944989919662,0.13955184817314148,0.1500655859708786,0.12909924983978271,animal_101,animal,101
14,300,False,2,0.1830180287361145,0.17004317045211792,0.3352168798446655,0.06046190485358238,0.12648995220661163,0.07787368446588516,0.14967605471611023,0.24412205815315247,0.24779744446277618,0.24047750234603882,0.2621832489967346,0.27785778045654297,0.2465350478887558,animal_101,animal,101
15,250,True,0,0.36269381642341614,0.17967578768730164,0.0,0.05658263340592384,0.0,0.0,0.0,0.0,0.0,0.0,0.0,0.0,0.0,animal_101,animal,101
16,200,False,1,0.5591998100280762,0.19650599360466003,0.19650599360466003,0.051258087158203125,0.051258087158203125,0.04786992818117142,0.0666014552116394,0.12096256017684937,0.1228313073515892,0.1191045492887497,0.12584288418293,0.13284748792648315,0.11886230856180191,animal_101,animal,101
17,150,False,2,0.7850973606109619,0.22589755058288574,0.4224035441875458,0.04694686084985733,0.0992186889052391,0.11024494469165802,0.14145269989967346,0.24428972601890564,0.24783402681350708,0.2407626509666443,0.2527877986431122,0.2654269337654114,0.24018725752830505,animal_101,animal,101
18,100,True,0,1.0673118829727173,0.28221452236175537,0.0,0.04316280037164688,0.0,0.0,0.0,0.0,0.0,0.0,0.0,0.0,0.0,animal_101,animal,101
19,50,False,1,1.4890689849853516,0.4217571020126343,0.4217571020126343,0.04128466919064522,0.04128466919064522,0.11567696183919907,0.13104762136936188,0.18118032813072205,0.1826794296503067,0.17968598008155823,0.16668274998664856,0.17047449946403503,0.16288304328918457,animal_101,animal,101
0,999,True,0,-2.6820242404937744,0.0,0.0,0.0,0.0,0.0,0.0,0.0,0.0,0.0,0.0,0.0,0.0,animal_202,animal,202
1,949,False,1,-2.3891515731811523,0.29287266731262207,0.29287266731262207,0.03697051480412483,0.03697051480412483,0.00541860144585371,0.03160775825381279,0.1117730513215065,0.11755822598934174,0.10607640445232391,0.35124871134757996,0.4533633887767792,0.2695673704147339,animal_202,animal,202
2,899,False,2,-2.116593599319458,0.27255797386169434,0.5654306411743164,0.037974994629621506,0.06738416105508804,0.00873409304767847,0.045105382800102234,0.19331416487693787,0.1934613436460495,0.19316913187503815,0.5502977967262268,0.6680060029029846,0.45867815613746643,animal_202,animal,202
3,849,True,0,-1.8629876375198364,0.2536059617996216,0.0,0.04831735044717789,0.0,0.0,0.0,0.0,0.0,0.0,0.0,0.0,0.0,animal_202,animal,202
4,799,False,1,-1.6268385648727417,0.23614907264709473,0.23614907264709473,0.05331399664282799,0.05331399664282799,0.01407742127776146,0.06568023562431335,0.20815815031528473,0.21081149578094482,0.20557114481925964,0.48849186301231384,0.6211018562316895,0.3877761662006378,animal_202,animal,202
5,749,False,2,-1.406521201133728,0.22031736373901367,0.4564664363861084,0.06525708734989166,0.10203973948955536,0.03719685226678848,0.12474874407052994,0.40001553297042847,0.4242534935474396,0.37620994448661804,0.8119052052497864,0.9939495325088501,0.6634117364883423,animal_202,animal,202
6,699,True,0,-1.200291395187378,0.2062298059463501,0.0,0.07031085342168808,0.0,0.0,0.0,0.0,0.0,0.0,0.0,0.0,0.0,animal_202,animal,202
7,649,False,1,-1.006303310394287,0.19398808479309082,0.19398808479309082,0.07672035694122314,0.07672035694122314,0.02817891538143158,0.10585547983646393,0.22147156298160553,0.24036745727062225,0.20304468274116516,0.40875887870788574,0.49079903960227966,0.3354305922985077,animal_202,animal,202
8,599,False,2,-0.8226233124732971,0.18367999792099,0.3776680827140808,0.07192801684141159,0.1405027061700821,0.0509427972137928,0.15584246814250946,0.34321707487106323,0.3652735948562622,0.32157421112060547,0.5570290684700012,0.6648649573326111,0.45958542823791504,animal_202,animal,202
9,549,True,0,-0.6472349762916565,0.17538833618164062,0.0,0.0708146020770073,0.0,0.0,0.0,0.0,0.0,0.0,0.0,0.0,0.0,animal_202,animal,202
10,500,False,1,-0.4813636541366577,0.16587132215499878,0.16587132215499878,0.07085569202899933,0.07085569202899933,0.03998951613903046,0.12398245930671692,0.19077815115451813,0.20245780050754547,0.17925992608070374,0.24105176329612732,0.2880381643772125,0.19750922918319702,animal_202,animal,202
11,450,False,2,-0.31602802872657776,0.16533562541007996,0.33120694756507874,0.07242479175329208,0.14230512082576752,0.08469957113265991,0.1877739131450653,0.3400494158267975,0.35851141810417175,0.3217625319957733,0.43945059180259705,0.49728289246559143,0.3850323259830475,animal_202,animal,202
12,400,True,0,-0.15219885110855103,0.16382917761802673,0.0,0.0669206753373146,0.0,0.0,0.0,0.0,0.0,0.0,0.0,0.0,0.0,animal_202,animal,202
13,350,False,1,0.012974858283996582,0.1651737093925476,0.1651737093925476,0.06313688308000565,0.06313688308000565,0.041405439376831055,0.08912436664104462,0.14349672198295593,0.15175005793571472,0.13530975580215454,0.165379136800766,0.18415896594524384,0.14718960225582123,animal_202,animal,202
14,300,False,2,0.1830180287361145,0.17004317045211792,0.3352168798446655,0.05802866443991661,0.12182904034852982,0.08499801903963089,0.15529437363147736,0.26057833433151245,0.27106958627700806,0.25016486644744873,0.2956184446811676,0.32772746682167053,0.26424792408943176,animal_202,animal,202
15,250,True,0,0.36269381642341614,0.17967578768730164,0.0,0.0538487508893013,0.0,0.0,0.0,0.0,0.0,0.0,0.0,0.0,0.0,animal_202,animal,202
16,200,False,1,0.5591998100280762,0.19650599360466003,0.19650599360466003,0.049959227442741394,0.049959227442741394,0.05606277659535408,0.08222384750843048,0.1337832510471344,0.13644956052303314,0.13113367557525635,0.12875543534755707,0.1371268630027771,0.12051349878311157,animal_202,animal,202
17,150,False,2,0.7850973606109619,0.22589755058288574,0.4224035441875458,0.04660751670598984,0.09721003472805023,0.12746185064315796,0.17255254089832306,0.2651306390762329,0.2697775959968567,0.2605096697807312,0.24470467865467072,0.25665149092674255,0.23290687799453735,animal_202,animal,202
18,100,True,0,1.0673118829727173,0.28221452236175537,0.0,0.043658968061208725,0.0,0.0,0.0,0.0,0.0,0.0,0.0,0.0,0.0,animal_202,animal,202
19,50,False,1,1.4890689849853516,0.4217571020126343,0.4217571020126343,0.04243969917297363,0.04243969917297363,0.1287461519241333,0.15723253786563873,0.18634623289108276,0.18808454275131226,0.18461503088474274,0.1470048427581787,0.15089675784111023,0.14313314855098724,animal_202,animal,202
0,999,True,0,-2.6820242404937744,0.0,0.0,0.0,0.0,0.0,0.0,0.0,0.0,0.0,0.0,0.0,0.0,interior_101,interior,101
1,949,False,1,-2.3891515731811523,0.29287266731262207,0.29287266731262207,0.0614887997508049,0.0614887997508049,0.009273852221667767,0.040304381400346756,0.17817099392414093,0.15992802381515503,0.19597944617271423,0.4602796733379364,0.5930631160736084,0.35277634859085083,interior_101,interior,101
2,899,False,2,-2.116593599319458,0.27255797386169434,0.5654306411743164,0.04647964984178543,0.1023755669593811,0.01524847187101841,0.061322588473558426,0.28097909688949585,0.25979378819465637,0.3018028140068054,0.728778064250946,0.9212961196899414,0.583397388458252,interior_101,interior,101
3,849,True,0,-1.8629876375198364,0.2536059617996216,0.0,0.054849665611982346,0.0,0.0,0.0,0.0,0.0,0.0,0.0,0.0,0.0,interior_101,interior,101
4,799,False,1,-1.6268385648727417,0.23614907264709473,0.23614907264709473,0.06343653798103333,0.06343653798103333,0.022416360676288605,0.07937437295913696,0.25799188017845154,0.29522332549095154,0.22101040184497833,0.4976372718811035,0.6057491898536682,0.4119846522808075,interior_101,interior,101
5,749,False,2,-1.406521201133728,0.22031736373901367,0.4564664363861084,0.07492384314537048,0.13053524494171143,0.042380496859550476,0.10129930824041367,0.38533157110214233,0.4090809226036072,0.3618539571762085,0.6903213262557983,0.8041779398918152,0.5943628549575806,interior_101,interior,101
6,699,True,0,-1.200291395187378,0.2062298059463501,0.0,0.06931799650192261,0.0,0.0,0.0,0.0,0.0,0.0,0.0,0.0,0.0,interior_101,interior,101
7,649,False,1,-1.006303310394287,0.19398808479309082,0.19398808479309082,0.07190050184726715,0.07190050184726715,0.02832978591322899,0.10918831825256348,0.2562112510204315,0.27147260308265686,0.2410760372877121,0.2757413983345032,0.31477025151252747,0.2387845814228058,interior_101,interior,101
8,599,False,2,-0.8226233124732971,0.18367999792099,0.3776680827140808,0.07936014235019684,0.14942316710948944,0.060399819165468216,0.12308911979198456,0.4130997061729431,0.4287412762641907,0.3974306881427765,0.4880884885787964,0.5579050183296204,0.42157265543937683,interior_101,interior,101
9,549,True,0,-0.6472349762916565,0.17538833618164062,0.0,0.07754343003034592,0.0,0.0,0.0,0.0,0.0,0.0,0.0,0.0,0.0,interior_101,interior,101
10,500,False,1,-0.4813636541366577,0.16587132215499878,0.16587132215499878,0.0753803476691246,0.0753803476691246,0.03174472227692604,0.07013513147830963,0.18484540283679962,0.1945272535085678,0.17516681551933289,0.19204124808311462,0.21669545769691467,0.16806559264659882,interior_101,interior,101
11,450,False,2,-0.31602802872657776,0.16533562541007996,0.33120694756507874,0.07530111819505692,0.1525101214647293,0.05870078131556511,0.11165262013673782,0.3027590811252594,0.31246137619018555,0.29305651783943176,0.3424346446990967,0.3767430782318115,0.30874085426330566,interior_101,interior,101
12,400,True,0,-0.15219885110855103,0.16382917761802673,0.0,0.0723201110959053,0.0,0.0,0.0,0.0,0.0,0.0,0.0,0.0,0.0,interior_101,interior,101
13,350,False,1,0.012974858283996582,0.1651737093925476,0.1651737093925476,0.06833914667367935,0.06833914667367935,0.033541660755872726,0.053313761949539185,0.14001305401325226,0.14272084832191467,0.13731010258197784,0.1253812611103058,0.12916302680969238,0.12164975702762604,interior_101,interior,101
14,300,False,2,0.1830180287361145,0.17004317045211792,0.3352168798446655,0.06415587663650513,0.13451822102069855,0.07093534618616104,0.09388177841901779,0.2612180709838867,0.26523557305336,0.2572062611579895,0.23947836458683014,0.24577204883098602,0.23327791690826416,interior_101,interior,101
15,250,True,0,0.36269381642341614,0.17967578768730164,0.0,0.059414949268102646,0.0,0.0,0.0,0.0,0.0,0.0,0.0,0.0,0.0,interior_101,interior,101
16,200,False,1,0.5591998100280762,0.19650599360466003,0.19650599360466003,0.05464572831988335,0.05464572831988335,0.044978998601436615,0.05991533771157265,0.13250158727169037,0.1336023360490799,0.13140146434307098,0.1335160732269287,0.1374128758907318,0.1296682059764862,interior_101,interior,101
17,150,False,2,0.7850973606109619,0.22589755058288574,0.4224035441875458,0.049704745411872864,0.10540759563446045,0.09581803530454636,0.11694484949111938,0.2521570920944214,0.25366124510765076,0.2506534457206726,0.24484115839004517,0.24940940737724304,0.2403232604265213,interior_101,interior,101
18,100,True,0,1.0673118829727173,0.28221452236175537,0.0,0.04587683081626892,0.0,0.0,0.0,0.0,0.0,0.0,0.0,0.0,0.0,interior_101,interior,101
19,50,False,1,1.4890689849853516,0.4217571020126343,0.4217571020126343,0.043802060186862946,0.043802060186862946,0.1031825914978981,0.11239538341760635,0.1861850917339325,0.18682530522346497,0.18554498255252838,0.1814262568950653,0.1845533549785614,0.17833487689495087,interior_101,interior,101
0,999,True,0,-2.6820242404937744,0.0,0.0,0.0,0.0,0.0,0.0,0.0,0.0,0.0,0.0,0.0,0.0,interior_202,interior,202
1,949,False,1,-2.3891515731811523,0.29287266731262207,0.29287266731262207,0.08219850808382034,0.08219850808382034,0.012002493254840374,0.07860872149467468,0.2225680947303772,0.18237711489200592,0.26226910948753357,0.5636404752731323,0.7577616572380066,0.4055033028125763,interior_202,interior,202
2,899,False,2,-2.116593599319458,0.27255797386169434,0.5654306411743164,0.05109276622533798,0.11462138593196869,0.021302832290530205,0.0994267538189888,0.2909921407699585,0.25723031163215637,0.32421112060546875,0.8846777081489563,1.124221682548523,0.7047285437583923,interior_202,interior,202
3,849,True,0,-1.8629876375198364,0.2536059617996216,0.0,0.07854236662387848,0.0,0.0,0.0,0.0,0.0,0.0,0.0,0.0,0.0,interior_202,interior,202
4,799,False,1,-1.6268385648727417,0.23614907264709473,0.23614907264709473,0.06967681646347046,0.06967681646347046,0.02022748999297619,0.046694885939359665,0.21244949102401733,0.22978010773658752,0.1952139139175415,0.37992680072784424,0.4435819387435913,0.3255205750465393,interior_202,interior,202
5,749,False,2,-1.406521201133728,0.22031736373901367,0.4564664363861084,0.06634940207004547,0.12828482687473297,0.034945048391819,0.06791532784700394,0.32238084077835083,0.3359370827674866,0.30888935923576355,0.5207315683364868,0.5842308402061462,0.4650663137435913,interior_202,interior,202
6,699,True,0,-1.200291395187378,0.2062298059463501,0.0,0.07258299738168716,0.0,0.0,0.0,0.0,0.0,0.0,0.0,0.0,0.0,interior_202,interior,202
7,649,False,1,-1.006303310394287,0.19398808479309082,0.19398808479309082,0.0768667683005333,0.0768667683005333,0.019397364929318428,0.037760064005851746,0.15243998169898987,0.15671758353710175,0.14818084239959717,0.20951217412948608,0.23673109710216522,0.1844555139541626,interior_202,interior,202
8,599,False,2,-0.8226233124732971,0.18367999792099,0.3776680827140808,0.08107524365186691,0.15960612893104553,0.04251781105995178,0.06854011863470078,0.29309386014938354,0.30049940943717957,0.2857142686843872,0.38197892904281616,0.4256143271923065,0.34090620279312134,interior_202,interior,202
9,549,True,0,-0.6472349762916565,0.17538833618164062,0.0,0.08337070792913437,0.0,0.0,0.0,0.0,0.0,0.0,0.0,0.0,0.0,interior_202,interior,202
10,500,False,1,-0.4813636541366577,0.16587132215499878,0.16587132215499878,0.08208785951137543,0.08208785951137543,0.027811435982584953,0.056039344519376755,0.1664649248123169,0.17249447107315063,0.16045020520687103,0.19655291736125946,0.20983657240867615,0.1837042272090912,interior_202,interior,202
11,450,False,2,-0.31602802872657776,0.16533562541007996,0.33120694756507874,0.08181459456682205,0.16660375893115997,0.056800466030836105,0.10147716850042343,0.28883519768714905,0.29614436626434326,0.2815370559692383,0.35445311665534973,0.3761351704597473,0.33314311504364014,interior_202,interior,202
12,400,True,0,-0.15219885110855103,0.16382917761802673,0.0,0.07874757051467896,0.0,0.0,0.0,0.0,0.0,0.0,0.0,0.0,0.0,interior_202,interior,202
13,350,False,1,0.012974858283996582,0.1651737093925476,0.1651737093925476,0.07331298291683197,0.07331298291683197,0.03393414989113808,0.04905293136835098,0.14037123322486877,0.1442480981349945,0.13649706542491913,0.1655072718858719,0.173600971698761,0.15743057429790497,interior_202,interior,202
14,300,False,2,0.1830180287361145,0.17004317045211792,0.3352168798446655,0.06771362572908401,0.14354707300662994,0.06409592926502228,0.08791273087263107,0.24442178010940552,0.24870085716247559,0.24014513194561005,0.2952631413936615,0.3076493442058563,0.2828409671783447,interior_202,interior,202
15,250,True,0,0.36269381642341614,0.17967578768730164,0.0,0.06219867244362831,0.0,0.0,0.0,0.0,0.0,0.0,0.0,0.0,0.0,interior_202,interior,202
16,200,False,1,0.5591998100280762,0.19650599360466003,0.19650599360466003,0.05659710243344307,0.05659710243344307,0.040912970900535583,0.054121583700180054,0.1281670778989792,0.12941640615463257,0.12691844999790192,0.13226863741874695,0.1338803768157959,0.13064895570278168,interior_202,interior,202
17,150,False,2,0.7850973606109619,0.22589755058288574,0.4224035441875458,0.051593948155641556,0.10956341028213501,0.08574292808771133,0.10385369509458542,0.24275316298007965,0.2445189207792282,0.240988090634346,0.24107320606708527,0.24433091282844543,0.2377949208021164,interior_202,interior,202
18,100,True,0,1.0673118829727173,0.28221452236175537,0.0,0.04709777981042862,0.0,0.0,0.0,0.0,0.0,0.0,0.0,0.0,0.0,interior_202,interior,202
19,50,False,1,1.4890689849853516,0.4217571020126343,0.4217571020126343,0.04473688825964928,0.04473688825964928,0.0871746614575386,0.09631173312664032,0.17528650164604187,0.17567700147628784,0.17489604651927948,0.15148384869098663,0.1526944935321808,0.15026293694972992,interior_202,interior,202
0,999,True,0,-2.6820242404937744,0.0,0.0,0.0,0.0,0.0,0.0,0.0,0.0,0.0,0.0,0.0,0.0,architecture_101,architecture,101
1,949,False,1,-2.3891515731811523,0.29287266731262207,0.29287266731262207,0.029206015169620514,0.029206015169620514,0.004584037233144045,0.027257665991783142,0.10238534212112427,0.09239119291305542,0.11230935156345367,0.30845916271209717,0.41470417380332947,0.2246759980916977,architecture_101,architecture,101
2,899,False,2,-2.116593599319458,0.27255797386169434,0.5654306411743164,0.02392728440463543,0.04531087353825569,0.007590943481773138,0.03231701999902725,0.18237219750881195,0.18677732348442078,0.17800505459308624,0.4860686957836151,0.6110801696777344,0.3892446458339691,architecture_101,architecture,101
3,849,True,0,-1.8629876375198364,0.2536059617996216,0.0,0.018992967903614044,0.0,0.0,0.0,0.0,0.0,0.0,0.0,0.0,0.0,architecture_101,architecture,101
4,799,False,1,-1.6268385648727417,0.23614907264709473,0.23614907264709473,0.024580178782343864,0.024580178782343864,0.015867464244365692,0.06245206296443939,0.25724563002586365,0.295508474111557,0.2191915214061737,0.535901665687561,0.7043237090110779,0.3966127634048462,architecture_101,architecture,101
5,749,False,2,-1.406521201133728,0.22031736373901367,0.4564664363861084,0.03308924287557602,0.0502871572971344,0.038948263972997665,0.14388449490070343,0.4582333266735077,0.5149743556976318,0.4011966586112976,0.8336219191551208,0.9902924299240112,0.6928590536117554,architecture_101,architecture,101
6,699,True,0,-1.200291395187378,0.2062298059463501,0.0,0.058675266802310944,0.0,0.0,0.0,0.0,0.0,0.0,0.0,0.0,0.0,architecture_101,architecture,101
7,649,False,1,-1.006303310394287,0.19398808479309082,0.19398808479309082,0.05303489416837692,0.05303489416837692,0.03775385767221451,0.15503515303134918,0.3349873125553131,0.38237419724464417,0.2878187298774719,0.4944019913673401,0.5592255592346191,0.43244192004203796,architecture_101,architecture,101
8,599,False,2,-0.8226233124732971,0.18367999792099,0.3776680827140808,0.049188513308763504,0.08063999563455582,0.06035102531313896,0.2073519229888916,0.44014424085617065,0.466508686542511,0.41389256715774536,0.5331433415412903,0.5871794819831848,0.4796445369720459,architecture_101,architecture,101
9,549,True,0,-0.6472349762916565,0.17538833618164062,0.0,0.05279850214719772,0.0,0.0,0.0,0.0,0.0,0.0,0.0,0.0,0.0,architecture_101,architecture,101
10,500,False,1,-0.4813636541366577,0.16587132215499878,0.16587132215499878,0.05837235972285271,0.05837235972285271,0.04827486351132393,0.19088143110275269,0.2613612711429596,0.2723133862018585,0.250484824180603,0.25980302691459656,0.28753069043159485,0.23085403442382812,architecture_101,architecture,101
11,450,False,2,-0.31602802872657776,0.16533562541007996,0.33120694756507874,0.056096892803907394,0.1078571006655693,0.09717763215303421,0.2744671702384949,0.43321651220321655,0.4442557990550995,0.4222242534160614,0.44639351963996887,0.48264044523239136,0.4084811210632324,architecture_101,architecture,101
12,400,True,0,-0.15219885110855103,0.16382917761802673,0.0,0.05441524088382721,0.0,0.0,0.0,0.0,0.0,0.0,0.0,0.0,0.0,architecture_101,architecture,101
13,350,False,1,0.012974858283996582,0.1651737093925476,0.1651737093925476,0.052446506917476654,0.052446506917476654,0.058074839413166046,0.16088388860225677,0.20443423092365265,0.21351999044418335,0.1953657567501068,0.21872538328170776,0.2320420891046524,0.20476539433002472,architecture_101,architecture,101
14,300,False,2,0.1830180287361145,0.17004317045211792,0.3352168798446655,0.05235854908823967,0.10265439748764038,0.11960992962121964,0.2643265724182129,0.3552570044994354,0.3648490011692047,0.3456791341304779,0.38696029782295227,0.41058045625686646,0.36242422461509705,architecture_101,architecture,101
15,250,True,0,0.36269381642341614,0.17967578768730164,0.0,0.05139966681599617,0.0,0.0,0.0,0.0,0.0,0.0,0.0,0.0,0.0,architecture_101,architecture,101
16,200,False,1,0.5591998100280762,0.19650599360466003,0.19650599360466003,0.049258045852184296,0.049258045852184296,0.0721566304564476,0.12878672778606415,0.1661662757396698,0.16968189179897308,0.1626509130001068,0.1563919186592102,0.16049018502235413,0.1521696150302887,architecture_101,architecture,101
17,150,False,2,0.7850973606109619,0.22589755058288574,0.4224035441875458,0.048569921404123306,0.09734602272510529,0.15168043971061707,0.23692792654037476,0.3109128475189209,0.3156028389930725,0.3062237799167633,0.2881876826286316,0.2941429018974304,0.28206634521484375,architecture_101,architecture,101
18,100,True,0,1.0673118829727173,0.28221452236175537,0.0,0.047784022986888885,0.0,0.0,0.0,0.0,0.0,0.0,0.0,0.0,0.0,architecture_101,architecture,101
19,50,False,1,1.4890689849853516,0.4217571020126343,0.4217571020126343,0.04922236502170563,0.04922236502170563,0.1343168020248413,0.16979770362377167,0.1952272355556488,0.19683460891246796,0.19362087547779083,0.1682099848985672,0.17018768191337585,0.16618536412715912,architecture_101,architecture,101
0,999,True,0,-2.6820242404937744,0.0,0.0,0.0,0.0,0.0,0.0,0.0,0.0,0.0,0.0,0.0,0.0,architecture_202,architecture,202
1,949,False,1,-2.3891515731811523,0.29287266731262207,0.29287266731262207,0.038499556481838226,0.038499556481838226,0.006321164313703775,0.038130007684230804,0.12167838960886002,0.11544887721538544,0.12786711752414703,0.36384373903274536,0.5083001852035522,0.24655859172344208,architecture_202,architecture,202
2,899,False,2,-2.116593599319458,0.27255797386169434,0.5654306411743164,0.01664833165705204,0.0438709519803524,0.00829384010285139,0.04401563107967377,0.18979254364967346,0.18773476779460907,0.19182823598384857,0.5070023536682129,0.6983501315116882,0.3560587763786316,architecture_202,architecture,202
3,849,True,0,-1.8629876375198364,0.2536059617996216,0.0,0.020888671278953552,0.0,0.0,0.0,0.0,0.0,0.0,0.0,0.0,0.0,architecture_202,architecture,202
4,799,False,1,-1.6268385648727417,0.23614907264709473,0.23614907264709473,0.025082895532250404,0.025082895532250404,0.014214778319001198,0.07446430623531342,0.2495815008878708,0.26543042063713074,0.23403878509998322,0.5124193429946899,0.6507172584533691,0.4010113775730133,architecture_202,architecture,202
5,749,False,2,-1.406521201133728,0.22031736373901367,0.4564664363861084,0.04447803646326065,0.061106741428375244,0.044202033430337906,0.09487032145261765,0.5269227623939514,0.5517808198928833,0.5021981000900269,0.9300796389579773,1.100569248199463,0.767156183719635,architecture_202,architecture,202
6,699,True,0,-1.200291395187378,0.2062298059463501,0.0,0.03891145437955856,0.0,0.0,0.0,0.0,0.0,0.0,0.0,0.0,0.0,architecture_202,architecture,202
7,649,False,1,-1.006303310394287,0.19398808479309082,0.19398808479309082,0.04015115275979042,0.04015115275979042,0.02362760342657566,0.09092883765697479,0.2519473731517792,0.2777247428894043,0.226393923163414,0.2881071865558624,0.3228805661201477,0.25375810265541077,architecture_202,architecture,202
8,599,False,2,-0.8226233124732971,0.18367999792099,0.3776680827140808,0.04298079013824463,0.07898784428834915,0.04927990213036537,0.15414629876613617,0.41453343629837036,0.44647160172462463,0.3826962411403656,0.47110021114349365,0.5214486718177795,0.4196520149707794,architecture_202,architecture,202
9,549,True,0,-0.6472349762916565,0.17538833618164062,0.0,0.04628773406147957,0.0,0.0,0.0,0.0,0.0,0.0,0.0,0.0,0.0,architecture_202,architecture,202
10,500,False,1,-0.4813636541366577,0.16587132215499878,0.16587132215499878,0.04632217064499855,0.04632217064499855,0.03538050130009651,0.110893115401268,0.20016321539878845,0.2066250890493393,0.19370827078819275,0.2010050266981125,0.2190602868795395,0.1823134869337082,architecture_202,architecture,202
11,450,False,2,-0.31602802872657776,0.16533562541007996,0.33120694756507874,0.049765557050704956,0.0945073589682579,0.08619004487991333,0.22005216777324677,0.3931404948234558,0.4015173614025116,0.38477906584739685,0.38255178928375244,0.40667346119880676,0.3575170934200287,architecture_202,architecture,202
12,400,True,0,-0.15219885110855103,0.16382917761802673,0.0,0.05230465903878212,0.0,0.0,0.0,0.0,0.0,0.0,0.0,0.0,0.0,architecture_202,architecture,202
13,350,False,1,0.012974858283996582,0.1651737093925476,0.1651737093925476,0.052133411169052124,0.052133411169052124,0.06127382442355156,0.14564134180545807,0.2122131735086441,0.22024282813072205,0.20419606566429138,0.21410883963108063,0.22835102677345276,0.19923560321331024,architecture_202,architecture,202
14,300,False,2,0.1830180287361145,0.17004317045211792,0.3352168798446655,0.0525476448237896,0.10301227122545242,0.11948960274457932,0.230398029088974,0.36040642857551575,0.3706987202167511,0.3501078188419342,0.36039960384368896,0.37744399905204773,0.34263354539871216,architecture_202,architecture,202
15,250,True,0,0.36269381642341614,0.17967578768730164,0.0,0.05166495963931084,0.0,0.0,0.0,0.0,0.0,0.0,0.0,0.0,0.0,architecture_202,architecture,202
16,200,False,1,0.5591998100280762,0.19650599360466003,0.19650599360466003,0.05063465237617493,0.05063465237617493,0.06152883544564247,0.10483647137880325,0.15760549902915955,0.15986551344394684,0.15534037351608276,0.15816280245780945,0.16369494795799255,0.15241867303848267,architecture_202,architecture,202
17,150,False,2,0.7850973606109619,0.22589755058288574,0.4224035441875458,0.05013229697942734,0.10039077699184418,0.1324121356010437,0.20257766544818878,0.2995561361312866,0.3028624355792999,0.2962439954280853,0.2858127951622009,0.2925630211830139,0.2788253426551819,architecture_202,architecture,202
18,100,True,0,1.0673118829727173,0.28221452236175537,0.0,0.050533220171928406,0.0,0.0,0.0,0.0,0.0,0.0,0.0,0.0,0.0,architecture_202,architecture,202
19,50,False,1,1.4890689849853516,0.4217571020126343,0.4217571020126343,0.05375507101416588,0.05375507101416588,0.12295117229223251,0.14441043138504028,0.19468557834625244,0.1964619755744934,0.19290871918201447,0.16731037199497223,0.17203684151172638,0.1624748855829239,architecture_202,architecture,202
0,999,True,0,-2.6820242404937744,0.0,0.0,0.0,0.0,0.0,0.0,0.0,0.0,0.0,0.0,0.0,0.0,nature_101,nature,101
1,949,False,1,-2.3891515731811523,0.29287266731262207,0.29287266731262207,0.07797957956790924,0.07797957956790924,0.014405524358153343,0.08744973689317703,0.18344129621982574,0.20847438275814056,0.15890538692474365,0.6812114715576172,0.928487241268158,0.4786032736301422,nature_101,nature,101
2,899,False,2,-2.116593599319458,0.27255797386169434,0.5654306411743164,0.05454641208052635,0.11377853900194168,0.03167394548654556,0.097195565700531,0.3018302917480469,0.3420802652835846,0.26212278008461,0.9064903259277344,1.11447012424469,0.7240665555000305,nature_101,nature,101
3,849,True,0,-1.8629876375198364,0.2536059617996216,0.0,0.04753889888525009,0.0,0.0,0.0,0.0,0.0,0.0,0.0,0.0,0.0,nature_101,nature,101
4,799,False,1,-1.6268385648727417,0.23614907264709473,0.23614907264709473,0.0560154989361763,0.0560154989361763,0.015835585072636604,0.02855951339006424,0.13832885026931763,0.14365893602371216,0.13307909667491913,0.2990175485610962,0.3408908545970917,0.26060202717781067,nature_101,nature,101
5,749,False,2,-1.406521201133728,0.22031736373901367,0.4564664363861084,0.06307848542928696,0.11833854019641876,0.030336512252688408,0.05862625688314438,0.24733462929725647,0.2524193823337555,0.24232318997383118,0.45967715978622437,0.508333146572113,0.4145732820034027,nature_101,nature,101
6,699,True,0,-1.200291395187378,0.2062298059463501,0.0,0.07231774181127548,0.0,0.0,0.0,0.0,0.0,0.0,0.0,0.0,0.0,nature_101,nature,101
7,649,False,1,-1.006303310394287,0.19398808479309082,0.19398808479309082,0.07145863771438599,0.07145863771438599,0.014645683579146862,0.027101576328277588,0.10863558202981949,0.11168918013572693,0.1056017205119133,0.1656912863254547,0.185298889875412,0.1472349464893341,nature_101,nature,101
8,599,False,2,-0.8226233124732971,0.18367999792099,0.3776680827140808,0.07670798897743225,0.14985355734825134,0.0319068506360054,0.04711827263236046,0.20883415639400482,0.21388161182403564,0.20382151007652283,0.32363027334213257,0.35272467136383057,0.29614704847335815,nature_101,nature,101
9,549,True,0,-0.6472349762916565,0.17538833618164062,0.0,0.07764966040849686,0.0,0.0,0.0,0.0,0.0,0.0,0.0,0.0,0.0,nature_101,nature,101
10,500,False,1,-0.4813636541366577,0.16587132215499878,0.16587132215499878,0.07551832497119904,0.07551832497119904,0.017549850046634674,0.026045409962534904,0.09721972793340683,0.09832403808832169,0.09612278640270233,0.11926582455635071,0.12823522090911865,0.11076876521110535,nature_101,nature,101
11,450,False,2,-0.31602802872657776,0.16533562541007996,0.33120694756507874,0.07578358054161072,0.15418560802936554,0.03884606063365936,0.052303463220596313,0.19214102625846863,0.19466528296470642,0.18963304162025452,0.23593108355998993,0.2541450560092926,0.2186388373374939,nature_101,nature,101
12,400,True,0,-0.15219885110855103,0.16382917761802673,0.0,0.07274984568357468,0.0,0.0,0.0,0.0,0.0,0.0,0.0,0.0,0.0,nature_101,nature,101
13,350,False,1,0.012974858283996582,0.1651737093925476,0.1651737093925476,0.0687599629163742,0.0687599629163742,0.023472348228096962,0.028921762481331825,0.09701342135667801,0.09806276112794876,0.09597034007310867,0.11314545571804047,0.12126996368169785,0.10538589954376221,nature_101,nature,101
14,300,False,2,0.1830180287361145,0.17004317045211792,0.3352168798446655,0.06388828903436661,0.13518895208835602,0.050949811935424805,0.061172693967819214,0.19046972692012787,0.1920461356639862,0.1889026165008545,0.21389777958393097,0.2260405570268631,0.20227402448654175,nature_101,nature,101
15,250,True,0,0.36269381642341614,0.17967578768730164,0.0,0.058331284672021866,0.0,0.0,0.0,0.0,0.0,0.0,0.0,0.0,0.0,nature_101,nature,101
16,200,False,1,0.5591998100280762,0.19650599360466003,0.19650599360466003,0.05287979170680046,0.05287979170680046,0.03570220619440079,0.040329284965991974,0.10642506182193756,0.10672619193792343,0.10612572729587555,0.10186725854873657,0.10678311437368393,0.09713625907897949,nature_101,nature,101
17,150,False,2,0.7850973606109619,0.22589755058288574,0.4224035441875458,0.04783273860812187,0.1020958200097084,0.08288455009460449,0.09031067043542862,0.21839071810245514,0.21887819468975067,0.21790620684623718,0.1985994577407837,0.20645037293434143,0.19101636111736298,nature_101,nature,101
18,100,True,0,1.0673118829727173,0.28221452236175537,0.0,0.043634574860334396,0.0,0.0,0.0,0.0,0.0,0.0,0.0,0.0,0.0,nature_101,nature,101
19,50,False,1,1.4890689849853516,0.4217571020126343,0.4217571020126343,0.04092225059866905,0.04092225059866905,0.09615020453929901,0.10089017450809479,0.17525418102741241,0.1754831075668335,0.17502671480178833,0.1393882781267166,0.14299391210079193,0.13587656617164612,nature_101,nature,101
0,999,True,0,-2.6820242404937744,0.0,0.0,0.0,0.0,0.0,0.0,0.0,0.0,0.0,0.0,0.0,0.0,nature_202,nature,202
1,949,False,1,-2.3891515731811523,0.29287266731262207,0.29287266731262207,0.08344393223524094,0.08344393223524094,0.01631125807762146,0.0944826677441597,0.1847197562456131,0.2056693136692047,0.1639954000711441,0.6660400032997131,0.8774375319480896,0.47416558861732483,nature_202,nature,202
2,899,False,2,-2.116593599319458,0.27255797386169434,0.5654306411743164,0.038805555552244186,0.09977941960096359,0.024729277938604355,0.09306242316961288,0.2496752142906189,0.2727890610694885,0.2269536256790161,0.7430114150047302,0.9298014640808105,0.5780096650123596,nature_202,nature,202
3,849,True,0,-1.8629876375198364,0.2536059617996216,0.0,0.0526464506983757,0.0,0.0,0.0,0.0,0.0,0.0,0.0,0.0,0.0,nature_202,nature,202
4,799,False,1,-1.6268385648727417,0.23614907264709473,0.23614907264709473,0.053096089512109756,0.053096089512109756,0.011120004579424858,0.033718742430210114,0.1312200427055359,0.13700422644615173,0.1255379468202591,0.2711132764816284,0.3383139669895172,0.20987755060195923,nature_202,nature,202
5,749,False,2,-1.406521201133728,0.22031736373901367,0.4564664363861084,0.059700023382902145,0.11094014346599579,0.025695255026221275,0.05159129574894905,0.2622587978839874,0.28630924224853516,0.23843160271644592,0.5273331999778748,0.6331843733787537,0.4295344948768616,nature_202,nature,202
6,699,True,0,-1.200291395187378,0.2062298059463501,0.0,0.06438113749027252,0.0,0.0,0.0,0.0,0.0,0.0,0.0,0.0,0.0,nature_202,nature,202
7,649,False,1,-1.006303310394287,0.19398808479309082,0.19398808479309082,0.06886972486972809,0.06886972486972809,0.013321790844202042,0.02693150006234646,0.11476117372512817,0.11961758881807327,0.10995066910982132,0.21571612358093262,0.22339220345020294,0.20865298807621002,nature_202,nature,202
8,599,False,2,-0.8226233124732971,0.18367999792099,0.3776680827140808,0.07169605791568756,0.14156633615493774,0.0275934636592865,0.048707690089941025,0.21315771341323853,0.21840037405490875,0.20796722173690796,0.3476976752281189,0.36675238609313965,0.33008873462677,nature_202,nature,202
9,549,True,0,-0.6472349762916565,0.17538833618164062,0.0,0.07280673831701279,0.0,0.0,0.0,0.0,0.0,0.0,0.0,0.0,0.0,nature_202,nature,202
10,500,False,1,-0.4813636541366577,0.16587132215499878,0.16587132215499878,0.07134756445884705,0.07134756445884705,0.015891656279563904,0.029615018516778946,0.09777826815843582,0.09924504160881042,0.09632281959056854,0.14267697930335999,0.15830330550670624,0.12803098559379578,nature_202,nature,202
11,450,False,2,-0.31602802872657776,0.16533562541007996,0.33120694756507874,0.0720851719379425,0.14584124088287354,0.03626261278986931,0.05700042098760605,0.1909993290901184,0.1941392868757248,0.18787845969200134,0.27973949909210205,0.3057205379009247,0.2552575469017029,nature_202,nature,202
12,400,True,0,-0.15219885110855103,0.16382917761802673,0.0,0.0694568082690239,0.0,0.0,0.0,0.0,0.0,0.0,0.0,0.0,0.0,nature_202,nature,202
13,350,False,1,0.012974858283996582,0.1651737093925476,0.1651737093925476,0.06561467796564102,0.06561467796564102,0.02599041536450386,0.0373508594930172,0.10470603406429291,0.10626049339771271,0.10316136479377747,0.13054032623767853,0.14137573540210724,0.12026119232177734,nature_202,nature,202
14,300,False,2,0.1830180287361145,0.17004317045211792,0.3352168798446655,0.061156146228313446,0.1289205104112625,0.058828964829444885,0.07495790719985962,0.20805776119232178,0.2103472203016281,0.20578253269195557,0.2471054345369339,0.2640012204647064,0.2310171276330948,nature_202,nature,202
15,250,True,0,0.36269381642341614,0.17967578768730164,0.0,0.05654462054371834,0.0,0.0,0.0,0.0,0.0,0.0,0.0,0.0,0.0,nature_202,nature,202
16,200,False,1,0.5591998100280762,0.19650599360466003,0.19650599360466003,0.05155652016401291,0.05155652016401291,0.04378185793757439,0.04843182861804962,0.11896335333585739,0.12006380409002304,0.11786901950836182,0.12305533140897751,0.12834563851356506,0.1180025041103363,nature_202,nature,202
17,150,False,2,0.7850973606109619,0.22589755058288574,0.4224035441875458,0.046824995428323746,0.09962692111730576,0.10012511909008026,0.10843059420585632,0.23933064937591553,0.2411707192659378,0.2375006228685379,0.24214664101600647,0.25188156962394714,0.23282787203788757,nature_202,nature,202
18,100,True,0,1.0673118829727173,0.28221452236175537,0.0,0.04297146573662758,0.0,0.0,0.0,0.0,0.0,0.0,0.0,0.0,0.0,nature_202,nature,202
19,50,False,1,1.4890689849853516,0.4217571020126343,0.4217571020126343,0.04042481631040573,0.04042481631040573,0.1086772009730339,0.11944959312677383,0.18108917772769928,0.1811889111995697,0.1809900850057602,0.16455993056297302,0.16806891560554504,0.16116483509540558,nature_202,nature,202
0,999,True,0,-2.6820242404937744,0.0,0.0,0.0,0.0,0.0,0.0,0.0,0.0,0.0,0.0,0.0,0.0,objects_101,objects,101
1,949,False,1,-2.3891515731811523,0.29287266731262207,0.29287266731262207,0.04116961732506752,0.04116961732506752,0.011527744121849537,0.04953770339488983,0.14023444056510925,0.1393863707780838,0.14108136296272278,0.48525458574295044,0.660611093044281,0.36532852053642273,objects_101,objects,101
2,899,False,2,-2.116593599319458,0.27255797386169434,0.5654306411743164,0.07246226817369461,0.10794398188591003,0.03658758103847504,0.12280070781707764,0.3158015310764313,0.3322320580482483,0.2994929552078247,0.8492287993431091,1.0706336498260498,0.6849977970123291,objects_101,objects,101
3,849,True,0,-1.8629876375198364,0.2536059617996216,0.0,0.09841904044151306,0.0,0.0,0.0,0.0,0.0,0.0,0.0,0.0,0.0,objects_101,objects,101
4,799,False,1,-1.6268385648727417,0.23614907264709473,0.23614907264709473,0.09438437223434448,0.09438437223434448,0.022427886724472046,0.0968165472149849,0.22858819365501404,0.24276848137378693,0.21465998888015747,0.4374317228794098,0.5003438591957092,0.38493773341178894,objects_101,objects,101
5,749,False,2,-1.406521201133728,0.22031736373901367,0.4564664363861084,0.0919562503695488,0.17502713203430176,0.04164544492959976,0.12836983799934387,0.379562646150589,0.40424180030822754,0.355022668838501,0.6861334443092346,0.7760646939277649,0.6015771627426147,objects_101,objects,101
6,699,True,0,-1.200291395187378,0.2062298059463501,0.0,0.08000284433364868,0.0,0.0,0.0,0.0,0.0,0.0,0.0,0.0,0.0,objects_101,objects,101
7,649,False,1,-1.006303310394287,0.19398808479309082,0.19398808479309082,0.0881986990571022,0.0881986990571022,0.024740446358919144,0.08164574950933456,0.1904611438512802,0.20705458521842957,0.17396056652069092,0.26947903633117676,0.2996882498264313,0.24044568836688995,objects_101,objects,101
8,599,False,2,-0.8226233124732971,0.18367999792099,0.3776680827140808,0.08541896194219589,0.17359763383865356,0.04766126722097397,0.11160922795534134,0.30384090542793274,0.3203611969947815,0.2874010503292084,0.4110657572746277,0.4511722922325134,0.37218591570854187,objects_101,objects,101
9,549,True,0,-0.6472349762916565,0.17538833618164062,0.0,0.08573950827121735,0.0,0.0,0.0,0.0,0.0,0.0,0.0,0.0,0.0,objects_101,objects,101
10,500,False,1,-0.4813636541366577,0.16587132215499878,0.16587132215499878,0.08157729357481003,0.08157729357481003,0.018603626638650894,0.035263895988464355,0.10945463180541992,0.11257049441337585,0.10635629296302795,0.12825389206409454,0.1351875215768814,0.12135311216115952,objects_101,objects,101
11,450,False,2,-0.31602802872657776,0.16533562541007996,0.33120694756507874,0.07986567914485931,0.16524168848991394,0.03961113467812538,0.0707530528306961,0.21038618683815002,0.21692201495170593,0.20388495922088623,0.2385854423046112,0.24916066229343414,0.22800424695014954,objects_101,objects,101
12,400,True,0,-0.15219885110855103,0.16382917761802673,0.0,0.07542998343706131,0.0,0.0,0.0,0.0,0.0,0.0,0.0,0.0,0.0,objects_101,objects,101
13,350,False,1,0.012974858283996582,0.1651737093925476,0.1651737093925476,0.06999284774065018,0.06999284774065018,0.02393496036529541,0.03995964303612709,0.10057761520147324,0.1030460000038147,0.09811758995056152,0.11264301091432571,0.11743997037410736,0.10783910751342773,objects_101,objects,101
14,300,False,2,0.1830180287361145,0.17004317045211792,0.3352168798446655,0.06402749568223953,0.13682708144187927,0.05214979499578476,0.08010762184858322,0.19623158872127533,0.1998523473739624,0.19262225925922394,0.21697282791137695,0.22494027018547058,0.20896755158901215,objects_101,objects,101
15,250,True,0,0.36269381642341614,0.17967578768730164,0.0,0.05791429802775383,0.0,0.0,0.0,0.0,0.0,0.0,0.0,0.0,0.0,objects_101,objects,101
16,200,False,1,0.5591998100280762,0.19650599360466003,0.19650599360466003,0.05200951173901558,0.05200951173901558,0.038386937230825424,0.04761728644371033,0.1088973805308342,0.11030343174934387,0.10749556869268417,0.09881889820098877,0.10134858638048172,0.0962628498673439,objects_101,objects,101
17,150,False,2,0.7850973606109619,0.22589755058288574,0.4224035441875458,0.04647369682788849,0.09988882392644882,0.08825196325778961,0.10312270373106003,0.21914461255073547,0.22141502797603607,0.21688063442707062,0.18841204047203064,0.1935998648405075,0.18316850066184998,objects_101,objects,101
18,100,True,0,1.0673118829727173,0.28221452236175537,0.0,0.04155623912811279,0.0,0.0,0.0,0.0,0.0,0.0,0.0,0.0,0.0,objects_101,objects,101
19,50,False,1,1.4890689849853516,0.4217571020126343,0.4217571020126343,0.03841009736061096,0.03841009736061096,0.10234708338975906,0.10923563688993454,0.17046183347702026,0.1713755577802658,0.1695501059293747,0.12633498013019562,0.12953223288059235,0.12310321629047394,objects_101,objects,101
0,999,True,0,-2.6820242404937744,0.0,0.0,0.0,0.0,0.0,0.0,0.0,0.0,0.0,0.0,0.0,0.0,objects_202,objects,202
1,949,False,1,-2.3891515731811523,0.29287266731262207,0.29287266731262207,0.040070079267024994,0.040070079267024994,0.005231467541307211,0.03770638629794121,0.10940248519182205,0.11099356412887573,0.10781419277191162,0.2910972833633423,0.42770734429359436,0.19343864917755127,objects_202,objects,202
2,899,False,2,-2.116593599319458,0.27255797386169434,0.5654306411743164,0.036333438009023666,0.06442607939243317,0.009270583279430866,0.05035804212093353,0.18863782286643982,0.19045566022396088,0.18682199716567993,0.4579744338989258,0.5988417863845825,0.3595677614212036,objects_202,objects,202
3,849,True,0,-1.8629876375198364,0.2536059617996216,0.0,0.04943995177745819,0.0,0.0,0.0,0.0,0.0,0.0,0.0,0.0,0.0,objects_202,objects,202
4,799,False,1,-1.6268385648727417,0.23614907264709473,0.23614907264709473,0.051098622381687164,0.051098622381687164,0.014539196155965328,0.07516227662563324,0.14601942896842957,0.13397155702114105,0.1578821986913681,0.42395302653312683,0.5637681484222412,0.3192955553531647,objects_202,objects,202
5,749,False,2,-1.406521201133728,0.22031736373901367,0.4564664363861084,0.08169287443161011,0.12725131213665009,0.03920550271868706,0.11435107886791229,0.3393908739089966,0.3565523624420166,0.32234489917755127,0.8333503007888794,1.057490348815918,0.6579231023788452,objects_202,objects,202
6,699,True,0,-1.200291395187378,0.2062298059463501,0.0,0.06702911108732224,0.0,0.0,0.0,0.0,0.0,0.0,0.0,0.0,0.0,objects_202,objects,202
7,649,False,1,-1.006303310394287,0.19398808479309082,0.19398808479309082,0.07234932482242584,0.07234932482242584,0.025475120171904564,0.0975392758846283,0.21104146540164948,0.2292109727859497,0.1929658055305481,0.3640904724597931,0.43395963311195374,0.3033198416233063,objects_202,objects,202
8,599,False,2,-0.8226233124732971,0.18367999792099,0.3776680827140808,0.07967360317707062,0.14603404700756073,0.0548384003341198,0.11551663279533386,0.35438036918640137,0.37687283754348755,0.3319060504436493,0.572154700756073,0.6533588767051697,0.4976103603839874,objects_202,objects,202
9,549,True,0,-0.6472349762916565,0.17538833618164062,0.0,0.0681440681219101,0.0,0.0,0.0,0.0,0.0,0.0,0.0,0.0,0.0,objects_202,objects,202
10,500,False,1,-0.4813636541366577,0.16587132215499878,0.16587132215499878,0.06640499085187912,0.06640499085187912,0.02452813647687435,0.05867697671055794,0.1406763195991516,0.14708615839481354,0.1342751532793045,0.22713306546211243,0.25974878668785095,0.19522036612033844,objects_202,objects,202
11,450,False,2,-0.31602802872657776,0.16533562541007996,0.33120694756507874,0.06743396073579788,0.13454864919185638,0.05307306721806526,0.09744512289762497,0.26043522357940674,0.2705480456352234,0.2503371834754944,0.4005410075187683,0.4477958381175995,0.3536842465400696,objects_202,objects,202
12,400,True,0,-0.15219885110855103,0.16382917761802673,0.0,0.06457867473363876,0.0,0.0,0.0,0.0,0.0,0.0,0.0,0.0,0.0,objects_202,objects,202
13,350,False,1,0.012974858283996582,0.1651737093925476,0.1651737093925476,0.06257204711437225,0.06257204711437225,0.029132189229130745,0.055440422147512436,0.12520882487297058,0.1293887048959732,0.12103880196809769,0.1929067224264145,0.2038220912218094,0.1819481998682022,objects_202,objects,202
14,300,False,2,0.1830180287361145,0.17004317045211792,0.3352168798446655,0.059420060366392136,0.12339650094509125,0.06441868841648102,0.0933753103017807,0.24336232244968414,0.24983803927898407,0.23690810799598694,0.31941094994544983,0.3358190059661865,0.30280908942222595,objects_202,objects,202
15,250,True,0,0.36269381642341614,0.17967578768730164,0.0,0.055753763765096664,0.0,0.0,0.0,0.0,0.0,0.0,0.0,0.0,0.0,objects_202,objects,202
16,200,False,1,0.5591998100280762,0.19650599360466003,0.19650599360466003,0.05155384913086891,0.05155384913086891,0.042105045169591904,0.05271640419960022,0.12694387137889862,0.12837296724319458,0.12552039325237274,0.11097971349954605,0.11716970056295395,0.10470614582300186,objects_202,objects,202
17,150,False,2,0.7850973606109619,0.22589755058288574,0.4224035441875458,0.0474594347178936,0.10004323720932007,0.09607116878032684,0.11441037803888321,0.2524047791957855,0.25447726249694824,0.2503401041030884,0.21148014068603516,0.2223658561706543,0.20045436918735504,objects_202,objects,202
18,100,True,0,1.0673118829727173,0.28221452236175537,0.0,0.044019751250743866,0.0,0.0,0.0,0.0,0.0,0.0,0.0,0.0,0.0,objects_202,objects,202
19,50,False,1,1.4890689849853516,0.4217571020126343,0.4217571020126343,0.04170322045683861,0.04170322045683861,0.10310668498277664,0.11235295981168747,0.18623334169387817,0.18682704865932465,0.18564121425151825,0.14610189199447632,0.15147459506988525,0.1406896412372589,objects_202,objects,202
0,999,True,0,-2.6820242404937744,0.0,0.0,0.0,0.0,0.0,0.0,0.0,0.0,0.0,0.0,0.0,0.0,text_101,text,101
1,949,False,1,-2.3891515731811523,0.29287266731262207,0.29287266731262207,0.0250069759786129,0.0250069759786129,0.004318214021623135,0.021395137533545494,0.08944033086299896,0.08725148439407349,0.09157821536064148,0.2576330602169037,0.3260968029499054,0.205032080411911,text_101,text,101
2,899,False,2,-2.116593599319458,0.27255797386169434,0.5654306411743164,0.026779331266880035,0.048867568373680115,0.00951812881976366,0.03747892379760742,0.18118509650230408,0.17549385130405426,0.1867295652627945,0.46791577339172363,0.5697601437568665,0.38971227407455444,text_101,text,101
3,849,True,0,-1.8629876375198364,0.2536059617996216,0.0,0.033955276012420654,0.0,0.0,0.0,0.0,0.0,0.0,0.0,0.0,0.0,text_101,text,101
4,799,False,1,-1.6268385648727417,0.23614907264709473,0.23614907264709473,0.05323627591133118,0.05323627591133118,0.03439348563551903,0.13010983169078827,0.335744708776474,0.4096926748752594,0.26153984665870667,0.7543767690658569,0.952080488204956,0.6001098155975342,text_101,text,101
5,749,False,2,-1.406521201133728,0.22031736373901367,0.4564664363861084,0.06735257059335709,0.09503637254238129,0.04702192544937134,0.09816771745681763,0.37400880455970764,0.4096773862838745,0.3387231230735779,0.7879613041877747,0.9846426844596863,0.6421645879745483,text_101,text,101
6,699,True,0,-1.200291395187378,0.2062298059463501,0.0,0.04966595023870468,0.0,0.0,0.0,0.0,0.0,0.0,0.0,0.0,0.0,text_101,text,101
7,649,False,1,-1.006303310394287,0.19398808479309082,0.19398808479309082,0.06386256963014603,0.06386256963014603,0.03163444250822067,0.10458022356033325,0.22165906429290771,0.2399865686893463,0.20337867736816406,0.3617051839828491,0.40905606746673584,0.3197059631347656,text_101,text,101
8,599,False,2,-0.8226233124732971,0.18367999792099,0.3776680827140808,0.06591137498617172,0.12227614223957062,0.0645204558968544,0.1274399310350418,0.36566638946533203,0.3873414099216461,0.3440399169921875,0.5872100591659546,0.6576330661773682,0.5237993597984314,text_101,text,101
9,549,True,0,-0.6472349762916565,0.17538833618164062,0.0,0.06386333703994751,0.0,0.0,0.0,0.0,0.0,0.0,0.0,0.0,0.0,text_101,text,101
10,500,False,1,-0.4813636541366577,0.16587132215499878,0.16587132215499878,0.05883852019906044,0.05883852019906044,0.02938915602862835,0.05309237167239189,0.146584153175354,0.15456348657608032,0.13862565159797668,0.19435207545757294,0.21962179243564606,0.1707538664340973,text_101,text,101
11,450,False,2,-0.31602802872657776,0.16533562541007996,0.33120694756507874,0.05983101204037666,0.11946305632591248,0.06105109304189682,0.09162579476833344,0.2703338861465454,0.2800365090370178,0.26065441966056824,0.38192498683929443,0.41798847913742065,0.34783726930618286,text_101,text,101
12,400,True,0,-0.15219885110855103,0.16382917761802673,0.0,0.057913053780794144,0.0,0.0,0.0,0.0,0.0,0.0,0.0,0.0,0.0,text_101,text,101
13,350,False,1,0.012974858283996582,0.1651737093925476,0.1651737093925476,0.055278927087783813,0.055278927087783813,0.03707325458526611,0.05178188532590866,0.13131923973560333,0.13354912400245667,0.1290961056947708,0.16936959326267242,0.18026600778102875,0.1588778793811798,text_101,text,101
14,300,False,2,0.1830180287361145,0.17004317045211792,0.3352168798446655,0.05280528962612152,0.10935061424970627,0.08089937269687653,0.10110124200582504,0.25353559851646423,0.257153183221817,0.24992889165878296,0.3215283751487732,0.3396621346473694,0.3039233982563019,text_101,text,101
15,250,True,0,0.36269381642341614,0.17967578768730164,0.0,0.049555014818906784,0.0,0.0,0.0,0.0,0.0,0.0,0.0,0.0,0.0,text_101,text,101
16,200,False,1,0.5591998100280762,0.19650599360466003,0.19650599360466003,0.046100981533527374,0.046100981533527374,0.06050560995936394,0.06667973101139069,0.1467457115650177,0.1490079164505005,0.14448806643486023,0.19131949543952942,0.20330782234668732,0.17952828109264374,text_101,text,101
17,150,False,2,0.7850973606109619,0.22589755058288574,0.4224035441875458,0.04272448644042015,0.08954831957817078,0.12832622230052948,0.1371316760778427,0.27538785338401794,0.2779810130596161,0.2727990746498108,0.30622997879981995,0.3206944465637207,0.2919309437274933,text_101,text,101
18,100,True,0,1.0673118829727173,0.28221452236175537,0.0,0.0396757498383522,0.0,0.0,0.0,0.0,0.0,0.0,0.0,0.0,0.0,text_101,text,101
19,50,False,1,1.4890689849853516,0.4217571020126343,0.4217571020126343,0.03827850893139839,0.03827850893139839,0.11793199926614761,0.12569399178028107,0.1844216287136078,0.18509432673454285,0.1837499588727951,0.15164098143577576,0.1575748473405838,0.14575208723545074,text_101,text,101
0,999,True,0,-2.6820242404937744,0.0,0.0,0.0,0.0,0.0,0.0,0.0,0.0,0.0,0.0,0.0,0.0,text_202,text,202
1,949,False,1,-2.3891515731811523,0.29287266731262207,0.29287266731262207,0.03394562378525734,0.03394562378525734,0.0058349366299808025,0.03528694435954094,0.11533299088478088,0.11106043308973312,0.11950336396694183,0.24894261360168457,0.3387351334095001,0.177899569272995,text_202,text,202
2,899,False,2,-2.116593599319458,0.27255797386169434,0.5654306411743164,0.03564672917127609,0.060737088322639465,0.012038902379572392,0.047099653631448746,0.22600124776363373,0.22287701070308685,0.22905664145946503,0.4884469211101532,0.6127216815948486,0.3924550414085388,text_202,text,202
3,849,True,0,-1.8629876375198364,0.2536059617996216,0.0,0.050365544855594635,0.0,0.0,0.0,0.0,0.0,0.0,0.0,0.0,0.0,text_202,text,202
4,799,False,1,-1.6268385648727417,0.23614907264709473,0.23614907264709473,0.05027938634157181,0.05027938634157181,0.015436287969350815,0.04808293282985687,0.18332624435424805,0.20739875733852386,0.15941296517848969,0.4101548492908478,0.5457141995429993,0.2966741919517517,text_202,text,202
5,749,False,2,-1.406521201133728,0.22031736373901367,0.4564664363861084,0.05260832607746124,0.09666671603918076,0.032504014670848846,0.06408470124006271,0.3027306795120239,0.325459361076355,0.2801321744918823,0.6053047180175781,0.7443180680274963,0.4809759855270386,text_202,text,202
6,699,True,0,-1.200291395187378,0.2062298059463501,0.0,0.04622642323374748,0.0,0.0,0.0,0.0,0.0,0.0,0.0,0.0,0.0,text_202,text,202
7,649,False,1,-1.006303310394287,0.19398808479309082,0.19398808479309082,0.05054628103971481,0.05054628103971481,0.022976122796535492,0.03842083737254143,0.1604059934616089,0.17155084013938904,0.14929352700710297,0.24904368817806244,0.30648431181907654,0.1960427314043045,text_202,text,202
8,599,False,2,-0.8226233124732971,0.18367999792099,0.3776680827140808,0.051671747118234634,0.10178875923156738,0.04554535076022148,0.06291805952787399,0.28039979934692383,0.291734516620636,0.26910170912742615,0.41046592593193054,0.47835758328437805,0.34704819321632385,text_202,text,202
9,549,True,0,-0.6472349762916565,0.17538833618164062,0.0,0.05457669124007225,0.0,0.0,0.0,0.0,0.0,0.0,0.0,0.0,0.0,text_202,text,202
10,500,False,1,-0.4813636541366577,0.16587132215499878,0.16587132215499878,0.05619088187813759,0.05619088187813759,0.03448530286550522,0.0523553229868412,0.16556301712989807,0.17192712426185608,0.15921394526958466,0.19131624698638916,0.20456883311271667,0.17851975560188293,text_202,text,202
11,450,False,2,-0.31602802872657776,0.16533562541007996,0.33120694756507874,0.05829724669456482,0.11515899747610092,0.06628772616386414,0.08687957376241684,0.2811448872089386,0.2869685888290405,0.27533721923828125,0.3383104205131531,0.359722375869751,0.3173651397228241,text_202,text,202
12,400,True,0,-0.15219885110855103,0.16382917761802673,0.0,0.05732590705156326,0.0,0.0,0.0,0.0,0.0,0.0,0.0,0.0,0.0,text_202,text,202
13,350,False,1,0.012974858283996582,0.1651737093925476,0.1651737093925476,0.05607372149825096,0.05607372149825096,0.03859147056937218,0.054241571575403214,0.14164325594902039,0.1427067071199417,0.14058412611484528,0.14627832174301147,0.1536838561296463,0.13901014626026154,text_202,text,202
14,300,False,2,0.1830180287361145,0.17004317045211792,0.3352168798446655,0.05398087948560715,0.1112297773361206,0.08147845417261124,0.11034070700407028,0.2655380964279175,0.2677607536315918,0.2633238732814789,0.26628413796424866,0.27883070707321167,0.2541411519050598,text_202,text,202
15,250,True,0,0.36269381642341614,0.17967578768730164,0.0,0.05091042071580887,0.0,0.0,0.0,0.0,0.0,0.0,0.0,0.0,0.0,text_202,text,202
16,200,False,1,0.5591998100280762,0.19650599360466003,0.19650599360466003,0.047696664929389954,0.047696664929389954,0.05850434675812721,0.08156372606754303,0.14819291234016418,0.14971919357776642,0.14667239785194397,0.13116919994354248,0.13435937464237213,0.12810784578323364,text_202,text,202
17,150,False,2,0.7850973606109619,0.22589755058288574,0.4224035441875458,0.04454675316810608,0.09288138896226883,0.12652626633644104,0.1566951721906662,0.2843118906021118,0.28786343336105347,0.280770480632782,0.25502827763557434,0.2652112543582916,0.24502655863761902,text_202,text,202
18,100,True,0,1.0673118829727173,0.28221452236175537,0.0,0.04178328812122345,0.0,0.0,0.0,0.0,0.0,0.0,0.0,0.0,0.0,text_202,text,202
19,50,False,1,1.4890689849853516,0.4217571020126343,0.4217571020126343,0.04067222401499748,0.04067222401499748,0.1229209452867508,0.1330052763223648,0.1931186318397522,0.19393877685070038,0.19229987263679504,0.1481279730796814,0.15255850553512573,0.14367902278900146,text_202,text,202
0,999,True,0,-2.6820242404937744,0.0,0.0,0.0,0.0,0.0,0.0,0.0,0.0,0.0,0.0,0.0,0.0,texture_101,texture,101
1,949,False,1,-2.3891515731811523,0.29287266731262207,0.29287266731262207,0.06085909157991409,0.06085909157991409,0.005907848011702299,0.04001346230506897,0.13850629329681396,0.13739755749702454,0.13963188230991364,0.4846489429473877,0.6229953169822693,0.37599414587020874,texture_101,texture,101
2,899,False,2,-2.116593599319458,0.27255797386169434,0.5654306411743164,0.05281641706824303,0.10952630639076233,0.007853546179831028,0.05859214812517166,0.24872881174087524,0.2527671456336975,0.2446347028017044,0.6945107579231262,0.9111925959587097,0.5239167809486389,texture_101,texture,101
3,849,True,0,-1.8629876375198364,0.2536059617996216,0.0,0.042842671275138855,0.0,0.0,0.0,0.0,0.0,0.0,0.0,0.0,0.0,texture_101,texture,101
4,799,False,1,-1.6268385648727417,0.23614907264709473,0.23614907264709473,0.05946578085422516,0.05946578085422516,0.01879940927028656,0.06487876176834106,0.2323746532201767,0.2583780884742737,0.20621152222156525,0.4881194233894348,0.6595582365989685,0.34653982520103455,texture_101,texture,101
5,749,False,2,-1.406521201133728,0.22031736373901367,0.4564664363861084,0.053346749395132065,0.10806643217802048,0.025498317554593086,0.08088233321905136,0.3287503123283386,0.32566574215888977,0.33180153369903564,0.6626954674720764,0.8451109528541565,0.5077975988388062,texture_101,texture,101
6,699,True,0,-1.200291395187378,0.2062298059463501,0.0,0.06422673165798187,0.0,0.0,0.0,0.0,0.0,0.0,0.0,0.0,0.0,texture_101,texture,101
7,649,False,1,-1.006303310394287,0.19398808479309082,0.19398808479309082,0.08405650407075882,0.08405650407075882,0.07719042152166367,0.2320099174976349,0.5891635417938232,0.6184996962547302,0.5598610043525696,0.6578968167304993,0.741824746131897,0.5775627493858337,texture_101,texture,101
8,599,False,2,-0.8226233124732971,0.18367999792099,0.3776680827140808,0.0835554450750351,0.14828458428382874,0.11236684769392014,0.25991639494895935,0.6608274579048157,0.6860265731811523,0.6356544494628906,0.8003721237182617,0.8782758712768555,0.7243308424949646,texture_101,texture,101
9,549,True,0,-0.6472349762916565,0.17538833618164062,0.0,0.07737428694963455,0.0,0.0,0.0,0.0,0.0,0.0,0.0,0.0,0.0,texture_101,texture,101
10,500,False,1,-0.4813636541366577,0.16587132215499878,0.16587132215499878,0.07298387587070465,0.07298387587070465,0.0635155662894249,0.1858912855386734,0.32318317890167236,0.3282500207424164,0.3181203007698059,0.3557438254356384,0.37119540572166443,0.34060993790626526,texture_101,texture,101
11,450,False,2,-0.31602802872657776,0.16533562541007996,0.33120694756507874,0.07187667489051819,0.14280210435390472,0.11480783671140671,0.24222682416439056,0.48733121156692505,0.4999527931213379,0.4746887683868408,0.5806131958961487,0.6128689050674438,0.5493245124816895,texture_101,texture,101
12,400,True,0,-0.15219885110855103,0.16382917761802673,0.0,0.06815166771411896,0.0,0.0,0.0,0.0,0.0,0.0,0.0,0.0,0.0,texture_101,texture,101
13,350,False,1,0.012974858283996582,0.1651737093925476,0.1651737093925476,0.06234652176499367,0.06234652176499367,0.0668097734451294,0.13457609713077545,0.21446478366851807,0.21881011128425598,0.21010638773441315,0.2504076361656189,0.2648138105869293,0.23645123839378357,texture_101,texture,101
14,300,False,2,0.1830180287361145,0.17004317045211792,0.3352168798446655,0.05750957503914833,0.12111292034387589,0.12739801406860352,0.20947349071502686,0.36368492245674133,0.36989825963974,0.35744962096214294,0.4338875710964203,0.45531612634658813,0.4130585491657257,texture_101,texture,101
15,250,True,0,0.36269381642341614,0.17967578768730164,0.0,0.05269676074385643,0.0,0.0,0.0,0.0,0.0,0.0,0.0,0.0,0.0,texture_101,texture,101
16,200,False,1,0.5591998100280762,0.19650599360466003,0.19650599360466003,0.04852212220430374,0.04852212220430374,0.06936132162809372,0.10795719921588898,0.15483242273330688,0.15672773122787476,0.15293224155902863,0.1854768991470337,0.19500410556793213,0.17617112398147583,texture_101,texture,101
17,150,False,2,0.7850973606109619,0.22589755058288574,0.4224035441875458,0.04406195506453514,0.09326568245887756,0.14360854029655457,0.20117458701133728,0.2864150106906891,0.2893051505088806,0.2835204601287842,0.3358204662799835,0.35151758790016174,0.32044702768325806,texture_101,texture,101
18,100,True,0,1.0673118829727173,0.28221452236175537,0.0,0.04063310846686363,0.0,0.0,0.0,0.0,0.0,0.0,0.0,0.0,0.0,texture_101,texture,101
19,50,False,1,1.4890689849853516,0.4217571020126343,0.4217571020126343,0.0384601429104805,0.0384601429104805,0.11863210052251816,0.15324823558330536,0.17394806444644928,0.17402440309524536,0.17387178540229797,0.17780916392803192,0.18472403287887573,0.17102070152759552,texture_101,texture,101
0,999,True,0,-2.6820242404937744,0.0,0.0,0.0,0.0,0.0,0.0,0.0,0.0,0.0,0.0,0.0,0.0,texture_202,texture,202
1,949,False,1,-2.3891515731811523,0.29287266731262207,0.29287266731262207,0.03828306496143341,0.03828306496143341,0.006026614457368851,0.03312453255057335,0.11730785667896271,0.11638018488883972,0.11823277175426483,0.34837988018989563,0.45882710814476013,0.2567136287689209,texture_202,texture,202
2,899,False,2,-2.116593599319458,0.27255797386169434,0.5654306411743164,0.0316171832382679,0.05786736682057381,0.008492328226566315,0.0468808151781559,0.22449703514575958,0.19993621110916138,0.24902231991291046,0.546466588973999,0.6988073587417603,0.42398759722709656,texture_202,texture,202
3,849,True,0,-1.8629876375198364,0.2536059617996216,0.0,0.04288146272301674,0.0,0.0,0.0,0.0,0.0,0.0,0.0,0.0,0.0,texture_202,texture,202
4,799,False,1,-1.6268385648727417,0.23614907264709473,0.23614907264709473,0.10415773838758469,0.10415773838758469,0.04346127808094025,0.1737394481897354,0.44514939188957214,0.4548102021217346,0.4357823431491852,0.8127596378326416,1.0249145030975342,0.6211600303649902,texture_202,texture,202
5,749,False,2,-1.406521201133728,0.22031736373901367,0.4564664363861084,0.11075084656476974,0.1845414638519287,0.06937096267938614,0.1608850508928299,0.6452839374542236,0.6786207556724548,0.6119112968444824,0.9504511952400208,1.0823506116867065,0.8257391452789307,texture_202,texture,202
6,699,True,0,-1.200291395187378,0.2062298059463501,0.0,0.0680764690041542,0.0,0.0,0.0,0.0,0.0,0.0,0.0,0.0,0.0,texture_202,texture,202
7,649,False,1,-1.006303310394287,0.19398808479309082,0.19398808479309082,0.0679343119263649,0.0679343119263649,0.032805658876895905,0.08442255854606628,0.2855982482433319,0.2916977107524872,0.27953779697418213,0.26056674122810364,0.287883460521698,0.2344174087047577,texture_202,texture,202
8,599,False,2,-0.8226233124732971,0.18367999792099,0.3776680827140808,0.07034222781658173,0.1380956470966339,0.08560307323932648,0.15210013091564178,0.5224423408508301,0.5367705821990967,0.5081385970115662,0.499370276927948,0.5431783199310303,0.4567159116268158,texture_202,texture,202
9,549,True,0,-0.6472349762916565,0.17538833618164062,0.0,0.07073014974594116,0.0,0.0,0.0,0.0,0.0,0.0,0.0,0.0,0.0,texture_202,texture,202
10,500,False,1,-0.4813636541366577,0.16587132215499878,0.16587132215499878,0.07026010006666183,0.07026010006666183,0.057527657598257065,0.12955693900585175,0.27837860584259033,0.2897152602672577,0.26707980036735535,0.2593000829219818,0.27906954288482666,0.23989900946617126,texture_202,texture,202
11,450,False,2,-0.31602802872657776,0.16533562541007996,0.33120694756507874,0.07135532796382904,0.1425871104001999,0.10581069439649582,0.18517665565013885,0.43095090985298157,0.4420449435710907,0.419871985912323,0.4307433068752289,0.4598935544490814,0.4020901918411255,texture_202,texture,202
12,400,True,0,-0.15219885110855103,0.16382917761802673,0.0,0.0690818727016449,0.0,0.0,0.0,0.0,0.0,0.0,0.0,0.0,0.0,texture_202,texture,202
13,350,False,1,0.012974858283996582,0.1651737093925476,0.1651737093925476,0.06506034731864929,0.06506034731864929,0.05027240142226219,0.08674435317516327,0.17129260301589966,0.1749701052904129,0.16762496531009674,0.19862516224384308,0.206817626953125,0.1906067132949829,texture_202,texture,202
14,300,False,2,0.1830180287361145,0.17004317045211792,0.3352168798446655,0.06018931046128273,0.12707991898059845,0.09833424538373947,0.14843210577964783,0.29924750328063965,0.30398228764533997,0.2945252060890198,0.35567373037338257,0.3719368577003479,0.3397848606109619,texture_202,texture,202
15,250,True,0,0.36269381642341614,0.17967578768730164,0.0,0.055516280233860016,0.0,0.0,0.0,0.0,0.0,0.0,0.0,0.0,0.0,texture_202,texture,202
16,200,False,1,0.5591998100280762,0.19650599360466003,0.19650599360466003,0.050585485994815826,0.050585485994815826,0.05385971441864967,0.07790843397378922,0.13455955684185028,0.13564705848693848,0.13347524404525757,0.17634351551532745,0.18416814506053925,0.1686926633119583,texture_202,texture,202
17,150,False,2,0.7850973606109619,0.22589755058288574,0.4224035441875458,0.046532291918992996,0.09816648811101913,0.11685589700937271,0.15760594606399536,0.2586411237716675,0.2600652277469635,0.2572212815284729,0.3163861930370331,0.3307024836540222,0.3023972511291504,texture_202,texture,202
18,100,True,0,1.0673118829727173,0.28221452236175537,0.0,0.043240755796432495,0.0,0.0,0.0,0.0,0.0,0.0,0.0,0.0,0.0,texture_202,texture,202
19,50,False,1,1.4890689849853516,0.4217571020126343,0.4217571020126343,0.042042575776576996,0.042042575776576996,0.10897957533597946,0.13452158868312836,0.1711621731519699,0.1714806854724884,0.1708446890115738,0.16771525144577026,0.17878881096839905,0.15689410269260406,texture_202,texture,202
0,999,True,0,-2.6820242404937744,0.0,0.0,0.0,0.0,0.0,0.0,0.0,0.0,0.0,0.0,0.0,0.0,glass_101,glass,101
1,949,False,1,-2.3891515731811523,0.29287266731262207,0.29287266731262207,0.04657648876309395,0.04657648876309395,0.013736327178776264,0.041474878787994385,0.17849400639533997,0.19162069261074066,0.1654539406299591,0.5804135799407959,0.740341305732727,0.45091792941093445,glass_101,glass,101
2,899,False,2,-2.116593599319458,0.27255797386169434,0.5654306411743164,0.0609850212931633,0.09968525916337967,0.038970548659563065,0.08995511382818222,0.34761494398117065,0.37883129715919495,0.3163667321205139,0.8961977958679199,1.072806477546692,0.7449418306350708,glass_101,glass,101
3,849,True,0,-1.8629876375198364,0.2536059617996216,0.0,0.06235945224761963,0.0,0.0,0.0,0.0,0.0,0.0,0.0,0.0,0.0,glass_101,glass,101
4,799,False,1,-1.6268385648727417,0.23614907264709473,0.23614907264709473,0.05917917191982269,0.05917917191982269,0.02401389740407467,0.07178770005702972,0.24710609018802643,0.24867653846740723,0.2455517053604126,0.4570069909095764,0.5274291038513184,0.3948737680912018,glass_101,glass,101
5,749,False,2,-1.406521201133728,0.22031736373901367,0.4564664363861084,0.05699842795729637,0.10783085972070694,0.05151220038533211,0.11826863884925842,0.4147961437702179,0.4197772741317749,0.40989965200424194,0.7068870067596436,0.7745006084442139,0.646462619304657,glass_101,glass,101
6,699,True,0,-1.200291395187378,0.2062298059463501,0.0,0.0720992311835289,0.0,0.0,0.0,0.0,0.0,0.0,0.0,0.0,0.0,glass_101,glass,101
7,649,False,1,-1.006303310394287,0.19398808479309082,0.19398808479309082,0.07142607122659683,0.07142607122659683,0.017917020246386528,0.043425753712654114,0.1365717500448227,0.13905341923236847,0.13409149646759033,0.20725998282432556,0.23644804954528809,0.1803862452507019,glass_101,glass,101
8,599,False,2,-0.8226233124732971,0.18367999792099,0.3776680827140808,0.07311762124300003,0.14577864110469818,0.037204816937446594,0.06546076387166977,0.26424846053123474,0.2753310203552246,0.2531566321849823,0.4039892256259918,0.45144006609916687,0.35910895466804504,glass_101,glass,101
9,549,True,0,-0.6472349762916565,0.17538833618164062,0.0,0.07305629551410675,0.0,0.0,0.0,0.0,0.0,0.0,0.0,0.0,0.0,glass_101,glass,101
10,500,False,1,-0.4813636541366577,0.16587132215499878,0.16587132215499878,0.07174861431121826,0.07174861431121826,0.016686690971255302,0.027798248454928398,0.10372421145439148,0.10598886758089066,0.10146106779575348,0.16026419401168823,0.1751355677843094,0.14585217833518982,glass_101,glass,101
11,450,False,2,-0.31602802872657776,0.16533562541007996,0.33120694756507874,0.07220595329999924,0.14655695855617523,0.03636205196380615,0.05266975238919258,0.20020626485347748,0.20391972362995148,0.19649887084960938,0.2975841760635376,0.3245834410190582,0.27120593190193176,glass_101,glass,101
12,400,True,0,-0.15219885110855103,0.16382917761802673,0.0,0.06939768046140671,0.0,0.0,0.0,0.0,0.0,0.0,0.0,0.0,0.0,glass_101,glass,101
13,350,False,1,0.012974858283996582,0.1651737093925476,0.1651737093925476,0.06557546555995941,0.06557546555995941,0.02081722393631935,0.033844463527202606,0.1003667414188385,0.10146114230155945,0.09927405416965485,0.12178008258342743,0.13496258854866028,0.10856872797012329,glass_101,glass,101
14,300,False,2,0.1830180287361145,0.17004317045211792,0.3352168798446655,0.06113895773887634,0.12888528406620026,0.04764777794480324,0.06895359605550766,0.19885186851024628,0.20090621709823608,0.19680073857307434,0.22669392824172974,0.24778512120246887,0.20537056028842926,glass_101,glass,101
15,250,True,0,0.36269381642341614,0.17967578768730164,0.0,0.05663175880908966,0.0,0.0,0.0,0.0,0.0,0.0,0.0,0.0,0.0,glass_101,glass,101
16,200,False,1,0.5591998100280762,0.19650599360466003,0.19650599360466003,0.05174390599131584,0.05174390599131584,0.03762521222233772,0.046367768198251724,0.11746954172849655,0.11893494427204132,0.1160062775015831,0.11335745453834534,0.11932171136140823,0.10728388279676437,glass_101,glass,101
17,150,False,2,0.7850973606109619,0.22589755058288574,0.4224035441875458,0.04704189673066139,0.09996712952852249,0.08665930479764938,0.0975419357419014,0.2375517338514328,0.24019880592823029,0.2349083423614502,0.22209368646144867,0.23342876136302948,0.21057182550430298,glass_101,glass,101
18,100,True,0,1.0673118829727173,0.28221452236175537,0.0,0.04294461011886597,0.0,0.0,0.0,0.0,0.0,0.0,0.0,0.0,0.0,glass_101,glass,101
19,50,False,1,1.4890689849853516,0.4217571020126343,0.4217571020126343,0.04026682302355766,0.04026682302355766,0.10240526497364044,0.10926493257284164,0.18341206014156342,0.1840723156929016,0.1827521175146103,0.14836472272872925,0.1541958749294281,0.14246129989624023,glass_101,glass,101
0,999,True,0,-2.6820242404937744,0.0,0.0,0.0,0.0,0.0,0.0,0.0,0.0,0.0,0.0,0.0,0.0,glass_202,glass,202
1,949,False,1,-2.3891515731811523,0.29287266731262207,0.29287266731262207,0.03317374363541603,0.03317374363541603,0.004962497856467962,0.041653793305158615,0.10650943219661713,0.10318955034017563,0.10980594158172607,0.30186423659324646,0.37664300203323364,0.24014407396316528,glass_202,glass,202
2,899,False,2,-2.116593599319458,0.27255797386169434,0.5654306411743164,0.04379943758249283,0.06680784374475479,0.01883341185748577,0.07154031842947006,0.2522711753845215,0.25260597467422485,0.25193649530410767,0.789424479007721,0.9447473287582397,0.6574535369873047,glass_202,glass,202
3,849,True,0,-1.8629876375198364,0.2536059617996216,0.0,0.0531468540430069,0.0,0.0,0.0,0.0,0.0,0.0,0.0,0.0,0.0,glass_202,glass,202
4,799,False,1,-1.6268385648727417,0.23614907264709473,0.23614907264709473,0.04824010282754898,0.04824010282754898,0.026876963675022125,0.09854371100664139,0.2790960371494293,0.31178590655326843,0.246484637260437,0.6791254281997681,0.8028106689453125,0.5539034605026245,glass_202,glass,202
5,749,False,2,-1.406521201133728,0.22031736373901367,0.4564664363861084,0.0707835778594017,0.09761553257703781,0.04694366827607155,0.09286467730998993,0.40807268023490906,0.4320656359195709,0.38405370712280273,0.7107676863670349,0.8226592540740967,0.6016227006912231,glass_202,glass,202
6,699,True,0,-1.200291395187378,0.2062298059463501,0.0,0.05895913019776344,0.0,0.0,0.0,0.0,0.0,0.0,0.0,0.0,0.0,glass_202,glass,202
7,649,False,1,-1.006303310394287,0.19398808479309082,0.19398808479309082,0.061948470771312714,0.061948470771312714,0.03219054266810417,0.10087881237268448,0.24432645738124847,0.25818008184432983,0.23050598800182343,0.3930836021900177,0.4173893928527832,0.36805248260498047,glass_202,glass,202
8,599,False,2,-0.8226233124732971,0.18367999792099,0.3776680827140808,0.06643703579902649,0.12233372032642365,0.056024182587862015,0.1345733106136322,0.3753933012485504,0.3899202048778534,0.3609386682510376,0.6608872413635254,0.7141960859298706,0.6068293452262878,glass_202,glass,202
9,549,True,0,-0.6472349762916565,0.17538833618164062,0.0,0.06612179428339005,0.0,0.0,0.0,0.0,0.0,0.0,0.0,0.0,0.0,glass_202,glass,202
10,500,False,1,-0.4813636541366577,0.16587132215499878,0.16587132215499878,0.06488288938999176,0.06488288938999176,0.023234417662024498,0.045190997421741486,0.1344689577817917,0.1412402093410492,0.12770935893058777,0.21564120054244995,0.22986066341400146,0.2012142390012741,glass_202,glass,202
11,450,False,2,-0.31602802872657776,0.16533562541007996,0.33120694756507874,0.0656186044216156,0.1315881609916687,0.0426131933927536,0.07166806608438492,0.22746902704238892,0.2346043884754181,0.2203480750322342,0.35364243388175964,0.3734663426876068,0.3336004316806793,glass_202,glass,202
12,400,True,0,-0.15219885110855103,0.16382917761802673,0.0,0.06348977237939835,0.0,0.0,0.0,0.0,0.0,0.0,0.0,0.0,0.0,glass_202,glass,202
13,350,False,1,0.012974858283996582,0.1651737093925476,0.1651737093925476,0.06127326935529709,0.06127326935529709,0.023497240617871284,0.038888100534677505,0.1074366495013237,0.10841034352779388,0.10646449029445648,0.13270938396453857,0.13789378106594086,0.12748795747756958,glass_202,glass,202
14,300,False,2,0.1830180287361145,0.17004317045211792,0.3352168798446655,0.05838881433010101,0.12117365002632141,0.05168136954307556,0.07762208580970764,0.210367813706398,0.2116028368473053,0.20913492143154144,0.2480792999267578,0.25672638416290283,0.23937173187732697,glass_202,glass,202
15,250,True,0,0.36269381642341614,0.17967578768730164,0.0,0.055031247437000275,0.0,0.0,0.0,0.0,0.0,0.0,0.0,0.0,0.0,glass_202,glass,202
16,200,False,1,0.5591998100280762,0.19650599360466003,0.19650599360466003,0.05165685713291168,0.05165685713291168,0.0385424979031086,0.05273275822401047,0.12148493528366089,0.1225665882229805,0.1204049214720726,0.11287300288677216,0.1172582358121872,0.10846701264381409,glass_202,glass,202
17,150,False,2,0.7850973606109619,0.22589755058288574,0.4224035441875458,0.048464201390743256,0.10095798224210739,0.09036602079868317,0.11020879447460175,0.24711798131465912,0.24930739402770996,0.24493096768856049,0.22067523002624512,0.2283199578523636,0.21299497783184052,glass_202,glass,202
18,100,True,0,1.0673118829727173,0.28221452236175537,0.0,0.04587399587035179,0.0,0.0,0.0,0.0,0.0,0.0,0.0,0.0,0.0,glass_202,glass,202
19,50,False,1,1.4890689849853516,0.4217571020126343,0.4217571020126343,0.04456648230552673,0.04456648230552673,0.10368610173463821,0.11716107279062271,0.19000527262687683,0.19089242815971375,0.18911835551261902,0.1424865424633026,0.14731815457344055,0.13762524724006653,glass_202,glass,202
